Crop,Season,Agro_Zone,mean_temp,rain_avg,Sand_pct,Silt_pct,Clay_pct,N_kg_ha,P_kg_ha,K_kg_ha,Humidity_pct,pH
Sugarcane,Kharif,5,25.44,104.59,49.05,29.2,21.75,193.3,83.2,70.4,66.0,6.75
Maize,Kharif,8,25.16,78.01,21.27,30.42,48.31,135.0,57.4,57.6,65.4,6.85
Wheat,Rabi,4,21.86,26.85,30.8,42.43,26.77,78.3,32.1,28.5,58.1,7.43
Rice,Kharif,2,30.5,110.73,36.68,33.47,29.85,90.1,33.4,28.0,72.8,4.61
Wheat,Rabi,4,19.96,33.01,36.96,29.24,33.8,105.1,43.6,37.3,66.8,6.22
Sugarcane,Kharif,2,36.52,134.96,24.19,39.02,36.79,205.5,70.9,74.0,67.6,6.44
Rice,Kharif,2,33.84,173.32,26.51,35.08,38.41,136.4,51.8,56.1,86.1,5.25
Sugarcane,Kharif,5,34.81,123.43,46.34,31.19,22.47,215.0,99.5,91.2,62.9,6.66
Rice,Kharif,14,27.41,163.8,47.68,29.14,23.18,143.5,47.9,52.2,94.9,5.13
Maize,Kharif,9,28.22,105.83,34.21,37.46,28.33,89.4,38.4,33.6,75.8,7.48
Maize,Kharif,8,24.13,71.62,22.94,24.46,52.6,81.8,36.6,34.4,52.2,6.85
Wheat,Rabi,3,20.83,48.84,24.08,38.63,37.29,69.5,31.9,29.3,59.2,7.15
Wheat,Rabi,3,16.7,48.93,34.31,38.54,27.15,142.0,56.5,50.4,40.0,6.34
Maize,Kharif,5,20.46,76.6,42.12,39.32,18.56,117.7,43.6,43.9,73.8,6.43
Wheat,Rabi,5,21.13,40.94,41.28,35.9,22.82,136.5,50.5,53.7,66.5,7.44
Wheat,Rabi,3,17.93,69.08,29.75,40.8,29.45,88.1,36.2,27.1,42.3,7.09
Rice,Kharif,1,27.9,186.84,47.05,31.5,21.45,86.0,31.9,25.2,78.3,5.3
Maize,Kharif,6,18.12,51.2,35.35,32.25,32.4,81.4,35.2,34.9,53.8,5.87
Maize,Kharif,9,20.27,63.7,36.18,37.2,26.62,94.8,38.1,35.5,56.7,6.54
Rice,Kharif,14,23.05,145.18,47.79,29.03,23.18,85.0,33.6,26.0,85.4,5.66
Rice,Kharif,6,31.78,135.64,39.05,27.59,33.36,149.8,47.2,52.6,75.1,4.82
Maize,Kharif,5,27.64,56.88,44.3,28.0,27.7,82.6,37.7,34.9,73.6,6.12
Maize,Rabi,6,25.17,55.14,39.4,31.75,28.85,86.7,30.1,35.7,67.1,6.32
Rice,Kharif,10,31.59,158.7,30.48,34.51,35.01,82.6,34.9,27.1,77.8,5.8
Wheat,Rabi,3,19.95,29.29,31.94,46.58,21.48,77.5,31.9,29.6,57.6,6.47
Wheat,Rabi,13,12.77,62.11,57.04,22.94,20.02,61.7,30.7,35.7,46.8,6.67
Maize,Kharif,0,23.25,58.72,45.43,32.44,22.13,120.9,43.3,46.1,62.9,7.47
Rice,Kharif,1,32.28,183.22,44.49,29.3,26.21,138.0,51.3,48.6,83.9,4.73
Rice,Kharif,11,27.38,184.74,43.11,30.44,26.45,133.9,54.7,55.7,84.2,5.96
Rice,Kharif,6,24.47,178.3,37.48,24.9,37.62,137.4,54.9,49.1,86.6,4.83
Rice,Kharif,10,25.72,137.46,25.33,41.19,33.48,101.5,31.1,34.3,80.2,6.32
Maize,Kharif,8,20.98,65.33,23.41,36.82,39.77,148.9,59.2,50.6,59.1,6.53
Maize,Rabi,5,26.55,73.37,48.45,35.31,16.24,98.8,35.3,30.5,73.8,7.25
Maize,Rabi,5,28.44,73.37,47.93,28.62,23.45,86.2,36.9,30.0,64.2,6.76
Rice,Kharif,1,30.82,152.36,40.84,38.16,21.0,143.9,47.2,49.1,81.2,5.18
Rice,Kharif,3,28.3,125.87,28.99,36.68,34.33,123.0,40.7,48.4,84.8,5.11
Rice,Kharif,2,30.75,143.62,21.88,41.28,36.84,94.2,33.0,28.5,72.6,5.26
Wheat,Rabi,13,19.32,67.72,58.71,25.5,15.79,106.2,38.5,46.6,49.9,7.43
Rice,Kharif,10,35.14,161.55,36.6,39.84,23.56,118.7,44.8,43.2,84.2,4.57
Maize,Kharif,4,25.31,50.56,42.1,40.54,17.36,126.7,42.0,40.0,55.8,7.18
Sugarcane,Kharif,5,28.13,163.09,44.71,38.49,16.8,141.7,69.2,57.6,74.7,6.52
Wheat,Rabi,12,19.86,69.65,36.25,31.55,32.2,67.0,34.0,29.7,46.5,6.54
Sugarcane,Kharif,11,34.99,152.99,44.71,29.13,26.16,148.6,62.6,60.4,80.0,7.09
Rice,Kharif,10,34.05,117.66,27.23,40.89,31.88,139.4,46.0,49.1,74.9,6.43
Sugarcane,Kharif,2,33.75,121.41,35.23,38.58,26.19,209.7,99.9,86.2,65.3,6.8
Rice,Kharif,6,33.15,171.23,37.75,31.42,30.83,102.3,26.3,26.8,85.9,5.52
Rice,Kharif,10,26.34,172.37,24.98,43.7,31.32,144.6,48.1,54.1,81.8,6.49
Wheat,Rabi,8,23.64,26.94,27.85,23.15,49.0,149.1,54.5,55.7,64.7,6.79
Wheat,Rabi,12,14.05,55.09,40.66,28.3,31.04,65.6,28.7,29.9,65.9,6.84
Wheat,Rabi,4,12.17,62.32,39.12,30.97,29.91,88.7,29.5,34.9,60.0,6.53
Maize,Kharif,9,18.25,86.78,32.89,24.79,42.32,137.8,58.8,55.9,73.6,6.58
Sugarcane,Kharif,2,22.68,139.31,27.64,40.3,32.06,234.6,99.3,97.6,73.4,6.67
Rice,Kharif,3,27.44,178.65,33.35,35.64,31.01,103.7,36.1,38.1,72.3,4.95
Wheat,Rabi,5,21.62,59.5,38.7,38.36,22.94,65.3,32.9,36.4,60.0,6.45
Sugarcane,Kharif,5,36.93,97.22,47.2,30.94,21.86,170.6,75.6,76.2,79.1,6.04
Rice,Kharif,11,34.29,183.38,37.42,35.46,27.12,127.6,50.9,48.6,81.7,4.6
Sugarcane,Kharif,9,33.03,165.2,31.08,37.09,31.83,211.9,92.0,95.5,80.0,6.2
Sugarcane,Kharif,3,26.43,142.89,27.47,36.78,35.75,231.1,88.2,98.6,69.6,7.16
Sugarcane,Kharif,3,29.77,110.17,34.2,35.25,30.55,177.0,75.7,79.2,70.5,7.39
Rice,Kharif,10,29.18,183.02,27.59,39.09,33.32,132.5,53.8,58.0,73.7,5.06
Rice,Kharif,2,32.31,163.56,27.7,40.03,32.27,137.1,47.7,52.4,86.3,6.48
Wheat,Rabi,8,13.98,30.93,15.37,30.0,54.63,142.1,54.7,55.3,59.8,7.23
Wheat,Rabi,3,18.09,55.48,34.26,33.99,31.75,120.3,38.3,46.3,45.1,7.25
Wheat,Rabi,8,23.9,27.77,24.34,28.6,47.06,106.3,46.8,45.3,64.5,6.77
Wheat,Rabi,12,17.15,63.02,47.31,24.24,28.45,106.9,40.7,40.3,46.0,6.23
Sugarcane,Kharif,10,34.18,126.16,36.22,37.23,26.55,221.6,87.0,86.4,65.6,6.51
Wheat,Rabi,4,17.93,58.96,36.88,35.84,27.28,105.1,43.0,42.3,41.1,6.8
Rice,Kharif,11,28.95,142.78,44.13,36.89,18.98,85.9,33.2,29.4,90.0,6.0
Rice,Kharif,3,23.24,136.03,34.4,42.31,23.29,106.0,43.6,38.4,84.6,5.74
Rice,Kharif,2,27.45,149.18,31.85,35.07,33.08,107.5,35.5,43.5,74.1,6.01
Rice,Kharif,14,32.43,171.67,54.96,28.36,16.68,116.1,35.3,45.4,91.2,6.47
Wheat,Rabi,3,18.65,38.75,31.26,35.15,33.59,135.1,59.9,58.3,49.9,6.67
Sugarcane,Kharif,3,35.52,132.99,32.38,31.06,36.56,162.8,57.7,56.8,71.3,6.61
Wheat,Rabi,7,21.48,26.04,28.59,29.22,42.19,123.4,58.2,59.0,57.5,7.16
Wheat,Rabi,8,16.61,66.97,17.12,31.22,51.66,74.2,31.7,28.1,40.1,6.01
Rice,Kharif,6,31.43,106.16,34.3,32.0,33.7,112.5,39.7,46.7,92.6,4.74
Wheat,Rabi,3,19.86,69.63,29.84,45.43,24.73,100.7,37.4,45.6,40.2,6.12
Wheat,Rabi,3,14.47,60.45,27.36,39.57,33.07,73.8,30.6,35.6,56.1,6.17
Sugarcane,Kharif,4,32.81,167.44,44.61,32.38,23.01,244.0,92.9,88.0,62.3,6.36
Maize,Rabi,4,31.13,85.68,38.39,42.37,19.24,85.8,35.1,30.1,73.1,5.68
Sugarcane,Kharif,4,27.22,164.56,37.52,40.0,22.48,239.0,97.9,89.8,64.6,6.47
Wheat,Rabi,12,12.17,58.2,31.17,37.25,31.58,109.9,45.7,46.6,63.0,7.11
Maize,Kharif,7,21.81,57.73,22.97,32.91,44.12,130.1,59.7,58.2,71.6,7.04
Wheat,Rabi,8,13.24,51.31,21.62,36.24,42.14,129.9,59.7,55.2,58.6,6.6
Rice,Kharif,2,30.07,166.65,20.38,41.1,38.52,128.9,49.7,50.5,89.4,5.71
Sugarcane,Kharif,11,30.44,94.11,48.35,23.89,27.76,182.1,78.4,82.3,77.9,7.05
Sugarcane,Kharif,9,31.09,94.55,38.74,29.76,31.5,120.6,66.1,56.4,83.4,7.3
Wheat,Rabi,7,18.54,59.13,20.91,38.77,40.32,67.6,35.9,31.5,60.6,6.03
Sugarcane,Kharif,4,37.52,161.37,34.46,37.55,27.99,197.8,76.1,78.5,83.4,6.55
Maize,Rabi,4,23.57,69.35,36.65,37.53,25.82,90.9,31.7,31.4,79.4,5.77
Rice,Kharif,6,27.57,139.62,42.68,33.2,24.12,139.4,45.6,56.5,73.6,5.66
Rice,Kharif,11,35.38,174.13,48.87,27.16,23.97,96.9,28.5,25.7,88.3,5.68
Wheat,Rabi,8,20.36,47.31,28.2,30.76,41.04,113.1,44.6,45.7,66.0,6.66
Rice,Kharif,14,29.29,137.66,55.56,23.82,20.62,139.7,50.7,50.9,80.2,5.69
Sugarcane,Kharif,3,26.47,130.23,29.94,38.88,31.18,203.9,83.6,71.2,79.3,7.39
Maize,Kharif,8,25.0,95.92,23.59,27.38,49.03,131.6,51.6,58.6,61.8,6.03
Rice,Kharif,10,25.66,166.78,27.91,46.31,25.78,143.6,48.3,58.9,73.2,6.21
Sugarcane,Kharif,3,22.77,157.62,31.27,37.92,30.81,194.0,71.4,83.8,71.1,6.88
Wheat,Rabi,5,21.98,62.9,45.79,35.74,18.47,107.5,41.6,43.1,49.2,6.95
Wheat,Rabi,5,23.16,48.95,44.5,28.74,26.76,114.9,42.8,38.0,55.4,6.13
Rice,Kharif,1,35.28,119.1,34.88,36.69,28.43,121.7,36.9,37.6,84.0,5.45
Wheat,Rabi,12,19.23,41.42,37.42,31.92,30.66,112.8,43.9,40.1,49.6,6.85
Maize,Rabi,8,22.03,58.91,24.7,29.1,46.2,102.1,39.1,34.5,69.6,6.93
Wheat,Rabi,13,22.55,67.51,54.68,31.4,13.92,118.5,44.3,43.8,52.0,6.92
Maize,Kharif,9,29.5,81.98,37.25,36.52,26.23,94.4,34.6,30.4,75.4,6.7
Maize,Kharif,8,23.78,75.42,19.47,31.11,49.42,83.9,38.9,36.5,70.4,5.63
Sugarcane,Kharif,12,34.21,145.6,46.46,31.5,22.04,229.5,98.8,94.6,66.1,7.09
Sugarcane,Kharif,3,27.8,108.04,35.19,34.04,30.77,175.0,81.0,82.6,82.4,6.75
Sugarcane,Kharif,12,25.68,122.12,29.17,40.68,30.15,151.6,55.0,64.3,70.2,7.31
Sugarcane,Kharif,2,37.19,152.67,35.34,33.99,30.67,143.5,57.8,55.5,68.8,7.36
Rice,Kharif,14,24.86,166.81,44.31,30.79,24.9,147.3,47.8,50.7,77.6,5.7
Maize,Kharif,8,31.67,97.52,24.88,28.49,46.63,85.5,38.7,38.6,65.1,5.83
Wheat,Rabi,5,15.57,50.43,46.83,37.59,15.58,134.0,48.6,51.3,58.7,7.31
Sugarcane,Kharif,12,25.46,86.11,31.36,39.99,28.65,149.6,69.4,56.2,74.3,7.13
Maize,Kharif,5,18.66,95.14,43.08,33.05,23.87,133.0,59.0,53.3,75.9,5.83
Sugarcane,Kharif,12,36.85,117.73,44.13,35.37,20.5,245.1,97.7,88.3,81.7,6.67
Wheat,Rabi,12,20.62,36.13,32.57,34.88,32.55,135.1,48.6,48.6,57.2,7.0
Wheat,Rabi,8,18.46,48.59,25.2,22.07,52.73,112.9,44.6,45.5,63.4,7.26
Maize,Kharif,7,31.94,58.5,18.86,37.89,43.25,123.6,42.8,46.9,65.1,7.2
Wheat,Rabi,7,22.93,45.9,19.97,26.39,53.64,133.5,57.6,55.8,42.1,6.51
Rice,Kharif,1,25.4,144.78,37.59,41.06,21.35,138.2,47.9,56.8,78.3,5.96
Sugarcane,Kharif,5,23.46,121.7,44.23,37.41,18.36,128.9,64.6,67.9,64.8,6.31
Sugarcane,Kharif,2,22.26,151.7,20.7,33.36,45.94,146.1,69.1,69.8,69.0,6.87
Sugarcane,Kharif,12,27.18,110.03,44.58,25.17,30.25,165.7,72.8,79.9,76.5,6.7
Rice,Kharif,2,29.65,169.25,30.75,41.29,27.96,86.6,27.9,29.4,93.5,6.32
Sugarcane,Kharif,4,28.33,143.21,39.41,35.79,24.8,124.3,69.8,60.9,75.3,6.43
Rice,Kharif,10,34.9,122.61,35.0,35.25,29.75,134.4,45.5,51.6,91.4,5.47
Wheat,Rabi,8,19.13,47.35,23.56,29.0,47.44,111.7,44.8,48.3,67.6,6.2
Maize,Rabi,0,30.76,93.94,46.78,35.65,17.57,99.9,31.2,34.3,73.2,6.22
Maize,Kharif,9,25.18,65.08,37.24,35.15,27.61,127.9,55.0,55.5,63.6,6.44
Wheat,Rabi,4,19.17,51.77,44.58,32.05,23.37,128.7,57.5,53.0,49.2,6.5
Sugarcane,Kharif,2,30.6,132.19,27.55,33.56,38.89,128.1,63.3,65.3,73.6,6.15
Rice,Kharif,1,31.49,117.31,44.41,34.43,21.16,124.8,38.4,42.0,78.8,5.74
Wheat,Rabi,8,17.57,68.36,16.21,32.8,50.99,135.8,59.7,49.9,53.6,7.02
Sugarcane,Kharif,12,23.78,143.6,50.0,24.45,25.55,241.5,96.9,96.4,66.7,7.23
Maize,Kharif,8,18.71,48.29,17.4,27.06,55.54,126.9,58.1,50.9,71.6,6.39
Maize,Rabi,7,26.39,105.56,21.31,31.15,47.54,81.8,30.7,38.4,53.3,6.29
Rice,Kharif,2,28.78,102.44,33.6,29.26,37.14,104.4,39.5,43.1,82.3,5.09
Rice,Kharif,11,31.33,170.77,48.83,26.61,24.56,103.3,39.9,48.3,81.3,4.51
Sugarcane,Kharif,10,30.39,100.15,27.58,37.07,35.35,144.7,68.2,64.7,63.0,6.55
Sugarcane,Kharif,9,25.45,143.53,38.68,26.85,34.47,152.8,69.7,60.1,80.3,6.62
Maize,Kharif,4,19.81,77.27,28.19,41.58,30.23,86.9,37.8,30.3,58.2,7.28
Rice,Kharif,1,34.74,124.07,43.12,33.09,23.79,101.4,33.6,34.1,90.7,4.66
Maize,Kharif,9,24.07,71.68,37.68,34.66,27.66,131.4,51.3,56.2,65.5,6.11
Maize,Kharif,6,28.13,107.45,38.84,27.44,33.72,108.4,40.9,49.3,56.0,6.4
Rice,Kharif,2,25.22,140.26,35.73,35.13,29.14,110.2,41.8,40.5,76.8,5.88
Maize,Kharif,5,28.62,104.52,40.81,34.14,25.05,125.2,43.8,40.7,68.5,7.47
Maize,Rabi,9,31.86,73.3,27.98,42.65,29.37,113.7,48.2,49.0,63.3,5.59
Rice,Kharif,6,23.82,153.84,43.61,25.88,30.51,92.0,31.0,28.1,85.8,4.63
Rice,Kharif,3,31.99,171.55,25.3,44.73,29.97,90.8,26.1,32.5,75.8,4.71
Sugarcane,Kharif,10,34.03,98.83,38.93,33.9,27.17,168.1,73.7,72.0,77.9,6.34
Rice,Kharif,10,29.41,126.99,30.66,36.02,33.32,100.8,28.4,33.5,85.7,5.37
Maize,Kharif,0,20.79,89.08,55.85,26.76,17.39,127.4,56.4,54.2,51.9,7.22
Wheat,Rabi,12,18.5,31.94,41.62,35.07,23.31,99.0,39.6,38.9,54.6,6.81
Sugarcane,Kharif,2,36.24,155.6,27.72,40.13,32.15,237.9,94.0,90.0,61.9,6.16
Rice,Kharif,6,25.51,108.34,29.99,31.83,38.18,91.1,25.6,27.0,84.2,6.14
Rice,Kharif,3,32.27,162.7,25.04,41.75,33.21,137.1,46.4,52.9,79.5,4.97
Wheat,Rabi,12,20.44,68.66,40.3,34.73,24.97,88.7,25.6,30.8,51.1,6.35
Sugarcane,Kharif,5,30.91,98.76,45.76,36.07,18.17,202.3,84.7,81.9,77.2,7.44
Rice,Kharif,11,23.72,151.16,39.57,31.54,28.89,101.4,28.6,28.7,87.0,4.92
Sugarcane,Kharif,9,22.27,152.17,38.13,34.38,27.49,180.6,76.9,83.7,82.0,7.29
Sugarcane,Kharif,11,30.02,113.0,38.63,31.05,30.32,168.8,82.3,79.1,75.6,7.19
Sugarcane,Kharif,3,33.22,143.04,36.37,35.41,28.22,213.7,98.3,89.2,71.4,6.71
Wheat,Rabi,12,19.5,41.81,35.19,38.59,26.22,87.9,27.5,33.4,39.5,6.94
Wheat,Rabi,3,20.92,63.16,28.97,35.7,35.33,66.9,35.9,25.5,54.4,7.47
Maize,Kharif,0,27.93,48.75,53.5,26.9,19.6,90.2,36.3,38.5,52.1,7.11
Wheat,Rabi,8,21.32,59.69,25.98,28.43,45.59,117.9,43.9,46.0,63.3,7.14
Maize,Rabi,0,27.52,51.43,54.34,31.37,14.29,120.2,46.0,42.1,63.8,6.99
Maize,Kharif,6,21.83,114.35,45.51,22.71,31.78,119.7,41.6,41.4,60.6,6.82
Wheat,Rabi,3,19.08,46.6,30.54,37.64,31.82,108.6,48.2,43.8,50.6,7.18
Maize,Kharif,7,18.57,54.22,29.86,27.0,43.14,96.4,35.8,33.5,56.1,6.3
Sugarcane,Kharif,9,32.15,81.6,32.47,28.56,38.97,153.3,59.3,59.8,78.1,7.25
Rice,Kharif,2,33.71,173.86,24.71,42.82,32.47,131.7,45.9,53.8,83.0,5.2
Wheat,Rabi,7,21.28,58.65,26.64,29.27,44.09,146.7,58.0,55.7,42.5,6.33
Wheat,Rabi,3,19.25,55.9,34.89,40.25,24.86,132.7,57.1,49.3,41.4,6.58
Rice,Kharif,14,23.78,182.43,51.0,29.49,19.51,120.2,40.8,47.8,86.2,4.89
Wheat,Rabi,3,19.18,26.5,35.63,32.48,31.89,149.0,58.3,49.8,48.9,7.1
Sugarcane,Kharif,10,23.2,89.7,35.32,41.36,23.32,209.0,99.6,85.4,69.6,7.41
Wheat,Rabi,8,22.57,64.23,14.91,29.02,56.07,64.8,34.4,34.6,38.9,7.24
Maize,Kharif,7,26.75,109.05,28.71,28.46,42.83,93.9,38.7,31.2,74.1,5.58
Maize,Kharif,8,24.88,118.16,15.83,37.32,46.85,125.9,47.2,47.9,60.0,6.69
Maize,Kharif,4,21.04,64.06,45.67,32.1,22.23,90.7,39.7,31.7,64.7,7.43
Wheat,Rabi,4,16.5,46.33,41.52,30.53,27.95,64.5,25.4,36.2,51.3,7.49
Sugarcane,Kharif,10,33.99,129.74,33.46,34.52,32.02,186.9,83.3,78.2,71.2,6.46
Wheat,Rabi,4,16.59,61.98,36.22,41.65,22.13,87.9,32.4,28.7,57.8,7.19
Sugarcane,Kharif,3,32.62,116.45,32.54,34.36,33.1,177.8,74.4,83.2,61.1,7.18
Rice,Kharif,2,23.72,174.97,30.92,28.84,40.24,84.7,31.1,27.6,82.5,5.02
Maize,Kharif,9,18.32,63.29,36.48,29.87,33.65,102.5,38.4,37.0,54.6,7.22
Rice,Kharif,14,28.04,112.45,54.28,24.95,20.77,123.5,39.2,40.2,89.0,6.21
Rice,Kharif,10,24.76,187.97,35.17,36.67,28.16,122.5,38.8,37.6,94.2,4.83
Maize,Kharif,0,21.48,94.59,46.93,35.08,17.99,110.5,48.8,41.5,71.3,5.52
Maize,Rabi,0,31.19,111.59,54.27,27.68,18.05,96.4,34.3,31.1,53.1,6.99
Wheat,Rabi,8,13.13,39.01,12.2,34.0,53.8,130.6,53.8,56.0,67.4,6.26
Maize,Rabi,9,22.83,52.99,35.08,31.29,33.63,149.8,52.1,55.8,64.8,7.04
Rice,Kharif,6,27.11,107.83,44.52,23.76,31.72,147.9,45.2,57.8,79.0,6.43
Wheat,Rabi,8,15.1,55.36,23.49,28.9,47.61,60.1,33.3,34.6,46.9,7.08
Wheat,Rabi,13,17.12,60.99,59.78,19.61,20.61,77.4,28.4,33.2,48.5,6.7
Sugarcane,Kharif,3,31.27,134.32,31.92,39.0,29.08,247.1,95.8,96.5,70.1,6.46
Sugarcane,Kharif,4,36.47,91.25,36.29,37.55,26.16,163.9,75.3,81.2,83.7,6.86
Wheat,Rabi,12,20.91,58.21,34.82,38.28,26.9,106.2,39.7,40.9,53.6,6.1
Maize,Rabi,0,27.08,99.4,53.52,31.43,15.05,125.5,47.6,42.0,56.3,7.27
Sugarcane,Kharif,4,31.15,158.7,34.82,31.07,34.11,200.4,85.0,80.2,71.9,7.42
Maize,Kharif,7,28.58,93.01,29.29,37.23,33.48,147.5,55.7,58.1,53.6,6.47
Sugarcane,Kharif,12,31.94,95.71,48.71,24.15,27.14,202.8,70.0,77.5,78.9,6.07
Maize,Kharif,8,25.26,55.49,16.38,25.25,58.37,113.3,46.3,47.3,65.4,5.98
Wheat,Rabi,4,12.07,29.54,33.02,44.92,22.06,104.3,38.3,45.0,64.1,7.02
Maize,Rabi,6,30.75,106.07,45.07,26.22,28.71,107.6,43.5,49.4,65.6,7.04
Maize,Kharif,4,27.25,99.78,39.33,42.36,18.31,112.4,48.0,48.1,63.6,6.87
Maize,Rabi,6,18.49,68.99,40.39,34.63,24.98,98.8,34.9,31.3,67.9,6.71
Sugarcane,Kharif,9,31.61,123.23,34.17,31.48,34.35,217.6,91.5,92.2,64.9,7.12
Sugarcane,Kharif,9,33.94,167.13,38.16,34.53,27.31,217.9,86.8,87.2,85.0,6.8
Maize,Kharif,7,24.06,81.98,33.99,29.36,36.65,94.4,35.6,34.0,58.0,6.91
Rice,Kharif,14,30.11,107.87,44.17,26.35,29.48,148.9,48.6,48.9,80.7,5.33
Maize,Kharif,0,27.93,84.91,53.47,27.06,19.47,109.1,49.6,40.2,64.3,5.95
Sugarcane,Kharif,5,29.7,116.47,52.59,29.63,17.78,164.3,74.4,78.8,62.7,7.38
Wheat,Rabi,12,21.37,60.34,32.2,36.81,30.99,90.1,41.9,48.2,56.0,7.49
Maize,Kharif,4,28.65,118.87,42.69,35.48,21.83,92.5,38.4,34.8,78.4,5.89
Wheat,Rabi,7,13.09,26.47,19.77,31.32,48.91,131.8,55.1,53.3,39.7,6.67
Maize,Rabi,7,19.51,77.72,23.07,29.42,47.51,129.3,56.3,51.0,79.2,5.58
Rice,Kharif,3,32.07,124.14,25.07,36.57,38.36,90.3,29.4,36.0,95.0,4.85
Sugarcane,Kharif,9,36.59,95.39,37.41,23.02,39.57,144.2,59.9,57.1,80.9,6.23
Sugarcane,Kharif,11,24.4,87.92,42.08,32.05,25.87,233.0,97.3,96.5,74.1,6.17
Sugarcane,Kharif,9,35.02,113.5,47.55,26.75,25.7,133.1,65.3,69.1,73.5,7.34
Sugarcane,Kharif,4,28.29,152.72,38.7,34.19,27.11,222.7,88.6,92.1,66.7,6.42
Wheat,Rabi,4,22.9,59.14,42.39,33.21,24.4,64.6,30.5,33.3,55.9,6.98
Rice,Kharif,3,29.93,189.64,38.95,34.42,26.63,101.4,28.6,26.2,90.4,6.19
Maize,Kharif,8,19.05,115.75,22.53,31.36,46.11,141.4,56.4,56.3,61.0,7.33
Wheat,Rabi,7,23.94,32.83,28.07,24.38,47.55,96.6,39.2,42.9,49.9,7.14
Wheat,Rabi,8,20.19,46.07,12.71,32.73,54.56,143.5,54.7,49.6,55.4,6.13
Maize,Kharif,4,30.43,72.59,30.08,38.11,31.81,98.0,30.2,35.9,54.3,6.89
Rice,Kharif,6,27.08,122.31,47.58,24.31,28.11,115.8,40.7,45.5,88.0,5.23
Wheat,Rabi,7,21.82,52.14,29.44,26.35,44.21,138.0,53.1,52.7,48.1,7.36
Sugarcane,Kharif,11,26.91,121.82,42.54,29.66,27.8,132.6,59.8,61.5,71.2,7.06
Maize,Kharif,6,27.36,85.72,30.63,28.39,40.98,113.0,43.2,46.1,75.0,5.75
Sugarcane,Kharif,5,33.68,94.49,37.89,41.37,20.74,137.1,57.5,60.7,74.1,6.47
Rice,Kharif,3,33.76,122.91,34.38,33.71,31.91,112.9,36.9,42.7,82.9,4.59
Maize,Kharif,7,18.93,118.21,26.34,27.85,45.81,99.2,39.4,36.3,78.7,5.62
Rice,Kharif,10,27.31,165.08,29.87,42.81,27.32,80.4,28.6,26.0,83.7,5.5
Sugarcane,Kharif,11,30.92,136.67,43.83,28.4,27.77,182.8,73.5,69.9,75.3,7.08
Maize,Kharif,7,18.36,93.21,28.25,30.02,41.73,83.2,33.4,31.9,76.8,7.27
Rice,Kharif,11,24.3,101.49,45.85,33.02,21.13,146.2,54.7,50.0,87.2,5.7
Rice,Kharif,3,27.24,185.86,36.76,28.52,34.72,148.9,46.5,54.7,74.8,4.54
Wheat,Rabi,3,19.8,41.41,37.41,36.26,26.33,72.0,31.6,34.3,54.8,6.72
Maize,Rabi,6,26.45,68.4,42.61,27.06,30.33,127.7,58.2,54.6,77.3,7.24
Wheat,Rabi,12,13.67,65.42,42.49,32.46,25.05,93.4,42.2,42.6,62.9,6.48
Rice,Kharif,3,24.89,162.77,38.95,39.25,21.8,132.5,53.4,50.9,86.8,6.07
Maize,Rabi,9,31.35,85.57,40.21,34.87,24.92,113.5,43.9,44.0,71.5,6.61
Sugarcane,Kharif,11,34.9,94.45,42.94,32.56,24.5,135.5,64.9,64.4,71.1,6.74
Wheat,Rabi,7,20.02,34.22,21.38,31.0,47.62,90.5,38.7,43.5,46.8,7.34
Wheat,Rabi,13,14.87,31.4,58.17,29.28,12.55,105.3,48.4,46.2,41.6,6.45
Maize,Kharif,4,31.39,97.37,40.54,38.09,21.37,129.8,55.9,57.7,56.2,5.54
Rice,Kharif,3,35.58,149.49,37.23,38.29,24.48,117.8,37.0,43.5,94.2,4.73
Rice,Kharif,1,23.55,132.73,40.39,33.46,26.15,142.6,51.0,50.2,74.3,4.73
Wheat,Rabi,13,23.56,49.73,58.88,23.98,17.14,63.1,32.4,27.5,67.0,6.65
Maize,Kharif,5,19.84,79.15,46.91,37.89,15.2,142.5,54.1,54.5,74.3,7.16
Sugarcane,Kharif,2,37.73,151.14,23.01,38.17,38.82,239.3,92.7,97.2,64.0,6.42
Wheat,Rabi,7,17.96,37.79,18.7,39.07,42.23,60.0,30.9,25.5,42.0,6.94
Rice,Kharif,10,31.15,132.29,31.02,36.24,32.74,122.2,39.5,45.1,94.9,5.46
Wheat,Rabi,4,23.65,30.1,43.28,34.59,22.13,132.1,51.5,50.8,50.1,7.11
Sugarcane,Kharif,11,27.29,100.34,39.0,33.29,27.71,209.1,85.3,99.8,82.2,6.08
Rice,Kharif,2,23.72,138.42,29.8,33.9,36.3,81.5,34.6,29.2,82.8,6.36
Rice,Kharif,6,24.79,107.29,44.71,26.4,28.89,100.6,29.6,28.7,91.1,6.45
Sugarcane,Kharif,4,22.34,109.63,49.68,29.64,20.68,133.3,64.2,62.9,63.6,6.35
Maize,Rabi,5,26.9,110.62,42.05,35.91,22.04,97.6,34.2,39.3,52.5,7.33
Maize,Kharif,8,25.91,95.23,25.3,26.85,47.85,116.8,49.4,48.7,78.8,6.71
Maize,Kharif,6,30.09,114.69,41.75,32.5,25.75,140.2,52.8,58.3,59.1,7.23
Rice,Kharif,2,34.46,131.52,23.58,42.05,34.37,91.2,32.7,29.4,73.9,5.95
Rice,Kharif,6,32.56,107.2,39.38,26.21,34.41,108.3,44.3,46.9,80.3,6.22
Sugarcane,Kharif,3,36.37,101.35,31.52,33.66,34.82,221.2,86.6,100.0,68.8,7.43
Rice,Kharif,3,24.35,126.59,23.95,42.36,33.69,80.3,33.9,25.3,74.1,5.84
Rice,Kharif,2,28.21,126.77,29.78,39.05,31.17,86.5,27.8,30.6,87.7,4.92
Maize,Rabi,5,27.18,45.62,41.07,31.24,27.69,98.1,33.5,33.0,73.4,6.83
Maize,Kharif,5,22.88,99.14,43.44,32.5,24.06,145.7,51.4,50.3,52.4,5.87
Maize,Kharif,4,24.77,82.58,34.51,36.87,28.62,92.3,35.8,32.0,59.6,5.76
Wheat,Rabi,3,22.59,45.98,35.86,41.85,22.29,62.0,35.1,29.5,40.3,6.58
Wheat,Rabi,8,14.19,50.38,22.56,28.23,49.21,74.1,29.1,32.5,63.2,6.13
Wheat,Rabi,4,16.3,30.11,39.94,32.24,27.82,76.4,31.5,35.1,58.1,6.78
Wheat,Rabi,7,23.42,69.77,28.03,28.48,43.49,107.9,37.4,44.0,59.4,7.47
Rice,Kharif,2,29.83,163.66,25.94,40.68,33.38,127.8,54.8,51.2,77.8,5.39
Wheat,Rabi,4,18.01,42.87,39.54,33.71,26.75,94.0,39.1,46.3,54.2,6.94
Sugarcane,Kharif,9,35.8,94.02,37.91,31.27,30.82,244.1,94.9,95.9,72.1,6.33
Maize,Kharif,8,27.48,110.59,14.91,25.72,59.37,133.6,52.6,53.4,72.5,7.38
Wheat,Rabi,13,23.88,31.3,59.22,22.92,17.86,70.7,28.4,34.3,53.5,7.32
Maize,Kharif,7,23.9,50.14,28.5,32.39,39.11,108.4,47.3,47.1,65.3,6.41
Maize,Rabi,7,30.09,113.77,30.87,26.23,42.9,91.7,30.2,39.2,79.9,5.81
Sugarcane,Kharif,2,25.14,128.23,21.35,35.2,43.45,211.2,89.9,90.9,71.3,7.32
Maize,Kharif,9,22.38,58.41,33.63,33.0,33.37,120.8,49.8,44.4,77.1,6.29
Maize,Rabi,8,18.04,78.82,15.98,38.07,45.95,108.5,44.8,45.0,60.6,6.61
Maize,Rabi,8,24.02,76.86,20.5,31.29,48.21,102.9,39.2,33.0,62.5,6.83
Sugarcane,Kharif,11,29.83,120.14,41.99,36.99,21.02,193.1,84.2,80.0,65.1,7.13
Rice,Kharif,11,25.21,108.61,41.81,35.76,22.43,81.5,28.1,27.5,81.6,4.73
Sugarcane,Kharif,2,22.43,88.09,33.49,40.41,26.1,146.5,56.4,66.6,77.1,6.64
Rice,Kharif,14,26.23,136.71,53.27,31.39,15.34,121.5,38.8,42.6,78.4,4.77
Sugarcane,Kharif,12,30.48,137.93,33.28,36.05,30.67,150.1,64.7,65.9,62.0,6.74
Wheat,Rabi,4,15.92,48.3,35.41,36.06,28.53,124.2,55.0,56.4,40.6,6.53
Maize,Rabi,5,25.38,47.87,38.07,37.35,24.58,107.0,41.2,49.9,68.5,7.16
Rice,Kharif,10,29.46,185.53,33.07,30.01,36.92,108.1,42.9,45.8,78.9,4.54
Sugarcane,Kharif,4,23.04,165.79,38.24,35.31,26.45,227.6,91.5,85.3,77.0,6.63
Maize,Kharif,0,30.26,105.11,45.36,31.34,23.3,138.6,57.5,51.5,78.3,5.7
Sugarcane,Kharif,9,22.87,109.02,32.91,26.4,40.69,150.6,64.4,60.8,71.5,6.31
Maize,Kharif,0,20.61,54.42,46.1,33.26,20.64,140.9,56.9,50.3,54.2,7.0
Sugarcane,Kharif,12,28.43,153.04,43.44,29.7,26.86,162.4,66.6,63.5,63.9,7.23
Wheat,Rabi,8,16.65,53.47,14.76,33.61,51.63,88.7,33.8,36.0,59.1,6.01
Sugarcane,Kharif,9,36.98,159.44,42.75,27.76,29.49,236.0,86.7,91.9,73.6,6.87
Maize,Rabi,0,20.61,65.2,53.41,29.19,17.4,102.9,32.5,35.0,74.0,6.41
Maize,Kharif,6,25.24,64.75,37.18,26.06,36.76,143.5,55.6,54.3,56.3,6.7
Sugarcane,Kharif,12,33.55,138.65,30.85,39.07,30.08,228.9,90.2,87.9,63.4,6.61
Wheat,Rabi,5,18.15,58.38,39.88,38.52,21.6,63.9,35.4,33.0,59.0,6.6
Wheat,Rabi,8,12.22,66.14,16.67,31.41,51.92,144.9,50.8,48.6,41.5,6.86
Maize,Kharif,8,25.49,59.91,23.44,35.11,41.45,137.7,50.8,56.0,65.3,5.81
Wheat,Rabi,7,16.82,69.72,27.5,34.75,37.75,132.0,48.9,53.9,64.4,6.94
Wheat,Rabi,13,23.33,64.02,64.48,23.68,11.84,144.4,57.9,55.7,57.1,7.2
Rice,Kharif,14,31.17,116.57,49.22,27.9,22.88,96.2,33.3,25.6,74.4,6.13
Sugarcane,Kharif,3,26.9,101.8,32.16,38.51,29.33,143.8,59.4,57.9,69.6,6.08
Wheat,Rabi,12,20.0,39.54,31.98,35.92,32.1,115.0,46.6,39.5,64.9,7.33
Rice,Kharif,14,25.43,150.0,44.39,31.27,24.34,91.4,28.3,26.2,78.7,5.33
Maize,Kharif,6,23.86,77.39,45.13,26.35,28.52,129.8,51.1,56.1,51.6,6.53
Sugarcane,Kharif,5,24.05,113.6,38.35,35.17,26.48,142.9,64.5,59.5,74.6,7.11
Maize,Kharif,9,31.13,56.49,44.56,26.17,29.27,129.9,57.2,50.8,50.3,5.98
Sugarcane,Kharif,2,27.85,114.93,24.18,46.32,29.5,195.7,75.3,78.8,80.5,6.12
Maize,Kharif,9,26.13,74.11,37.43,29.0,33.57,107.2,46.7,48.6,55.1,5.95
Sugarcane,Kharif,4,37.79,106.93,43.79,36.29,19.92,144.1,65.6,65.8,63.2,6.82
Rice,Kharif,2,26.39,126.72,33.26,40.24,26.5,137.2,46.1,48.6,72.0,6.43
Rice,Kharif,2,28.54,149.71,22.68,37.82,39.5,123.6,40.7,41.4,85.8,5.05
Sugarcane,Kharif,12,27.44,95.73,41.13,36.36,22.51,210.3,99.4,91.6,74.6,7.0
Rice,Kharif,3,26.28,144.17,32.53,33.22,34.25,100.2,32.0,33.2,73.7,5.74
Maize,Kharif,0,28.23,113.85,46.33,38.09,15.58,97.2,36.8,37.5,77.4,6.98
Wheat,Rabi,8,22.53,58.24,18.21,31.08,50.71,91.6,42.0,45.3,38.4,6.37
Sugarcane,Kharif,9,22.54,152.25,33.58,35.68,30.74,133.9,64.5,68.1,73.6,6.51
Wheat,Rabi,13,21.42,69.61,59.69,24.55,15.76,65.8,26.6,32.2,54.3,7.44
Rice,Kharif,11,32.65,115.1,44.18,33.47,22.35,105.9,40.1,40.7,74.8,4.64
Wheat,Rabi,13,15.67,33.59,57.13,20.99,21.88,118.2,37.4,39.0,46.1,6.73
Wheat,Rabi,12,15.64,49.17,33.8,40.51,25.69,115.5,38.9,41.4,47.8,7.24
Rice,Kharif,1,34.87,117.05,47.22,34.27,18.51,84.1,27.9,26.3,72.1,4.62
Sugarcane,Kharif,9,28.58,139.2,39.79,23.63,36.58,212.7,94.9,93.3,79.6,7.0
Rice,Kharif,10,30.91,140.01,27.98,40.13,31.89,107.1,38.5,41.3,89.1,4.96
Maize,Rabi,5,29.93,86.13,44.73,39.26,16.01,106.9,48.2,41.3,55.9,6.13
Wheat,Rabi,13,19.1,61.3,59.24,18.03,22.73,68.9,27.8,28.6,52.3,7.49
Sugarcane,Kharif,10,35.82,108.28,32.89,41.68,25.43,227.2,99.8,91.5,84.7,6.24
Wheat,Rabi,12,22.39,27.03,43.17,38.0,18.83,137.9,52.8,59.7,38.8,6.56
Sugarcane,Kharif,10,37.34,81.89,42.73,32.36,24.91,127.4,63.9,65.6,78.5,7.44
Rice,Kharif,2,30.98,155.48,25.8,34.93,39.27,130.0,47.1,50.5,82.5,5.29
Maize,Kharif,6,26.31,93.41,35.04,29.96,35.0,83.7,30.1,37.5,61.9,5.66
Maize,Kharif,0,19.66,102.05,50.93,36.14,12.93,97.8,36.1,35.9,77.8,6.42
Maize,Kharif,0,24.75,97.71,47.34,37.06,15.6,116.7,42.1,48.7,52.0,5.89
Rice,Kharif,1,31.99,159.52,47.83,30.35,21.82,147.9,52.2,55.2,72.9,5.24
Maize,Kharif,7,29.26,94.44,30.78,29.03,40.19,129.1,59.2,51.0,61.9,6.53
Rice,Kharif,2,26.48,146.73,20.5,39.01,40.49,87.4,25.3,26.5,77.4,4.75
Sugarcane,Kharif,10,26.36,104.13,29.55,41.6,28.85,124.4,67.7,63.9,62.8,6.17
Rice,Kharif,11,24.15,117.51,45.44,27.7,26.86,134.0,49.8,57.6,90.9,5.85
Wheat,Rabi,4,21.37,51.27,36.46,40.54,23.0,81.2,33.8,26.2,66.6,6.06
Wheat,Rabi,5,14.64,40.77,41.26,33.21,25.53,139.8,56.6,48.5,49.2,6.1
Wheat,Rabi,8,15.33,33.47,20.91,22.77,56.32,89.3,33.1,31.2,51.9,6.53
Rice,Kharif,6,32.02,149.75,33.75,33.48,32.77,143.9,48.5,53.2,77.0,4.92
Rice,Kharif,11,33.13,169.05,36.55,29.91,33.54,90.1,33.1,31.3,94.4,5.07
Wheat,Rabi,12,12.58,60.17,43.94,36.18,19.88,127.3,55.8,58.9,62.8,7.13
Rice,Kharif,10,26.12,112.99,33.1,31.53,35.37,116.8,36.3,44.7,74.7,4.55
Wheat,Rabi,7,16.45,69.44,25.69,29.08,45.23,104.6,46.9,47.3,39.2,7.3
Maize,Kharif,4,27.62,104.39,48.24,28.74,23.02,127.4,53.4,55.4,67.5,7.32
Wheat,Rabi,3,13.36,69.32,35.55,38.64,25.81,137.9,53.1,49.1,63.2,6.19
Rice,Kharif,3,24.14,184.28,24.97,41.15,33.88,133.6,54.5,49.0,91.0,6.08
Wheat,Rabi,7,17.6,26.55,26.28,24.67,49.05,74.6,28.5,30.7,67.1,7.42
Wheat,Rabi,12,19.71,59.17,40.82,31.51,27.67,84.2,26.3,26.7,53.0,6.81
Sugarcane,Kharif,12,31.27,157.19,31.89,35.61,32.5,187.6,79.8,72.2,81.7,6.68
Sugarcane,Kharif,3,28.91,165.3,25.32,41.49,33.19,211.9,98.7,88.0,63.5,6.88
Sugarcane,Kharif,12,26.46,163.0,43.05,29.89,27.06,201.7,77.9,75.0,82.1,6.13
Wheat,Rabi,13,12.91,28.5,60.86,20.92,18.22,144.3,59.6,57.6,38.1,7.45
Sugarcane,Kharif,2,34.08,87.83,24.74,39.43,35.83,221.5,92.7,93.1,81.5,7.22
Maize,Kharif,9,21.1,47.61,38.54,32.17,29.29,94.0,36.0,38.2,62.3,6.08
Maize,Kharif,5,19.79,112.75,42.1,31.95,25.95,105.3,45.2,48.4,70.2,7.3
Rice,Kharif,1,25.47,141.46,40.7,33.0,26.3,136.5,45.8,51.6,78.6,4.99
Sugarcane,Kharif,2,24.19,128.52,31.58,34.73,33.69,193.0,75.2,73.1,75.1,7.06
Sugarcane,Kharif,9,30.79,104.03,42.27,31.41,26.32,214.7,98.1,96.2,66.1,6.21
Rice,Kharif,1,28.78,112.75,36.55,33.45,30.0,126.1,42.2,48.4,74.4,5.57
Rice,Kharif,2,34.57,154.05,23.22,37.53,39.25,116.4,42.5,39.9,84.2,4.56
Rice,Kharif,2,28.51,130.79,25.67,32.88,41.45,93.1,32.5,34.4,94.1,5.39
Sugarcane,Kharif,9,25.45,115.14,37.91,32.84,29.25,236.9,86.8,93.5,72.7,7.22
Rice,Kharif,14,32.51,186.23,51.59,29.53,18.88,141.4,49.1,57.1,77.1,6.27
Sugarcane,Kharif,12,34.42,132.44,30.67,38.79,30.54,231.9,98.4,95.5,76.1,7.14
Rice,Kharif,10,24.28,106.81,34.5,31.73,33.77,121.7,42.0,43.9,80.3,4.68
Maize,Kharif,5,22.63,58.4,43.31,39.2,17.49,132.0,56.8,57.6,73.0,7.07
Sugarcane,Kharif,11,29.0,144.42,44.27,34.34,21.39,134.1,63.5,58.6,77.1,6.42
Rice,Kharif,2,31.1,132.05,29.12,31.83,39.05,123.9,36.2,46.9,90.1,4.97
Maize,Kharif,0,31.92,116.74,46.38,37.66,15.96,122.2,49.3,46.1,75.3,6.88
Maize,Kharif,7,27.09,57.27,30.39,28.44,41.17,80.6,37.2,38.0,51.0,5.78
Sugarcane,Kharif,2,30.7,114.48,26.84,40.26,32.9,172.8,74.0,76.7,67.8,6.38
Wheat,Rabi,4,18.29,44.83,33.48,32.94,33.58,148.4,52.8,51.6,50.0,6.84
Maize,Rabi,6,24.35,83.78,45.0,30.08,24.92,83.6,34.3,33.9,72.9,6.39
Wheat,Rabi,5,13.56,59.12,40.1,33.59,26.31,80.3,30.2,28.2,38.7,6.03
Maize,Kharif,8,29.89,84.12,25.17,24.07,50.76,84.6,39.0,31.7,78.0,7.11
Maize,Kharif,4,30.21,50.34,38.91,38.19,22.9,103.4,45.5,49.8,75.6,7.06
Rice,Kharif,10,35.45,150.92,34.83,35.61,29.56,135.9,47.5,49.5,83.8,4.67
Sugarcane,Kharif,11,34.67,123.54,45.6,35.85,18.55,214.8,91.6,97.1,67.5,6.24
Wheat,Rabi,7,22.47,62.27,29.27,32.41,38.32,128.4,51.1,52.1,44.5,7.21
Rice,Kharif,6,23.33,162.1,42.97,25.24,31.79,105.0,36.4,40.1,79.3,4.61
Sugarcane,Kharif,2,30.12,167.63,27.45,35.02,37.53,146.3,58.2,59.3,64.5,7.47
Rice,Kharif,1,31.79,127.65,46.08,29.97,23.95,88.0,33.1,30.4,80.5,5.6
Rice,Kharif,10,30.11,179.6,28.65,33.76,37.59,134.5,48.8,57.2,84.7,5.57
Maize,Kharif,9,18.22,77.68,36.05,36.96,26.99,138.7,55.7,55.0,56.7,6.28
Rice,Kharif,14,26.29,172.33,49.86,26.65,23.49,83.1,30.4,31.3,90.8,6.46
Rice,Kharif,2,25.03,167.66,27.21,34.86,37.93,124.3,40.7,44.1,85.1,5.05
Sugarcane,Kharif,5,24.02,113.93,50.31,35.3,14.39,214.6,86.6,96.1,73.3,6.9
Wheat,Rabi,8,13.36,28.92,25.93,33.12,40.95,138.5,53.5,55.1,59.6,6.63
Sugarcane,Kharif,12,23.76,90.71,32.93,38.54,28.53,124.3,66.9,68.6,74.9,6.52
Rice,Kharif,3,25.55,119.06,30.47,40.14,29.39,137.0,54.5,56.8,73.0,5.14
Wheat,Rabi,13,17.45,35.62,59.21,19.64,21.15,102.9,39.5,43.9,40.2,6.25
Rice,Kharif,1,30.43,116.64,47.04,34.2,18.76,95.4,25.8,30.1,73.4,5.71
Wheat,Rabi,12,17.64,65.06,37.09,28.39,34.52,133.6,50.0,59.5,59.2,6.09
Maize,Kharif,0,30.25,105.81,52.4,31.95,15.65,105.6,46.9,49.9,79.4,7.35
Maize,Kharif,7,25.26,71.42,21.42,34.72,43.86,148.7,54.0,57.0,57.0,5.6
Rice,Kharif,11,26.17,142.17,50.88,32.92,16.2,116.8,42.9,36.8,85.6,6.27
Rice,Kharif,1,29.68,148.53,46.54,35.04,18.42,82.2,25.6,31.8,77.9,6.04
Maize,Rabi,5,26.33,104.54,55.71,25.52,18.77,129.4,52.7,58.4,79.7,6.86
Wheat,Rabi,5,17.79,30.33,49.13,25.84,25.03,84.0,32.8,32.2,66.8,7.07
Rice,Kharif,14,35.06,178.09,49.94,28.81,21.25,129.5,51.5,58.1,88.3,4.71
Maize,Kharif,0,21.57,95.67,51.25,36.15,12.6,141.5,53.6,53.0,66.3,5.97
Rice,Kharif,11,31.73,124.36,32.67,34.71,32.62,122.0,41.6,43.4,73.9,6.49
Maize,Kharif,9,25.39,104.09,31.41,29.17,39.42,133.8,59.2,52.4,75.2,6.8
Rice,Kharif,2,30.68,158.75,31.19,29.61,39.2,93.0,32.5,33.2,77.9,5.23
Rice,Kharif,1,32.37,125.36,36.81,43.57,19.62,114.2,41.1,41.6,76.2,4.58
Wheat,Rabi,3,22.1,46.21,26.89,44.76,28.35,140.7,49.3,50.5,67.4,6.95
Wheat,Rabi,13,16.84,32.81,60.76,20.94,18.3,93.8,46.8,47.5,58.8,6.52
Sugarcane,Kharif,2,28.07,153.76,26.34,35.69,37.97,173.3,73.9,80.6,67.8,6.86
Maize,Kharif,6,25.33,60.35,32.89,25.52,41.59,106.0,42.3,43.5,60.0,6.16
Rice,Kharif,11,26.92,134.56,46.0,28.71,25.29,125.0,40.8,42.9,91.7,6.0
Wheat,Rabi,3,15.33,65.97,30.12,32.3,37.58,114.1,39.6,43.6,39.4,6.16
Maize,Kharif,4,20.15,104.51,37.75,35.25,27.0,124.9,45.5,43.5,77.4,5.84
Maize,Kharif,8,24.6,106.41,24.08,33.94,41.98,131.9,53.8,53.4,53.7,7.22
Maize,Rabi,4,25.09,54.49,32.63,34.58,32.79,142.8,58.4,54.2,64.3,7.03
Wheat,Rabi,13,21.23,67.51,59.34,17.09,23.57,138.3,51.1,56.2,63.5,6.37
Rice,Kharif,3,23.73,112.8,24.13,45.34,30.53,139.1,50.7,50.4,73.2,5.75
Wheat,Rabi,3,23.16,60.22,29.18,39.66,31.16,104.4,41.7,47.7,39.7,7.28
Wheat,Rabi,3,14.88,33.62,37.19,38.83,23.98,121.4,50.5,58.5,65.5,6.15
Rice,Kharif,10,33.75,147.23,31.67,30.55,37.78,142.3,54.3,51.5,89.8,4.97
Rice,Kharif,10,27.13,100.79,26.8,43.55,29.65,94.7,31.1,26.4,80.8,5.1
Rice,Kharif,11,26.85,159.74,47.28,28.14,24.58,115.0,35.6,37.6,94.2,4.6
Rice,Kharif,14,27.87,149.49,54.6,30.8,14.6,132.1,53.2,59.2,73.2,5.35
Wheat,Rabi,3,17.15,49.34,28.0,41.83,30.17,146.2,55.7,54.6,58.9,7.05
Sugarcane,Kharif,4,27.27,113.58,34.82,40.39,24.79,182.8,79.7,84.4,75.5,7.08
Wheat,Rabi,3,12.01,51.92,36.99,37.48,25.53,109.6,40.4,43.6,56.2,6.37
Rice,Kharif,3,25.41,116.39,24.4,42.73,32.87,123.9,37.4,41.9,83.8,6.19
Sugarcane,Kharif,12,22.5,165.13,30.46,34.6,34.94,193.0,80.9,71.2,84.7,6.82
Sugarcane,Kharif,3,25.59,151.38,26.04,48.2,25.76,212.8,85.5,85.9,82.0,6.11
Maize,Kharif,6,20.47,100.75,35.62,34.64,29.74,128.7,51.0,55.9,57.6,6.41
Sugarcane,Kharif,10,33.31,123.06,38.79,36.73,24.48,218.6,94.5,93.0,64.8,6.02
Maize,Kharif,5,22.46,99.82,35.5,41.84,22.66,90.1,36.0,36.2,58.6,6.97
Maize,Rabi,7,22.69,97.16,23.65,36.6,39.75,90.4,32.0,33.0,71.0,6.91
Maize,Rabi,7,21.52,58.02,23.92,33.11,42.97,138.3,50.3,56.7,78.7,7.21
Maize,Kharif,4,28.98,78.99,44.64,33.32,22.04,110.6,41.1,42.7,73.8,7.18
Wheat,Rabi,3,17.23,38.25,25.45,45.03,29.52,86.6,34.2,29.9,66.5,7.15
Maize,Kharif,6,19.89,82.21,42.06,26.21,31.73,89.3,39.0,36.3,55.1,5.75
Maize,Kharif,0,23.14,75.2,47.6,31.58,20.82,91.3,36.2,30.8,50.0,6.49
Rice,Kharif,3,31.54,117.84,35.69,38.22,26.09,117.5,35.4,37.7,75.3,6.5
Sugarcane,Kharif,3,25.62,149.78,34.94,39.11,25.95,249.7,94.9,93.2,80.1,6.31
Sugarcane,Kharif,11,32.95,87.5,53.12,27.04,19.84,122.6,69.0,67.6,66.1,7.28
Rice,Kharif,10,35.28,154.89,36.82,29.6,33.58,119.8,41.2,45.6,93.3,6.07
Wheat,Rabi,12,20.78,53.83,36.92,34.75,28.33,97.4,39.8,38.0,50.5,7.14
Sugarcane,Kharif,5,27.96,104.64,43.28,30.87,25.85,231.5,90.8,90.0,66.8,6.26
Sugarcane,Kharif,4,34.68,146.72,38.48,36.14,25.38,168.7,71.1,70.2,82.8,6.02
Rice,Kharif,3,23.72,100.62,29.46,35.52,35.02,100.7,34.0,28.6,76.9,5.83
Rice,Kharif,2,23.58,126.02,24.55,40.69,34.76,81.8,26.9,30.5,82.4,4.73
Wheat,Rabi,13,14.53,63.85,63.81,23.46,12.73,137.6,58.2,54.8,50.0,6.44
Rice,Kharif,1,27.01,126.42,40.43,34.96,24.61,98.7,33.8,34.4,78.1,5.17
Wheat,Rabi,7,12.02,38.49,30.15,21.64,48.21,83.3,34.0,30.3,57.4,7.46
Maize,Kharif,8,29.34,97.18,25.0,30.02,44.98,141.5,59.8,53.2,73.0,6.38
Rice,Kharif,10,24.68,166.81,38.1,34.13,27.77,124.5,36.3,41.2,86.8,5.13
Maize,Kharif,8,20.86,63.54,17.83,28.83,53.34,131.8,55.0,54.8,79.9,5.71
Rice,Kharif,3,28.84,121.37,27.22,44.63,28.15,130.9,48.9,57.7,73.1,5.95
Sugarcane,Kharif,4,31.81,152.21,32.65,40.07,27.28,216.0,87.3,86.9,68.6,6.29
Sugarcane,Kharif,5,24.15,105.47,42.54,34.8,22.66,244.9,93.9,96.7,76.6,6.92
Maize,Kharif,0,31.81,99.92,50.25,28.82,20.93,138.8,58.3,54.5,73.3,7.24
Sugarcane,Kharif,2,35.71,122.42,26.98,35.24,37.78,121.9,66.2,56.2,79.6,6.22
Sugarcane,Kharif,3,34.37,87.71,26.91,37.82,35.27,247.6,86.6,89.2,69.5,6.76
Wheat,Rabi,8,14.7,44.41,18.68,26.99,54.33,64.3,30.0,35.4,59.6,6.84
Maize,Rabi,6,31.27,54.48,46.53,26.86,26.61,99.8,33.1,36.5,79.2,5.96
Rice,Kharif,10,35.5,172.65,43.57,35.03,21.4,139.9,54.4,48.5,82.6,4.95
Wheat,Rabi,3,17.96,51.86,27.29,35.28,37.43,104.9,44.7,41.7,48.0,7.16
Wheat,Rabi,5,23.41,31.8,43.07,36.7,20.23,68.1,36.4,29.7,51.0,7.42
Rice,Kharif,2,34.55,162.33,22.45,37.05,40.5,140.0,45.3,57.5,77.6,6.36
Wheat,Rabi,7,17.51,62.89,18.92,37.3,43.78,66.2,31.7,28.9,61.1,6.1
Maize,Kharif,7,30.84,74.36,23.75,28.13,48.12,124.7,40.9,46.1,75.3,5.5
Rice,Kharif,11,32.81,185.97,41.85,36.08,22.07,135.1,52.0,54.9,77.5,5.15
Rice,Kharif,2,35.16,167.63,24.38,44.59,31.03,134.6,52.0,57.3,93.7,5.85
Rice,Kharif,2,29.19,160.28,31.42,33.06,35.52,84.8,31.9,35.9,81.3,5.1
Wheat,Rabi,13,17.22,49.72,58.04,20.07,21.89,60.5,34.0,26.4,47.4,6.72
Wheat,Rabi,5,18.99,41.7,50.69,32.77,16.54,102.9,38.2,47.1,56.0,7.06
Rice,Kharif,10,24.7,133.47,43.41,35.04,21.55,91.0,25.1,26.0,72.6,4.94
Maize,Kharif,8,19.15,45.2,21.95,26.43,51.62,83.9,38.2,35.7,63.0,6.51
Rice,Kharif,10,29.82,157.54,38.56,32.62,28.82,121.1,43.0,42.4,79.8,6.31
Rice,Kharif,11,27.1,171.23,41.66,26.8,31.54,87.5,34.8,28.8,93.1,5.22
Maize,Kharif,5,21.2,106.67,46.49,36.67,16.84,97.0,31.9,31.1,58.9,6.91
Wheat,Rabi,7,21.49,39.34,31.58,30.54,37.88,85.8,25.2,35.1,56.8,7.33
Wheat,Rabi,3,22.74,63.71,31.97,43.81,24.22,85.3,25.4,28.8,51.7,6.59
Rice,Kharif,6,32.09,110.08,34.35,31.86,33.79,105.9,42.6,37.7,91.5,5.57
Wheat,Rabi,8,13.44,27.11,23.44,30.22,46.34,78.7,27.5,31.0,49.5,6.06
Rice,Kharif,3,35.22,130.87,26.07,45.1,28.83,96.4,34.7,25.6,94.7,5.47
Sugarcane,Kharif,4,31.39,104.16,35.49,42.44,22.07,171.5,84.8,75.4,60.8,7.23
Maize,Kharif,5,28.59,65.69,41.09,39.48,19.43,129.2,59.6,56.6,77.1,7.14
Sugarcane,Kharif,5,30.24,85.62,46.5,32.69,20.81,129.7,61.8,69.2,68.9,6.9
Sugarcane,Kharif,3,37.98,86.31,34.84,38.42,26.74,201.8,73.1,84.7,61.1,6.33
Maize,Kharif,7,24.33,76.83,28.86,25.19,45.95,121.7,46.8,46.4,54.7,6.35
Rice,Kharif,11,32.75,172.46,51.26,27.51,21.23,143.6,53.4,58.4,75.1,4.64
Rice,Kharif,11,29.55,101.22,45.42,31.93,22.65,120.4,38.1,40.6,80.3,5.7
Sugarcane,Kharif,5,30.13,167.85,50.71,36.61,12.68,155.0,59.5,57.2,77.4,6.46
Sugarcane,Kharif,10,30.98,126.95,33.53,45.09,21.38,153.3,60.5,55.6,80.6,7.47
Rice,Kharif,10,34.63,158.04,44.42,30.16,25.42,139.7,46.6,49.5,78.6,5.1
Wheat,Rabi,8,17.26,34.83,17.27,36.83,45.9,144.6,54.6,58.6,49.9,6.07
Rice,Kharif,2,26.74,148.44,19.33,41.89,38.78,91.5,31.0,27.6,84.3,5.31
Rice,Kharif,14,26.97,106.56,55.1,23.47,21.43,123.9,35.3,46.4,93.5,5.29
Wheat,Rabi,13,16.51,29.23,61.43,24.02,14.55,137.8,48.8,48.9,55.3,6.05
Rice,Kharif,1,35.16,116.72,42.35,35.01,22.64,93.7,26.5,36.2,80.6,6.36
Maize,Kharif,6,28.07,87.71,46.15,29.05,24.8,137.6,58.5,59.0,72.2,5.78
Rice,Kharif,14,33.99,123.36,49.58,26.09,24.33,105.6,40.5,42.7,72.0,5.25
Sugarcane,Kharif,3,29.54,157.12,37.43,41.05,21.52,121.1,56.3,59.3,71.1,6.43
Sugarcane,Kharif,12,35.82,108.43,32.19,42.04,25.77,157.6,57.8,63.1,71.6,6.62
Sugarcane,Kharif,3,29.09,123.22,35.23,38.48,26.29,128.4,62.2,66.7,77.1,6.15
Wheat,Rabi,8,14.19,60.54,21.54,34.56,43.9,149.9,59.7,56.0,57.8,6.75
Rice,Kharif,10,32.13,159.3,42.89,33.74,23.37,103.2,45.1,46.1,94.7,5.03
Maize,Kharif,4,20.17,58.72,43.46,30.42,26.12,107.4,45.8,46.4,61.0,6.36
Wheat,Rabi,12,16.07,50.62,37.88,32.19,29.93,77.9,34.3,36.1,64.6,6.84
Wheat,Rabi,8,16.71,49.9,22.71,28.97,48.32,85.5,33.6,30.1,53.1,6.29
Sugarcane,Kharif,9,26.98,119.57,32.96,35.56,31.48,197.9,71.8,81.5,80.1,6.24
Wheat,Rabi,4,15.78,37.43,45.17,28.85,25.98,144.4,59.4,52.3,67.4,6.79
Wheat,Rabi,7,19.65,48.68,23.34,29.6,47.06,93.4,47.5,45.1,51.9,6.35
Wheat,Rabi,8,22.13,29.41,17.45,34.31,48.24,131.5,53.0,53.8,52.6,6.23
Sugarcane,Kharif,11,31.05,105.65,41.61,29.78,28.61,153.5,57.1,67.7,62.9,6.98
Rice,Kharif,11,33.69,181.25,41.2,32.7,26.1,113.8,44.5,48.3,84.1,5.4
Wheat,Rabi,12,15.92,55.04,42.21,28.5,29.29,93.4,43.0,36.6,62.2,7.14
Maize,Rabi,6,28.04,110.75,39.12,22.99,37.89,86.1,32.5,37.6,56.5,7.11
Wheat,Rabi,4,22.71,43.88,40.21,32.29,27.5,95.4,40.5,46.7,61.4,6.71
Sugarcane,Kharif,10,36.34,153.57,31.47,36.27,32.26,215.4,87.9,89.4,61.2,7.42
Wheat,Rabi,3,23.46,58.21,33.48,37.42,29.1,112.9,36.7,37.9,54.6,6.92
Rice,Kharif,3,25.66,171.82,33.14,38.47,28.39,126.5,41.5,45.1,89.0,4.63
Maize,Kharif,6,30.51,66.86,48.86,23.26,27.88,92.9,37.6,36.1,66.9,5.7
Rice,Kharif,6,35.96,164.81,31.37,25.4,43.23,132.8,47.3,50.0,78.6,6.26
Sugarcane,Kharif,10,35.64,128.73,37.73,30.58,31.69,164.0,75.6,83.6,77.9,7.35
Rice,Kharif,14,27.37,155.36,53.95,28.71,17.34,102.1,26.4,31.7,93.3,6.42
Sugarcane,Kharif,2,36.79,151.85,23.13,35.41,41.46,142.7,58.9,64.5,67.5,6.65
Wheat,Rabi,13,19.43,39.56,66.52,20.13,13.35,131.3,51.5,55.9,63.0,6.94
Rice,Kharif,11,27.44,116.51,51.91,27.84,20.25,124.2,37.7,39.2,72.2,5.43
Sugarcane,Kharif,4,32.66,131.28,49.0,32.86,18.14,152.2,57.6,60.5,72.2,6.28
Rice,Kharif,11,29.34,156.26,52.58,26.99,20.43,131.2,45.4,57.0,93.8,5.66
Wheat,Rabi,13,22.98,48.99,61.62,18.16,20.22,86.9,28.2,36.4,42.7,7.04
Sugarcane,Kharif,11,36.92,132.91,41.31,31.72,26.97,139.2,66.7,66.9,63.6,7.35
Sugarcane,Kharif,3,29.23,148.16,24.05,43.38,32.57,238.7,95.4,91.4,65.2,6.68
Rice,Kharif,1,26.22,103.27,39.35,34.92,25.73,120.4,36.1,41.4,74.3,5.96
Sugarcane,Kharif,9,31.46,128.11,32.93,27.05,40.02,129.4,57.7,55.2,73.9,7.09
Wheat,Rabi,5,19.65,57.67,41.46,40.18,18.36,103.1,37.5,36.9,67.3,6.77
Rice,Kharif,14,26.73,150.37,55.03,21.26,23.71,103.8,35.8,46.7,78.4,5.2
Maize,Kharif,7,25.73,62.32,29.7,35.03,35.27,143.4,58.0,53.5,72.3,6.56
Rice,Kharif,1,30.98,180.81,44.67,30.51,24.82,114.2,36.8,44.9,90.6,5.67
Rice,Kharif,14,26.46,189.13,54.81,31.18,14.01,148.6,46.9,55.6,72.6,5.71
Maize,Kharif,9,24.73,73.22,41.38,30.3,28.32,122.5,48.1,44.9,60.9,5.6
Maize,Kharif,0,22.73,68.25,52.61,28.42,18.97,121.8,48.9,48.5,78.0,6.0
Wheat,Rabi,8,22.34,37.33,17.1,26.71,56.19,145.7,56.5,56.8,62.2,6.29
Maize,Kharif,7,24.62,95.41,23.91,30.25,45.84,141.9,54.6,59.7,68.2,6.33
Maize,Kharif,9,30.81,49.83,39.23,26.8,33.97,108.5,44.9,43.6,51.7,5.87
Sugarcane,Kharif,5,24.46,91.72,41.8,27.13,31.07,127.3,55.1,58.5,65.1,7.15
Sugarcane,Kharif,11,26.9,138.62,45.67,26.94,27.39,180.5,73.1,83.8,82.3,6.38
Rice,Kharif,11,27.2,173.73,42.76,36.76,20.48,118.4,42.7,43.5,84.3,6.22
Maize,Rabi,7,19.06,63.5,34.77,29.95,35.28,133.8,55.8,53.8,70.9,6.32
Maize,Kharif,8,26.94,116.5,21.98,37.76,40.26,127.4,50.7,50.6,53.0,6.12
Sugarcane,Kharif,4,25.83,155.64,37.77,34.57,27.66,151.0,69.8,57.0,83.1,7.24
Sugarcane,Kharif,4,23.58,146.71,30.88,40.12,29.0,154.7,56.9,66.2,74.9,6.41
Rice,Kharif,1,28.11,155.5,44.12,30.93,24.95,124.2,37.3,41.4,91.8,5.19
Rice,Kharif,1,35.15,165.35,42.8,33.44,23.76,149.5,52.8,49.7,93.1,6.32
Sugarcane,Kharif,4,23.45,138.72,45.19,33.27,21.54,190.4,71.8,73.9,67.1,6.96
Wheat,Rabi,13,23.33,37.1,68.21,15.7,16.09,131.7,58.5,53.9,52.3,6.95
Sugarcane,Kharif,5,34.58,146.21,44.45,30.73,24.82,164.0,79.2,81.0,65.2,6.3
Wheat,Rabi,7,22.88,30.96,26.19,35.44,38.37,82.2,31.3,25.7,55.8,6.9
Wheat,Rabi,3,21.22,43.8,31.53,37.41,31.06,128.8,51.9,51.1,50.6,7.11
Wheat,Rabi,13,20.16,26.88,65.46,21.15,13.39,88.4,33.5,29.1,40.5,7.07
Rice,Kharif,2,31.6,132.0,27.49,40.25,32.26,87.0,29.5,34.4,90.6,5.09
Maize,Kharif,7,27.65,87.53,33.81,24.77,41.42,144.7,54.4,59.5,70.5,5.51
Rice,Kharif,14,34.16,157.04,52.75,31.16,16.09,123.7,38.1,44.8,77.8,5.61
Wheat,Rabi,12,14.82,42.97,42.9,28.79,28.31,105.6,44.0,37.6,42.6,7.49
Maize,Kharif,5,27.57,104.61,35.9,41.54,22.56,145.6,53.7,51.3,53.4,6.57
Rice,Kharif,14,29.28,188.82,45.7,31.62,22.68,129.1,52.1,52.4,89.4,5.0
Sugarcane,Kharif,9,27.09,128.74,30.75,36.82,32.43,148.5,58.2,61.4,78.3,6.06
Rice,Kharif,2,28.19,137.7,37.37,33.19,29.44,80.4,26.4,32.6,83.8,5.92
Maize,Kharif,5,29.46,119.28,44.95,30.49,24.56,118.2,45.8,42.5,55.8,5.67
Rice,Kharif,14,27.88,156.41,48.01,32.35,19.64,117.3,36.0,36.8,75.4,6.15
Maize,Rabi,4,18.83,52.9,40.3,39.73,19.97,142.4,57.1,55.6,55.5,6.18
Rice,Kharif,2,24.66,172.02,28.01,38.53,33.46,145.0,54.9,55.4,91.8,4.8
Rice,Kharif,3,26.32,129.47,37.14,35.51,27.35,140.6,50.9,49.2,75.8,4.86
Wheat,Rabi,5,17.21,40.75,51.13,28.03,20.84,137.3,57.3,49.0,57.4,7.0
Rice,Kharif,1,29.58,114.57,43.41,33.51,23.08,105.8,43.9,41.5,87.1,6.5
Sugarcane,Kharif,10,24.9,164.39,32.29,33.79,33.92,188.6,83.1,84.4,76.0,7.27
Rice,Kharif,11,23.16,158.0,40.17,32.64,27.19,132.1,46.8,58.5,76.2,4.96
Maize,Kharif,0,27.71,93.4,44.1,34.15,21.75,90.5,36.1,33.7,70.6,6.25
Maize,Kharif,9,18.95,99.27,36.04,26.56,37.4,99.5,35.2,36.8,74.2,6.08
Wheat,Rabi,12,18.59,52.58,40.4,28.0,31.6,126.7,49.6,58.4,44.8,7.27
Rice,Kharif,1,28.27,121.51,44.12,34.08,21.8,95.1,27.7,31.8,86.5,5.78
Wheat,Rabi,8,19.6,67.81,27.81,27.28,44.91,138.4,53.2,58.2,56.0,7.23
Sugarcane,Kharif,9,30.89,115.65,40.49,32.1,27.41,151.4,58.8,57.6,65.3,6.89
Rice,Kharif,3,35.35,148.21,32.43,38.22,29.35,99.6,33.2,29.7,81.1,6.2
Wheat,Rabi,5,21.13,49.36,45.91,39.74,14.35,118.4,44.7,37.4,66.9,6.51
Sugarcane,Kharif,10,36.84,162.01,34.56,33.75,31.69,141.5,56.5,57.9,72.8,6.46
Wheat,Rabi,12,20.52,39.15,40.5,31.59,27.91,84.6,28.9,27.0,52.1,7.23
Sugarcane,Kharif,3,31.6,110.8,37.89,33.83,28.28,227.7,93.5,97.3,71.1,6.1
Sugarcane,Kharif,2,27.62,94.7,35.51,33.48,31.01,205.8,70.2,81.9,60.8,6.58
Wheat,Rabi,7,19.63,41.4,25.15,24.56,50.29,61.4,33.4,33.9,46.9,7.32
Wheat,Rabi,12,12.56,32.48,44.29,29.63,26.08,98.5,40.8,45.1,60.1,6.12
Wheat,Rabi,8,17.48,33.56,17.35,36.94,45.71,99.9,43.5,37.6,39.6,6.57
Rice,Kharif,1,32.48,151.59,37.63,34.78,27.59,92.1,30.8,33.7,79.8,6.48
Sugarcane,Kharif,5,34.99,97.07,44.13,30.32,25.55,195.4,73.2,82.8,65.9,7.32
Rice,Kharif,2,23.56,170.29,34.06,39.81,26.13,101.8,27.3,26.2,81.2,5.39
Sugarcane,Kharif,9,31.12,99.5,40.98,29.99,29.03,197.8,82.4,74.3,78.9,6.46
Rice,Kharif,1,24.39,138.11,48.8,34.72,16.48,108.7,36.6,38.0,82.4,5.97
Maize,Rabi,5,23.39,70.62,42.44,35.71,21.85,107.0,46.8,41.3,76.2,6.63
Sugarcane,Kharif,10,22.49,104.93,24.5,42.09,33.41,238.8,88.9,89.0,72.5,6.07
Rice,Kharif,11,31.08,104.33,47.81,33.81,18.38,84.8,32.5,27.9,83.1,4.53
Rice,Kharif,14,24.44,158.33,50.4,33.59,16.01,81.0,31.5,31.2,92.1,6.08
Sugarcane,Kharif,10,26.27,118.73,28.71,46.18,25.11,229.0,93.0,98.2,79.9,6.91
Wheat,Rabi,7,16.61,50.73,27.11,33.73,39.16,60.7,34.6,28.2,55.6,6.28
Wheat,Rabi,5,18.83,27.86,38.78,31.52,29.7,106.1,45.5,47.4,39.1,6.2
Rice,Kharif,3,24.68,133.82,31.78,43.6,24.62,83.8,29.0,35.7,74.3,5.75
Wheat,Rabi,13,18.15,29.69,57.18,26.28,16.54,142.4,54.3,55.8,49.5,6.73
Sugarcane,Kharif,12,36.97,92.05,44.49,35.69,19.82,157.6,57.7,66.8,72.2,6.39
Wheat,Rabi,5,16.17,65.49,46.49,29.12,24.39,61.6,29.8,28.0,38.7,7.0
Sugarcane,Kharif,11,29.45,121.06,47.06,30.07,22.87,220.9,86.2,85.6,66.4,7.28
Wheat,Rabi,5,19.81,49.54,52.38,33.46,14.16,83.4,27.3,28.0,39.9,6.77
Rice,Kharif,6,31.42,122.09,37.52,26.43,36.05,81.8,28.3,27.9,88.5,6.05
Sugarcane,Kharif,10,24.36,141.09,31.66,34.1,34.24,165.0,79.2,73.3,82.3,6.95
Maize,Kharif,6,25.28,87.53,46.6,23.4,30.0,117.8,46.9,44.0,66.8,6.45
Rice,Kharif,10,23.23,104.41,31.65,37.19,31.16,109.6,35.2,45.3,85.2,6.14
Wheat,Rabi,3,17.35,33.33,32.89,38.51,28.6,110.9,46.7,39.5,54.3,7.31
Sugarcane,Kharif,9,29.82,158.32,40.21,22.14,37.65,192.8,71.2,80.3,81.1,6.45
Rice,Kharif,2,26.11,137.62,22.54,36.78,40.68,137.1,48.5,57.1,77.8,5.14
Wheat,Rabi,8,12.92,42.22,20.82,29.98,49.2,112.3,39.2,44.2,49.0,6.27
Wheat,Rabi,5,14.44,59.28,41.2,32.74,26.06,149.4,53.2,58.0,49.6,6.77
Sugarcane,Kharif,12,34.28,145.95,33.89,37.75,28.36,225.2,88.9,90.7,73.5,7.3
Wheat,Rabi,8,14.1,56.05,14.13,30.46,55.41,100.3,44.5,46.0,44.0,6.8
Sugarcane,Kharif,3,33.61,139.33,32.18,36.12,31.7,182.4,75.0,74.3,68.4,6.25
Maize,Kharif,5,27.48,84.19,46.21,37.19,16.6,113.1,43.1,40.3,73.5,5.81
Sugarcane,Kharif,5,24.09,130.28,39.0,42.5,18.5,232.7,97.6,96.4,66.3,7.2
Wheat,Rabi,8,19.84,67.22,24.5,32.49,43.01,147.2,56.2,54.9,64.1,7.15
Wheat,Rabi,5,23.84,52.26,44.26,36.21,19.53,65.5,28.3,27.0,45.1,6.15
Wheat,Rabi,12,14.16,35.69,46.72,31.65,21.63,116.3,41.8,42.7,67.1,6.27
Maize,Kharif,0,20.06,117.81,44.47,33.33,22.2,126.6,41.7,47.7,78.4,7.27
Rice,Kharif,11,27.16,181.6,47.54,26.06,26.4,86.1,31.8,36.0,76.4,5.73
Maize,Rabi,7,22.79,107.42,17.47,38.64,43.89,96.3,33.0,34.1,58.2,6.97
Sugarcane,Kharif,12,26.91,115.06,45.32,24.02,30.66,145.8,63.5,61.8,77.5,6.44
Sugarcane,Kharif,5,30.03,159.3,48.37,25.83,25.8,164.5,85.1,83.2,66.5,7.3
Rice,Kharif,6,30.93,175.15,42.03,23.74,34.23,111.2,45.1,39.7,88.3,4.73
Rice,Kharif,14,32.33,133.48,49.44,34.4,16.16,102.3,34.5,27.9,74.1,5.42
Wheat,Rabi,12,15.53,69.81,37.63,33.33,29.04,91.5,41.2,37.8,58.9,6.58
Maize,Kharif,0,22.08,65.02,48.57,30.61,20.82,115.0,42.7,41.6,77.9,5.84
Maize,Rabi,5,23.37,115.87,54.1,30.99,14.91,96.3,34.8,38.9,64.5,6.64
Maize,Kharif,5,26.25,80.34,52.19,30.67,17.14,133.0,55.1,57.5,67.2,7.36
Sugarcane,Kharif,3,29.7,119.65,35.01,33.19,31.8,214.8,95.9,97.2,70.6,6.76
Rice,Kharif,11,32.39,103.63,40.58,33.08,26.34,138.0,53.1,59.4,81.3,5.53
Maize,Rabi,4,21.68,47.94,32.54,35.3,32.16,98.1,34.5,36.9,59.2,6.99
Sugarcane,Kharif,4,25.94,150.67,33.31,41.76,24.93,211.6,86.3,90.3,75.3,6.57
Rice,Kharif,10,29.35,111.99,36.8,38.95,24.25,80.1,29.9,28.3,78.0,5.34
Rice,Kharif,14,32.33,139.92,47.79,30.41,21.8,123.7,45.1,41.6,93.6,5.09
Wheat,Rabi,3,15.43,44.47,24.07,37.44,38.49,79.1,32.8,32.3,58.6,6.5
Maize,Kharif,5,24.6,82.19,46.98,39.34,13.68,106.4,47.2,44.4,72.0,5.68
Sugarcane,Kharif,11,34.22,140.54,36.02,29.76,34.22,225.2,97.6,93.9,68.1,6.82
Rice,Kharif,6,24.64,152.35,39.54,25.78,34.68,117.9,36.2,40.2,89.6,5.31
Rice,Kharif,6,24.91,162.13,35.68,28.34,35.98,91.8,26.2,28.6,93.7,5.87
Maize,Kharif,4,21.75,69.66,38.57,35.96,25.47,129.3,50.3,58.1,69.8,6.09
Wheat,Rabi,4,13.12,44.85,32.19,36.08,31.73,98.2,40.3,44.2,43.9,6.28
Wheat,Rabi,5,14.55,67.58,43.19,33.03,23.78,91.4,45.3,43.0,61.4,6.17
Sugarcane,Kharif,12,27.72,165.01,47.47,24.44,28.09,151.9,58.2,55.9,84.1,6.67
Maize,Kharif,4,30.27,113.44,34.19,36.83,28.98,108.7,47.3,43.8,58.0,6.42
Rice,Kharif,3,28.74,112.86,31.14,39.08,29.78,100.4,29.3,33.6,89.6,6.08
Wheat,Rabi,12,18.32,61.03,45.16,29.0,25.84,67.5,27.3,30.8,67.4,7.26
Wheat,Rabi,13,21.81,48.07,55.68,24.15,20.17,111.1,39.0,44.3,51.2,7.49
Sugarcane,Kharif,5,34.81,119.78,39.53,35.65,24.82,231.0,86.0,87.7,80.4,6.8
Wheat,Rabi,13,15.37,57.08,67.42,16.02,16.56,83.4,35.9,33.6,38.3,6.61
Maize,Rabi,6,25.76,78.79,32.56,29.7,37.74,137.0,54.0,58.5,58.6,6.1
Rice,Kharif,14,34.73,134.49,41.31,33.32,25.37,93.6,28.5,34.2,77.0,5.39
Maize,Rabi,5,24.59,74.09,39.46,35.47,25.07,107.2,41.3,46.3,61.3,6.78
Sugarcane,Kharif,4,32.23,119.38,41.0,37.26,21.74,198.2,84.6,72.2,76.6,7.06
Maize,Kharif,4,23.12,115.21,44.17,37.91,17.92,133.7,57.2,50.9,51.6,6.85
Maize,Rabi,5,25.76,58.48,48.89,37.87,13.24,114.2,46.5,48.4,64.0,7.44
Maize,Kharif,8,18.55,89.06,14.93,28.11,56.96,108.3,42.4,46.5,51.8,7.42
Rice,Kharif,6,23.05,145.1,35.89,29.13,34.98,112.4,41.7,39.1,80.8,6.44
Maize,Kharif,7,22.73,97.73,28.55,31.42,40.03,86.1,30.4,37.0,56.7,6.02
Maize,Rabi,4,21.39,76.06,41.75,34.85,23.4,129.0,57.0,51.7,57.0,6.48
Rice,Kharif,2,33.91,158.57,24.19,36.3,39.51,131.6,45.2,49.3,86.1,4.85
Rice,Kharif,11,33.18,181.83,48.81,32.96,18.23,102.1,28.7,28.9,80.5,6.0
Maize,Kharif,7,19.84,96.02,30.25,21.64,48.11,129.6,56.5,52.6,75.3,5.96
Sugarcane,Kharif,9,25.96,144.38,35.94,23.58,40.48,130.4,65.8,56.0,71.0,6.45
Sugarcane,Kharif,3,32.74,81.7,30.82,43.44,25.74,176.9,84.6,75.2,72.6,6.88
Rice,Kharif,2,31.74,115.29,30.09,33.55,36.36,140.3,45.3,59.9,73.3,5.16
Rice,Kharif,2,34.82,117.11,20.36,47.43,32.21,99.9,26.7,34.9,90.9,5.59
Wheat,Rabi,3,19.76,56.19,22.82,39.3,37.88,106.7,42.2,40.3,39.5,7.0
Sugarcane,Kharif,2,26.97,163.92,26.54,30.13,43.33,136.1,56.6,62.3,79.6,6.99
Maize,Kharif,0,31.14,54.19,48.29,28.17,23.54,94.0,36.1,35.3,56.4,5.56
Rice,Kharif,2,29.98,160.94,26.45,33.32,40.23,124.3,40.7,46.5,87.7,5.76
Sugarcane,Kharif,4,33.18,102.63,34.42,41.55,24.03,122.2,69.1,64.5,74.1,6.8
Maize,Kharif,8,30.8,53.48,23.9,34.66,41.44,108.4,44.6,42.6,72.7,7.02
Wheat,Rabi,13,18.26,40.42,55.94,18.75,25.31,142.1,50.3,50.6,54.0,6.19
Rice,Kharif,3,25.5,113.14,34.77,35.0,30.23,128.5,48.4,52.1,93.6,6.34
Maize,Kharif,5,27.81,75.14,55.06,29.46,15.48,145.6,52.7,56.4,52.3,6.97
Maize,Kharif,0,21.46,112.47,47.03,31.9,21.07,106.2,46.0,40.2,77.3,7.39
Wheat,Rabi,8,15.1,33.69,23.2,26.4,50.4,60.3,34.5,26.5,40.5,6.49
Sugarcane,Kharif,10,32.57,153.34,30.62,37.77,31.61,187.4,84.6,72.7,78.1,7.19
Rice,Kharif,6,28.89,185.11,39.62,30.63,29.75,130.2,46.1,53.3,87.6,5.1
Maize,Kharif,8,30.81,85.27,21.3,32.58,46.12,85.6,38.7,37.4,71.8,5.74
Sugarcane,Kharif,5,22.61,115.35,51.89,30.6,17.51,236.1,95.2,99.7,80.0,6.78
Sugarcane,Kharif,5,26.25,93.3,54.28,27.26,18.46,122.4,65.4,68.2,77.5,6.39
Wheat,Rabi,4,19.39,53.58,38.24,33.0,28.76,79.6,26.9,25.8,39.4,6.56
Rice,Kharif,3,25.3,100.46,33.51,31.74,34.75,147.0,48.0,57.5,82.2,4.67
Maize,Rabi,7,24.94,68.49,21.48,35.1,43.42,112.7,42.1,43.5,72.6,5.94
Rice,Kharif,1,32.41,151.95,43.16,33.22,23.62,88.3,25.8,27.2,86.9,4.56
Wheat,Rabi,13,22.11,27.32,60.73,24.02,15.25,147.5,48.5,59.7,38.5,7.05
Wheat,Rabi,13,23.07,46.24,62.53,19.81,17.66,128.5,57.5,59.7,38.4,6.42
Rice,Kharif,10,34.09,110.42,37.77,34.86,27.37,114.5,39.8,45.7,88.2,5.51
Rice,Kharif,3,34.55,141.39,35.14,41.95,22.91,138.3,46.0,54.9,86.0,4.88
Wheat,Rabi,3,20.88,53.38,28.43,45.17,26.4,118.0,37.4,41.7,54.5,7.03
Maize,Kharif,4,28.24,57.36,36.56,40.28,23.16,116.3,40.9,48.1,60.5,6.03
Rice,Kharif,1,23.67,136.17,44.96,30.35,24.69,107.5,42.5,43.0,87.5,5.4
Maize,Rabi,4,27.44,49.24,38.16,37.73,24.11,86.9,38.0,32.7,70.2,7.19
Rice,Kharif,6,30.94,100.11,31.58,29.92,38.5,138.1,48.2,57.6,92.6,5.54
Sugarcane,Kharif,5,28.32,109.34,48.49,25.32,26.19,219.3,98.5,96.9,68.5,6.29
Maize,Kharif,6,29.39,47.68,30.76,32.14,37.1,137.8,54.2,52.4,65.8,6.82
Maize,Rabi,5,22.09,97.9,41.59,43.2,15.21,112.7,40.5,48.3,72.1,6.11
Sugarcane,Kharif,3,29.0,152.43,36.35,29.28,34.37,128.1,58.8,55.8,83.1,6.96
Sugarcane,Kharif,11,27.55,98.34,41.11,32.15,26.74,207.1,75.8,75.8,71.1,6.08
Sugarcane,Kharif,12,23.88,154.3,32.99,40.19,26.82,122.0,57.3,57.0,81.1,6.49
Sugarcane,Kharif,5,35.46,117.94,43.59,34.67,21.74,169.6,71.4,78.6,70.0,6.04
Wheat,Rabi,3,20.5,32.74,31.54,41.19,27.27,83.9,26.4,26.4,67.2,6.67
Rice,Kharif,6,28.85,130.37,37.24,36.16,26.6,91.4,29.4,28.9,92.0,4.67
Wheat,Rabi,7,14.13,58.78,23.51,28.8,47.69,130.4,59.2,58.4,62.2,7.49
Sugarcane,Kharif,5,36.43,91.21,50.15,29.7,20.15,142.7,59.8,56.1,80.6,6.61
Rice,Kharif,14,28.14,116.36,49.71,32.44,17.85,100.3,30.5,27.7,75.6,6.15
Maize,Kharif,0,19.27,114.24,45.7,31.79,22.51,104.1,42.3,49.0,70.7,5.75
Sugarcane,Kharif,12,37.81,138.47,44.69,34.39,20.92,219.0,98.4,93.3,77.0,6.06
Maize,Rabi,5,25.71,63.79,43.32,33.7,22.98,120.2,45.9,46.9,61.9,6.36
Wheat,Rabi,12,23.75,52.16,31.58,40.81,27.61,133.6,55.2,55.7,48.7,6.97
Wheat,Rabi,5,18.06,68.52,48.2,35.92,15.88,116.7,41.6,38.5,50.5,7.48
Wheat,Rabi,3,12.48,46.62,40.52,31.34,28.14,78.4,33.1,31.5,41.1,6.36
Rice,Kharif,2,34.69,156.14,33.33,30.63,36.04,127.8,45.9,56.2,75.1,4.73
Wheat,Rabi,8,21.87,58.49,20.98,33.8,45.22,136.0,53.5,57.7,58.4,6.36
Rice,Kharif,14,35.68,142.67,45.68,34.3,20.02,133.2,49.1,55.4,73.5,4.6
Maize,Kharif,7,28.7,46.35,25.45,31.98,42.57,146.9,52.9,53.4,78.0,5.67
Sugarcane,Kharif,11,28.81,86.63,42.05,30.81,27.14,219.0,92.2,92.1,60.8,7.04
Sugarcane,Kharif,9,24.18,102.03,26.19,40.26,33.55,135.4,59.3,57.6,73.6,7.2
Maize,Rabi,9,18.07,113.83,36.47,31.25,32.28,90.9,35.7,30.5,55.9,7.47
Sugarcane,Kharif,4,23.88,140.68,38.97,30.89,30.14,174.1,74.6,71.7,70.2,6.31
Rice,Kharif,10,31.29,188.67,31.53,38.77,29.7,138.5,51.5,48.7,89.7,5.37
Rice,Kharif,11,25.69,176.63,44.7,24.75,30.55,120.7,42.9,38.0,73.9,5.21
Sugarcane,Kharif,12,25.65,82.18,45.17,35.99,18.84,243.0,88.8,91.6,69.6,6.21
Wheat,Rabi,12,19.73,61.89,35.44,33.35,31.21,126.3,59.9,49.5,48.0,7.1
Wheat,Rabi,7,20.08,37.39,22.08,33.41,44.51,145.8,59.0,53.4,47.2,7.18
Sugarcane,Kharif,3,24.76,111.47,34.17,38.73,27.1,199.9,77.9,73.0,67.3,6.92
Sugarcane,Kharif,11,22.3,141.53,40.39,34.04,25.57,235.3,86.1,87.6,76.1,6.62
Wheat,Rabi,8,23.33,29.6,23.61,25.07,51.32,143.3,51.1,50.0,63.6,6.79
Sugarcane,Kharif,4,33.64,86.47,36.48,38.1,25.42,247.9,94.0,85.4,65.6,7.12
Wheat,Rabi,8,15.16,36.99,21.8,29.47,48.73,84.9,29.7,33.9,60.0,6.38
Maize,Kharif,6,29.38,90.87,41.13,22.35,36.52,81.1,36.0,37.9,73.4,6.94
Wheat,Rabi,3,14.54,39.0,28.43,36.76,34.81,107.2,48.3,41.5,43.0,6.37
Maize,Kharif,9,21.95,86.64,39.75,33.51,26.74,144.9,57.4,58.9,71.9,6.57
Wheat,Rabi,3,18.61,28.91,27.84,42.56,29.6,92.2,39.2,44.7,50.3,6.56
Rice,Kharif,2,27.94,155.55,30.47,36.74,32.79,84.4,31.6,32.2,94.3,5.96
Maize,Kharif,4,28.09,99.64,43.87,40.57,15.56,125.3,48.2,48.4,50.0,7.41
Wheat,Rabi,7,13.46,33.89,19.75,34.27,45.98,115.6,47.5,39.6,64.6,6.97
Wheat,Rabi,13,20.37,38.38,61.53,19.25,19.22,145.4,52.1,58.0,65.7,7.46
Sugarcane,Kharif,2,25.62,81.52,26.65,37.08,36.27,121.4,65.0,61.0,74.4,6.32
Rice,Kharif,3,34.46,184.77,35.23,36.41,28.36,128.0,47.0,57.6,89.0,4.67
Rice,Kharif,14,27.24,142.17,54.43,26.95,18.62,144.7,49.3,55.0,75.4,6.47
Maize,Rabi,7,19.44,115.73,29.47,29.58,40.95,145.0,59.6,51.4,73.9,5.86
Wheat,Rabi,5,19.54,48.97,47.47,34.47,18.06,67.8,25.5,31.6,57.1,6.67
Wheat,Rabi,12,14.26,55.26,35.39,39.92,24.69,82.2,35.6,30.0,67.3,6.15
Wheat,Rabi,12,13.83,65.48,45.15,34.57,20.28,79.9,31.7,36.4,59.3,7.41
Rice,Kharif,2,31.6,173.52,27.65,34.12,38.23,95.4,26.0,25.1,89.2,5.9
Sugarcane,Kharif,12,36.06,115.6,43.05,27.51,29.44,163.0,74.8,73.2,67.3,6.35
Rice,Kharif,2,35.29,160.62,23.89,39.02,37.09,140.3,48.6,50.3,73.5,5.43
Wheat,Rabi,7,13.91,52.22,32.82,34.43,32.75,128.9,49.7,56.0,47.5,7.3
Maize,Kharif,9,20.63,93.99,38.1,36.14,25.76,100.5,37.0,32.1,54.5,6.61
Sugarcane,Kharif,9,29.11,154.75,30.73,30.76,38.51,202.4,75.1,85.1,75.4,6.44
Maize,Kharif,9,22.56,55.78,31.23,24.46,44.31,84.1,36.0,33.3,71.3,6.57
Rice,Kharif,2,28.66,147.26,30.01,29.23,40.76,109.5,44.9,41.1,76.6,6.0
Maize,Kharif,5,23.64,89.16,36.01,41.57,22.42,119.5,43.2,40.9,52.7,6.36
Maize,Rabi,9,28.32,58.35,39.96,24.6,35.44,133.0,55.2,51.2,74.7,6.05
Sugarcane,Kharif,2,23.29,158.05,24.56,45.37,30.07,196.3,71.4,76.7,65.0,7.12
Maize,Kharif,6,29.06,100.41,39.09,21.93,38.98,132.7,57.8,59.6,68.8,7.47
Wheat,Rabi,3,14.84,60.12,32.81,43.8,23.39,78.5,30.2,31.8,46.2,7.23
Wheat,Rabi,13,18.85,26.37,63.17,17.93,18.9,101.8,44.3,37.8,65.9,7.03
Rice,Kharif,1,31.06,149.03,41.7,33.36,24.94,96.3,27.2,29.2,74.9,5.08
Maize,Kharif,6,22.1,50.94,32.96,35.27,31.77,130.9,52.1,52.9,64.6,6.13
Sugarcane,Kharif,12,34.53,110.81,40.0,31.13,28.87,177.9,76.8,71.4,65.6,6.53
Wheat,Rabi,5,12.39,66.07,45.05,32.03,22.92,83.2,28.2,27.5,45.4,6.87
Maize,Kharif,9,27.64,103.88,34.51,36.11,29.38,137.7,52.8,54.7,73.9,5.77
Maize,Rabi,5,29.71,98.88,46.47,31.6,21.93,122.0,47.5,44.4,65.7,5.59
Sugarcane,Kharif,12,22.62,143.76,31.37,36.65,31.98,140.3,66.9,65.9,76.1,6.42
Maize,Kharif,4,31.77,95.05,47.92,33.2,18.88,113.8,43.3,44.4,51.3,6.15
Sugarcane,Kharif,10,25.6,157.25,34.54,38.93,26.53,163.7,75.0,72.7,72.0,6.84
Sugarcane,Kharif,2,22.14,143.02,25.28,44.84,29.88,214.5,90.2,91.2,68.6,7.18
Wheat,Rabi,4,16.84,34.93,42.05,27.84,30.11,132.7,58.2,55.7,50.6,6.31
Maize,Kharif,5,22.22,91.95,43.77,34.68,21.55,138.4,53.4,50.8,54.5,6.44
Rice,Kharif,11,25.84,184.18,35.29,28.33,36.38,107.0,39.1,36.7,82.7,5.39
Wheat,Rabi,7,19.19,53.06,17.56,42.49,39.95,140.4,56.6,55.5,57.5,6.4
Maize,Rabi,7,20.2,96.8,28.59,26.73,44.68,97.3,34.8,36.0,65.4,6.8
Wheat,Rabi,5,16.19,66.83,34.51,36.92,28.57,125.7,49.2,57.0,62.9,7.45
Rice,Kharif,11,32.47,129.12,48.68,29.48,21.84,146.1,54.2,56.0,87.3,5.61
Maize,Kharif,6,21.18,57.85,40.05,20.89,39.06,112.4,43.1,44.6,70.0,6.72
Wheat,Rabi,12,19.33,37.63,37.91,32.53,29.56,61.1,26.2,28.9,44.2,6.77
Wheat,Rabi,7,22.45,57.13,29.49,22.54,47.97,76.3,34.4,30.2,62.1,6.51
Wheat,Rabi,5,15.07,52.52,52.55,31.6,15.85,132.1,49.0,58.7,40.4,6.01
Maize,Kharif,7,25.57,117.6,26.65,33.27,40.08,93.0,30.7,37.6,57.7,7.22
Sugarcane,Kharif,3,36.9,111.81,27.67,40.12,32.21,204.3,76.0,80.7,69.9,6.26
Wheat,Rabi,7,20.67,57.4,28.25,29.09,42.66,125.7,58.9,55.2,57.2,7.04
Wheat,Rabi,7,14.24,25.89,22.76,37.75,39.49,86.1,32.0,27.9,49.7,6.29
Sugarcane,Kharif,5,35.47,159.81,45.33,31.89,22.78,217.1,92.4,91.0,61.8,6.95
Rice,Kharif,3,24.33,167.66,29.98,40.18,29.84,80.2,28.9,34.8,92.8,5.99
Sugarcane,Kharif,9,29.44,163.74,38.79,30.14,31.07,160.6,64.0,63.6,83.6,7.17
Maize,Kharif,9,21.94,63.32,36.4,28.6,35.0,119.8,46.4,49.9,66.8,5.54
Maize,Kharif,9,26.93,45.7,38.69,25.44,35.87,122.0,43.0,40.3,51.0,7.2
Maize,Kharif,6,20.89,63.74,39.23,32.98,27.79,127.1,57.8,58.2,60.1,6.68
Rice,Kharif,6,31.71,142.15,39.06,23.3,37.64,125.2,45.1,46.0,89.8,4.75
Rice,Kharif,14,31.96,174.09,46.88,38.44,14.68,124.3,45.0,40.0,84.8,6.06
Maize,Kharif,7,21.28,89.11,25.88,30.83,43.29,96.5,31.1,37.4,67.1,6.47
Rice,Kharif,14,24.39,139.61,47.47,30.12,22.41,107.2,39.9,37.9,88.8,6.38
Wheat,Rabi,12,23.9,68.68,38.11,32.79,29.1,84.7,25.8,29.9,66.3,7.18
Wheat,Rabi,7,14.18,48.63,25.18,25.57,49.25,104.5,46.1,43.1,59.3,6.16
Sugarcane,Kharif,3,34.66,137.06,36.96,43.27,19.77,166.3,83.4,82.3,74.2,6.25
Rice,Kharif,11,33.99,165.44,39.38,26.89,33.73,107.5,35.6,48.4,94.6,4.81
Maize,Rabi,6,25.43,76.18,38.59,30.11,31.3,116.5,41.3,43.2,75.5,5.96
Maize,Kharif,6,20.48,53.22,31.77,28.75,39.48,137.6,58.1,51.9,67.0,7.36
Wheat,Rabi,13,19.44,49.01,60.9,23.2,15.9,112.5,36.9,43.3,64.8,7.18
Maize,Kharif,9,21.38,83.23,43.67,25.99,30.34,106.3,40.4,47.8,61.4,6.4
Maize,Kharif,5,29.85,54.56,43.64,28.78,27.58,148.3,54.1,58.9,52.8,6.68
Rice,Kharif,10,26.97,136.24,32.62,34.26,33.12,129.9,50.8,56.5,87.5,5.86
Sugarcane,Kharif,2,32.1,86.93,20.17,42.0,37.83,193.7,73.5,71.7,72.2,6.31
Wheat,Rabi,13,14.65,32.82,60.58,24.91,14.51,109.7,40.8,42.8,57.7,7.27
Rice,Kharif,14,28.02,131.81,54.04,26.5,19.46,126.3,39.1,41.8,79.3,5.48
Maize,Kharif,0,21.94,95.1,53.35,27.01,19.64,107.6,46.3,43.3,55.3,6.66
Rice,Kharif,3,32.22,109.49,33.41,33.29,33.3,143.7,46.2,53.2,91.3,5.84
Sugarcane,Kharif,3,36.36,118.61,39.08,34.16,26.76,165.0,76.5,82.5,65.9,6.62
Sugarcane,Kharif,4,35.74,115.51,44.44,31.4,24.16,140.8,60.3,68.2,77.6,6.84
Rice,Kharif,11,34.87,150.91,40.74,30.78,28.48,86.4,27.0,25.2,76.2,4.78
Wheat,Rabi,5,13.4,31.43,40.14,30.81,29.05,91.9,46.3,45.0,60.8,6.93
Maize,Kharif,4,30.62,57.29,36.56,34.73,28.71,133.3,59.5,50.7,61.4,5.78
Wheat,Rabi,4,19.22,35.07,39.59,31.66,28.75,106.1,40.8,47.2,62.7,6.52
Maize,Kharif,0,20.94,50.56,40.2,35.95,23.85,139.5,59.5,51.9,63.9,6.73
Rice,Kharif,2,34.86,115.96,20.68,37.82,41.5,108.7,35.8,45.7,72.2,6.11
Maize,Kharif,0,28.21,117.3,49.95,27.54,22.51,95.5,36.0,30.7,54.7,5.95
Sugarcane,Kharif,2,25.61,128.14,24.4,35.7,39.9,227.6,96.8,91.6,83.9,6.75
Rice,Kharif,2,28.88,166.52,29.52,36.62,33.86,80.7,30.3,25.4,87.8,6.13
Maize,Kharif,8,29.68,45.61,19.08,40.0,40.92,126.9,46.3,45.6,56.4,6.73
Rice,Kharif,14,29.63,127.01,47.79,31.78,20.43,104.9,35.1,37.8,75.5,5.07
Maize,Kharif,6,30.58,57.33,37.28,31.71,31.01,85.9,32.6,35.5,74.1,7.08
Sugarcane,Kharif,11,23.66,91.32,44.58,32.89,22.53,236.8,88.1,99.6,62.3,6.27
Maize,Kharif,4,19.39,107.93,39.76,33.44,26.8,142.3,52.4,59.0,77.9,6.14
Wheat,Rabi,5,15.03,57.1,48.56,29.09,22.35,75.8,27.8,28.1,64.9,6.77
Wheat,Rabi,7,21.26,26.22,30.53,29.9,39.57,123.4,56.0,57.9,40.0,6.7
Wheat,Rabi,8,16.52,49.84,25.42,25.34,49.24,114.4,39.6,39.5,62.1,6.07
Maize,Kharif,8,27.44,85.61,12.44,36.53,51.03,146.9,56.5,58.6,75.3,7.02
Sugarcane,Kharif,5,30.19,143.18,42.15,32.47,25.38,129.6,62.0,58.7,67.8,6.46
Sugarcane,Kharif,10,35.32,120.37,35.91,45.37,18.72,245.1,93.5,88.9,74.8,6.4
Maize,Kharif,5,29.76,119.79,49.76,33.81,16.43,93.4,39.3,38.0,58.8,6.22
Sugarcane,Kharif,4,36.4,110.63,42.61,40.99,16.4,126.1,63.9,64.2,62.8,7.06
Rice,Kharif,3,27.58,140.15,30.91,45.76,23.33,120.3,40.1,43.8,87.4,5.17
Wheat,Rabi,8,14.65,69.03,18.12,27.83,54.05,142.7,51.6,54.7,60.4,6.84
Maize,Kharif,7,20.95,46.73,24.6,33.1,42.3,141.7,50.8,51.4,76.9,5.92
Maize,Rabi,0,27.96,52.5,50.45,33.77,15.78,127.1,54.8,50.3,51.0,6.62
Maize,Kharif,9,26.34,79.53,35.16,31.51,33.33,131.5,55.0,57.9,60.9,6.21
Wheat,Rabi,13,17.03,25.82,58.45,23.04,18.51,110.8,39.6,36.7,61.8,6.1
Maize,Rabi,9,29.79,99.18,34.67,23.75,41.58,130.6,54.9,53.7,52.3,5.71
Sugarcane,Kharif,3,30.96,101.73,31.25,33.49,35.26,212.3,88.0,88.3,84.4,7.19
Maize,Kharif,9,18.8,112.03,47.14,26.39,26.47,124.0,43.1,41.2,65.9,6.84
Maize,Kharif,4,20.13,113.42,40.91,26.85,32.24,124.0,49.0,46.6,76.8,6.81
Rice,Kharif,2,29.33,163.21,21.11,41.88,37.01,85.1,29.4,34.2,91.6,5.21
Sugarcane,Kharif,3,37.34,98.13,27.76,46.2,26.04,208.1,87.7,93.5,76.4,6.07
Maize,Kharif,7,20.38,68.71,22.02,41.31,36.67,120.6,39.9,46.0,62.7,6.12
Maize,Kharif,6,20.78,117.12,39.5,27.62,32.88,89.5,35.4,35.4,65.3,6.97
Wheat,Rabi,8,22.86,29.11,24.96,28.6,46.44,133.6,51.8,52.2,47.6,7.43
Wheat,Rabi,13,14.82,64.12,61.37,23.11,15.52,96.0,44.1,39.6,52.2,6.8
Rice,Kharif,11,33.98,120.16,48.64,22.18,29.18,118.5,37.3,44.7,77.5,5.52
Wheat,Rabi,5,23.99,43.26,48.92,29.93,21.15,102.4,45.5,36.8,44.6,7.14
Sugarcane,Kharif,12,28.37,163.87,45.75,30.08,24.17,187.9,72.1,77.0,77.6,6.06
Sugarcane,Kharif,2,36.84,88.31,24.25,43.75,32.0,122.4,56.8,68.8,69.3,7.06
Wheat,Rabi,3,23.87,53.18,30.99,41.24,27.77,83.4,31.6,32.6,53.9,7.26
Wheat,Rabi,13,20.07,44.97,55.99,23.89,20.12,110.6,42.5,43.9,64.0,6.27
Sugarcane,Kharif,12,30.33,114.44,41.71,35.2,23.09,179.6,81.3,83.8,84.0,6.5
Maize,Kharif,5,23.98,117.15,47.49,31.79,20.72,123.4,46.8,49.1,71.7,6.79
Maize,Kharif,0,28.34,70.17,51.81,35.17,13.02,142.0,56.2,53.2,73.0,6.37
Wheat,Rabi,5,20.24,29.19,37.78,32.08,30.14,130.3,51.9,59.1,38.9,7.23
Rice,Kharif,10,34.32,171.33,29.5,42.19,28.31,82.2,29.8,35.6,86.4,6.0
Rice,Kharif,14,25.04,161.51,50.62,29.38,20.0,149.6,48.0,51.9,85.7,6.01
Rice,Kharif,1,33.89,155.3,44.82,25.97,29.21,87.5,26.3,30.1,85.4,5.01
Sugarcane,Kharif,10,28.27,131.86,37.58,43.35,19.07,126.7,69.3,55.6,66.9,6.26
Sugarcane,Kharif,5,32.95,112.55,47.59,25.21,27.2,191.0,83.4,76.4,71.2,6.49
Maize,Kharif,0,30.28,76.36,44.81,29.15,26.04,125.9,40.9,40.1,77.3,7.49
Sugarcane,Kharif,5,30.89,152.59,46.2,38.56,15.24,200.7,80.2,72.5,72.6,7.37
Rice,Kharif,3,35.12,111.27,36.82,33.65,29.53,96.5,29.3,28.5,80.8,4.56
Rice,Kharif,14,29.57,105.58,48.83,31.69,19.48,125.9,35.4,37.7,73.6,5.65
Wheat,Rabi,4,18.58,49.7,39.28,39.66,21.06,63.5,30.5,32.0,44.1,7.03
Rice,Kharif,11,26.95,173.05,41.45,28.15,30.4,108.5,41.7,43.8,78.8,5.39
Wheat,Rabi,8,22.58,37.51,22.01,26.36,51.63,84.2,32.1,32.9,43.8,7.32
Sugarcane,Kharif,11,27.6,90.44,43.35,34.12,22.53,156.5,61.5,69.4,60.7,6.17
Wheat,Rabi,3,13.81,35.14,35.47,40.97,23.56,145.8,56.8,49.2,45.5,7.28
Wheat,Rabi,3,20.16,58.3,33.48,38.86,27.66,129.1,49.6,49.1,45.1,6.57
Rice,Kharif,6,31.09,179.38,41.85,29.62,28.53,127.3,51.9,59.4,94.1,4.88
Wheat,Rabi,3,22.53,42.66,31.98,40.49,27.53,112.6,42.5,39.3,62.5,6.66
Wheat,Rabi,7,14.64,46.98,18.95,43.0,38.05,118.9,36.8,44.8,60.1,6.79
Rice,Kharif,14,32.19,117.13,51.98,21.19,26.83,121.7,38.9,43.4,80.4,4.71
Rice,Kharif,3,32.35,155.69,27.38,43.9,28.72,91.2,34.3,32.4,73.9,4.94
Sugarcane,Kharif,5,29.2,145.5,38.78,33.98,27.24,189.6,80.4,74.2,71.7,6.34
Sugarcane,Kharif,12,24.78,160.33,35.74,35.32,28.94,213.9,98.9,85.2,62.3,7.08
Maize,Kharif,7,20.95,66.77,19.48,33.74,46.78,113.8,48.3,40.9,73.6,5.82
Sugarcane,Kharif,12,36.24,149.15,36.24,34.74,29.02,199.7,83.6,76.2,67.4,6.82
Rice,Kharif,10,32.94,123.9,38.86,28.61,32.53,91.5,27.9,28.1,90.6,5.0
Sugarcane,Kharif,12,37.62,84.38,33.23,36.78,29.99,205.8,83.4,84.3,64.5,6.97
Wheat,Rabi,7,18.18,32.26,20.23,40.53,39.24,130.8,49.7,51.0,40.5,6.03
Sugarcane,Kharif,10,25.7,88.66,46.98,32.04,20.98,227.1,88.7,95.4,84.5,6.44
Maize,Rabi,5,28.34,116.99,49.54,29.46,21.0,91.0,39.2,30.8,70.4,6.64
Sugarcane,Kharif,3,37.0,144.83,32.26,35.52,32.22,178.7,74.4,73.1,71.4,6.85
Wheat,Rabi,12,20.48,27.82,35.73,39.32,24.95,123.3,52.6,51.6,63.2,6.01
Wheat,Rabi,3,16.93,52.13,24.49,46.89,28.62,137.6,59.1,49.4,46.1,6.2
Wheat,Rabi,12,15.55,45.66,38.88,34.26,26.86,112.4,46.8,42.9,50.3,7.08
Sugarcane,Kharif,10,22.73,89.82,37.75,29.92,32.33,161.0,69.2,67.4,64.7,6.76
Rice,Kharif,11,27.37,182.85,50.81,30.84,18.35,149.4,50.2,55.5,72.3,5.61
Sugarcane,Kharif,11,35.64,101.75,39.53,28.88,31.59,161.6,64.4,66.3,60.4,6.93
Rice,Kharif,6,26.85,112.91,39.16,20.81,40.03,144.3,50.9,58.0,75.5,5.37
Wheat,Rabi,4,19.61,59.69,34.73,39.86,25.41,141.7,52.7,58.5,38.1,7.29
Wheat,Rabi,3,13.01,51.88,37.5,31.29,31.21,75.8,33.3,25.7,67.6,6.8
Maize,Kharif,4,26.83,101.22,41.08,31.97,26.95,86.6,32.9,34.0,63.1,7.37
Maize,Kharif,6,25.76,86.91,31.13,30.3,38.57,106.3,45.0,42.1,71.2,5.85
Sugarcane,Kharif,3,36.88,140.48,41.1,34.81,24.09,172.0,77.6,71.8,68.0,6.3
Rice,Kharif,6,24.6,146.67,40.15,25.43,34.42,83.3,28.8,31.4,77.7,5.22
Rice,Kharif,6,31.97,175.37,38.47,27.85,33.68,105.9,37.2,37.8,79.4,6.28
Maize,Kharif,6,19.67,93.68,29.78,28.12,42.1,112.6,46.3,47.9,67.0,6.61
Sugarcane,Kharif,12,36.85,102.65,36.15,28.13,35.72,144.0,67.8,67.3,66.7,6.62
Maize,Kharif,5,20.15,114.13,52.14,30.21,17.65,119.5,42.1,44.4,72.7,6.96
Wheat,Rabi,4,16.71,44.69,38.17,39.36,22.47,78.5,35.0,36.0,65.1,6.52
Sugarcane,Kharif,9,34.17,85.27,29.02,36.26,34.72,131.3,56.9,62.4,60.5,7.46
Sugarcane,Kharif,9,28.73,153.29,40.38,22.86,36.76,171.0,75.4,81.4,60.5,6.17
Wheat,Rabi,12,22.7,25.13,47.62,27.07,25.31,133.7,53.9,55.6,39.2,6.91
Sugarcane,Kharif,12,22.93,129.3,41.13,30.22,28.65,241.9,97.5,93.6,62.1,7.36
Sugarcane,Kharif,10,22.85,151.9,30.81,38.79,30.4,132.3,63.8,59.4,80.6,6.36
Sugarcane,Kharif,2,32.75,114.25,24.57,39.95,35.48,196.7,81.5,74.3,72.2,7.48
Rice,Kharif,10,26.11,156.17,36.34,36.47,27.19,111.4,38.1,46.0,82.9,6.25
Sugarcane,Kharif,3,33.1,114.73,27.69,43.52,28.79,200.6,81.4,79.2,69.3,6.68
Sugarcane,Kharif,11,36.99,87.7,39.88,28.9,31.22,209.9,91.6,87.2,73.9,6.38
Sugarcane,Kharif,4,22.95,107.96,28.57,40.25,31.18,128.0,67.8,60.8,84.8,6.63
Sugarcane,Kharif,2,25.07,137.49,21.18,39.35,39.47,238.0,88.9,86.5,61.3,6.47
Maize,Kharif,6,28.32,80.7,38.06,31.83,30.11,80.4,31.0,34.9,53.7,7.36
Rice,Kharif,10,27.43,167.28,25.54,39.17,35.29,146.0,45.7,52.8,84.6,5.4
Wheat,Rabi,13,12.04,52.88,55.33,26.24,18.43,139.4,49.2,55.1,48.7,7.19
Maize,Kharif,8,23.59,76.16,23.07,32.14,44.79,81.0,33.1,32.9,62.2,6.15
Sugarcane,Kharif,3,24.87,130.44,39.28,39.24,21.48,152.7,57.5,64.4,84.6,6.44
Wheat,Rabi,7,21.42,56.85,27.45,28.29,44.26,72.9,26.0,27.5,61.7,6.78
Maize,Rabi,6,24.41,64.4,35.6,34.42,29.98,120.4,41.1,41.6,71.5,6.94
Maize,Kharif,9,26.93,66.61,35.15,32.14,32.71,130.4,50.8,60.0,57.1,6.96
Sugarcane,Kharif,5,29.49,166.63,42.27,33.3,24.43,123.0,58.8,57.9,73.9,6.99
Maize,Kharif,4,18.3,71.1,40.15,30.55,29.3,104.6,41.0,46.5,71.6,7.03
Maize,Kharif,4,23.25,114.41,36.6,41.98,21.42,117.8,41.4,45.2,74.9,5.72
Sugarcane,Kharif,2,37.71,88.47,28.9,41.66,29.44,187.4,74.2,84.2,74.7,6.94
Sugarcane,Kharif,4,29.93,151.21,42.35,27.68,29.97,138.5,63.6,66.2,68.5,6.58
Wheat,Rabi,7,13.88,26.97,19.79,32.15,48.06,131.8,50.3,51.6,41.3,6.9
Sugarcane,Kharif,12,27.01,132.64,38.39,36.81,24.8,162.5,61.6,64.4,70.9,7.47
Sugarcane,Kharif,10,34.29,153.57,29.82,39.59,30.59,208.1,90.8,93.0,63.1,7.23
Rice,Kharif,14,24.66,152.4,51.29,32.07,16.64,112.4,44.0,46.2,78.9,4.57
Wheat,Rabi,3,15.03,41.17,28.64,37.88,33.48,141.2,53.6,58.4,49.4,6.91
Wheat,Rabi,5,22.4,50.73,41.12,30.66,28.22,110.4,37.9,37.1,65.2,7.41
Sugarcane,Kharif,9,35.91,100.92,35.79,37.27,26.94,168.8,80.4,73.1,62.0,6.94
Maize,Kharif,7,25.2,87.99,21.35,35.25,43.4,84.6,31.3,36.7,77.8,6.79
Wheat,Rabi,5,12.49,32.38,44.7,34.86,20.44,108.5,40.5,42.1,51.2,7.09
Rice,Kharif,1,26.01,176.4,49.93,32.58,17.49,116.7,40.8,45.1,81.1,4.99
Rice,Kharif,1,29.84,168.34,42.97,34.81,22.22,115.4,39.1,38.9,88.4,4.89
Maize,Kharif,6,28.62,90.45,35.7,33.99,30.31,138.5,55.5,52.9,67.1,5.61
Rice,Kharif,3,24.18,144.78,26.36,45.26,28.38,131.5,49.4,53.2,78.1,5.95
Sugarcane,Kharif,10,23.32,134.27,39.09,34.26,26.65,120.3,65.3,59.8,60.2,7.16
Sugarcane,Kharif,2,31.4,111.11,26.16,40.04,33.8,171.8,73.1,69.9,72.1,6.9
Maize,Kharif,5,21.35,76.14,44.28,32.07,23.65,94.4,36.5,30.7,68.5,6.46
Wheat,Rabi,13,19.56,52.44,59.53,23.31,17.16,133.5,48.6,55.2,54.9,6.57
Wheat,Rabi,13,17.54,67.63,63.6,25.56,10.84,85.9,35.8,31.5,42.6,6.88
Wheat,Rabi,3,23.52,46.52,29.12,44.67,26.21,104.6,47.5,42.7,64.9,6.48
Rice,Kharif,11,25.54,173.82,42.67,26.19,31.14,138.7,48.3,55.3,86.9,5.34
Sugarcane,Kharif,5,35.15,165.59,36.56,38.77,24.67,178.8,70.7,79.6,61.5,6.23
Wheat,Rabi,4,12.47,26.39,30.7,43.18,26.12,98.6,47.3,37.9,49.6,6.24
Sugarcane,Kharif,10,32.1,101.3,40.76,29.52,29.72,218.3,92.2,89.6,70.8,6.38
Maize,Kharif,0,20.66,53.26,49.19,30.39,20.42,133.8,53.2,56.7,71.6,5.81
Sugarcane,Kharif,3,23.55,83.52,28.08,41.2,30.72,187.8,74.1,71.3,72.0,6.9
Wheat,Rabi,4,12.18,42.06,34.07,38.37,27.56,132.3,54.6,55.3,48.1,6.03
Wheat,Rabi,8,12.97,44.27,27.04,29.52,43.44,62.8,27.1,35.8,58.7,6.09
Wheat,Rabi,13,15.67,64.45,54.92,24.14,20.94,77.6,29.5,29.8,67.9,6.55
Wheat,Rabi,3,18.04,56.07,34.02,30.82,35.16,87.3,25.7,28.2,39.2,7.2
Rice,Kharif,3,34.25,151.95,30.98,45.99,23.03,109.8,40.9,39.6,87.5,4.53
Maize,Kharif,6,31.06,81.61,34.82,30.27,34.91,119.9,44.9,43.8,68.9,6.97
Wheat,Rabi,7,18.27,27.46,25.1,32.11,42.79,60.0,33.4,36.2,67.2,6.34
Rice,Kharif,14,30.76,189.96,62.3,24.33,13.37,108.0,38.4,42.6,89.7,5.3
Maize,Kharif,8,22.43,95.79,28.05,29.95,42.0,99.5,39.0,38.1,64.5,7.46
Sugarcane,Kharif,10,26.8,152.46,35.57,34.16,30.27,144.8,58.1,66.8,63.9,6.5
Maize,Kharif,5,19.32,57.88,40.1,44.27,15.63,85.8,38.8,37.1,53.1,6.73
Rice,Kharif,11,24.46,124.17,44.98,33.24,21.78,96.3,27.4,29.5,83.3,6.17
Maize,Kharif,9,23.41,81.36,44.84,31.89,23.27,89.9,38.7,33.0,60.6,6.14
Sugarcane,Kharif,11,36.8,154.6,36.64,29.44,33.92,236.2,90.4,97.2,69.4,6.86
Sugarcane,Kharif,2,35.05,140.37,29.37,34.37,36.26,158.2,68.6,59.1,71.0,6.57
Sugarcane,Kharif,4,23.06,163.87,33.77,33.52,32.71,204.6,79.2,80.8,67.0,6.57
Wheat,Rabi,4,22.46,55.27,37.99,33.81,28.2,147.2,48.6,56.2,61.9,6.38
Maize,Rabi,8,26.17,51.18,20.17,25.4,54.43,101.1,35.5,35.2,73.0,5.64
Wheat,Rabi,8,21.91,45.84,24.75,22.62,52.63,114.8,42.0,48.3,46.4,6.98
Sugarcane,Kharif,2,36.15,139.51,31.23,41.39,27.38,134.6,60.0,55.6,68.5,6.82
Rice,Kharif,6,32.81,140.09,32.81,27.48,39.71,95.1,29.1,32.7,85.6,5.9
Wheat,Rabi,13,12.99,68.55,65.21,21.46,13.33,123.9,55.6,57.4,46.9,7.15
Sugarcane,Kharif,5,34.41,130.55,46.55,29.64,23.81,164.7,75.8,76.1,77.4,7.39
Rice,Kharif,3,25.74,175.75,35.83,38.44,25.73,148.9,45.8,50.7,72.7,6.19
Sugarcane,Kharif,5,37.25,117.26,37.3,36.61,26.09,212.0,99.4,90.6,64.3,7.22
Sugarcane,Kharif,2,31.65,114.24,23.64,39.72,36.64,224.3,96.5,92.3,73.9,6.87
Maize,Kharif,9,29.7,96.62,36.43,31.36,32.21,141.3,51.1,59.5,65.4,6.42
Maize,Kharif,0,31.98,90.58,48.45,33.34,18.21,124.8,43.7,43.7,62.1,5.95
Sugarcane,Kharif,2,25.17,121.58,21.87,36.85,41.28,129.8,61.3,63.3,72.3,6.03
Sugarcane,Kharif,4,34.83,163.33,39.7,32.81,27.49,195.1,78.5,72.9,60.8,6.07
Rice,Kharif,1,29.01,181.27,35.22,36.65,28.13,95.5,31.6,30.2,73.2,6.23
Maize,Kharif,5,22.76,98.1,49.24,27.89,22.87,90.1,32.7,36.0,66.7,6.01
Sugarcane,Kharif,12,28.93,96.9,34.82,29.65,35.53,148.4,59.6,59.8,82.6,6.3
Sugarcane,Kharif,3,29.37,90.21,40.28,34.82,24.9,191.4,82.8,77.1,76.8,6.65
Rice,Kharif,3,34.31,180.17,23.76,41.12,35.12,85.7,29.2,34.7,82.3,5.42
Maize,Kharif,8,19.46,62.81,12.4,36.59,51.01,110.8,43.2,44.5,61.4,6.45
Maize,Kharif,6,22.39,84.51,36.55,23.6,39.85,82.4,30.5,30.1,59.7,5.72
Sugarcane,Kharif,10,23.37,144.23,37.08,37.05,25.87,197.4,76.5,79.0,81.8,7.46
Wheat,Rabi,8,21.9,47.3,15.81,36.64,47.55,86.2,26.2,36.4,49.6,6.68
Wheat,Rabi,8,23.47,30.99,26.67,34.41,38.92,98.2,47.6,39.6,41.1,6.99
Sugarcane,Kharif,10,22.13,146.76,30.77,40.74,28.49,207.3,88.9,92.5,75.6,7.23
Sugarcane,Kharif,9,28.84,162.0,28.44,32.12,39.44,218.7,89.6,97.7,67.1,6.64
Rice,Kharif,1,35.08,129.88,42.44,38.03,19.53,94.6,29.2,31.3,82.7,4.53
Rice,Kharif,14,24.58,137.43,48.7,26.29,25.01,139.1,49.7,53.2,73.5,5.29
Sugarcane,Kharif,3,35.35,111.75,29.49,42.31,28.2,133.4,62.6,63.7,75.3,6.23
Sugarcane,Kharif,10,37.04,113.64,35.39,33.48,31.13,212.3,86.9,88.2,71.2,6.38
Sugarcane,Kharif,10,37.07,139.95,40.69,31.31,28.0,137.2,55.2,56.9,76.1,7.07
Maize,Rabi,5,28.17,107.68,37.61,31.67,30.72,149.7,55.2,59.3,62.5,7.03
Rice,Kharif,3,31.84,151.32,38.63,31.08,30.29,95.9,32.4,27.5,86.0,6.38
Wheat,Rabi,5,16.68,42.08,37.43,34.15,28.42,134.5,48.7,53.3,44.8,6.57
Maize,Kharif,6,31.98,119.71,37.63,29.89,32.48,149.3,57.3,52.2,55.7,6.13
Wheat,Rabi,12,21.93,58.01,42.68,36.7,20.62,97.7,45.6,38.2,61.1,6.02
Maize,Kharif,6,22.42,51.52,39.01,31.88,29.11,127.2,55.2,56.1,56.7,5.88
Sugarcane,Kharif,2,28.01,146.69,21.87,43.35,34.78,155.7,60.4,56.5,73.3,7.06
Wheat,Rabi,13,22.49,47.21,59.62,22.29,18.09,132.8,53.2,58.9,59.1,7.49
Maize,Kharif,6,25.27,109.35,40.97,30.23,28.8,98.4,34.1,32.3,61.7,7.28
Wheat,Rabi,5,21.77,55.83,43.6,32.34,24.06,136.2,52.6,52.5,41.3,6.43
Wheat,Rabi,8,16.2,55.49,16.21,35.37,48.42,140.0,52.5,53.0,60.8,6.02
Sugarcane,Kharif,11,32.65,134.27,42.2,35.33,22.47,183.7,70.2,81.1,75.6,6.44
Rice,Kharif,11,27.24,106.38,37.71,33.43,28.86,99.9,26.3,36.3,80.0,6.22
Wheat,Rabi,8,22.78,35.96,28.49,29.2,42.31,104.6,39.6,39.9,65.8,6.09
Wheat,Rabi,3,13.01,42.97,26.73,38.04,35.23,62.0,29.5,34.8,65.3,7.21
Maize,Kharif,8,20.31,114.11,19.16,35.98,44.86,139.9,58.0,54.3,62.7,6.06
Wheat,Rabi,8,17.77,54.81,16.26,32.51,51.23,91.1,45.6,41.0,41.6,6.43
Sugarcane,Kharif,11,35.07,137.51,43.17,27.87,28.96,193.9,73.3,69.9,81.0,7.42
Rice,Kharif,11,24.19,128.68,53.31,27.1,19.59,96.5,28.6,26.4,74.4,4.76
Maize,Kharif,4,25.51,102.84,42.51,27.27,30.22,105.9,40.1,49.0,69.8,6.32
Wheat,Rabi,4,13.25,42.96,46.36,30.52,23.12,76.3,32.3,31.7,59.7,6.42
Maize,Kharif,7,29.71,93.81,29.88,22.07,48.05,91.8,33.9,34.9,68.4,6.17
Wheat,Rabi,7,23.29,67.93,17.04,40.51,42.45,149.0,59.6,58.3,65.4,6.56
Wheat,Rabi,12,14.47,30.04,40.62,40.73,18.65,63.6,30.2,35.8,46.1,6.09
Maize,Rabi,5,23.73,101.12,47.17,34.86,17.97,102.0,39.0,39.5,53.4,6.0
Sugarcane,Kharif,12,34.27,111.87,45.23,32.36,22.41,235.2,94.7,88.3,78.4,6.16
Sugarcane,Kharif,12,27.89,113.05,39.1,29.96,30.94,213.7,94.3,87.5,84.5,6.46
Rice,Kharif,1,35.56,187.31,44.98,29.88,25.14,137.4,49.9,57.2,91.9,5.7
Maize,Kharif,0,22.57,77.79,46.56,29.55,23.89,83.3,36.3,30.5,58.4,6.66
Sugarcane,Kharif,5,31.85,91.31,47.84,29.82,22.34,165.2,78.0,74.5,75.6,6.08
Rice,Kharif,3,29.92,109.29,25.94,41.8,32.26,102.7,27.6,36.2,76.0,5.64
Maize,Rabi,8,31.85,57.51,15.51,34.12,50.37,101.8,34.0,36.6,51.4,7.06
Maize,Kharif,7,31.0,105.32,24.39,27.56,48.05,102.5,37.5,34.2,54.9,6.0
Sugarcane,Kharif,9,32.95,81.68,31.72,39.96,28.32,242.6,89.0,95.4,77.7,6.95
Maize,Kharif,8,25.37,67.75,27.4,22.28,50.32,137.1,59.5,52.5,60.9,5.63
Maize,Kharif,8,24.91,88.43,24.01,33.86,42.13,140.9,51.3,50.9,55.7,7.3
Sugarcane,Kharif,5,22.59,92.39,32.84,40.06,27.1,196.3,84.1,73.2,82.9,6.69
Sugarcane,Kharif,3,25.49,114.44,35.45,38.56,25.99,238.6,99.3,86.4,74.0,7.03
Maize,Kharif,5,21.83,59.99,50.07,27.61,22.32,112.8,41.1,46.8,57.0,7.1
Maize,Rabi,0,29.72,119.66,49.89,34.74,15.37,132.4,57.9,50.7,50.7,5.73
Sugarcane,Kharif,2,26.97,167.51,32.14,27.44,40.42,194.5,70.4,76.4,61.0,6.24
Rice,Kharif,1,27.1,161.43,49.93,31.15,18.92,113.1,35.9,38.0,92.0,4.97
Maize,Kharif,9,19.23,105.43,33.16,32.49,34.35,144.7,54.5,54.8,70.1,6.96
Rice,Kharif,3,26.13,166.92,34.79,38.13,27.08,80.6,27.8,31.4,89.3,5.13
Rice,Kharif,2,31.66,174.04,28.99,40.81,30.2,142.7,50.1,57.3,72.3,5.58
Sugarcane,Kharif,5,34.35,159.04,39.21,29.46,31.33,246.9,86.5,86.8,68.3,7.49
Rice,Kharif,3,35.94,159.91,22.32,41.68,36.0,81.4,29.5,27.4,83.4,6.35
Maize,Rabi,6,26.17,72.86,34.11,23.76,42.13,113.4,44.1,40.3,63.5,6.57
Sugarcane,Kharif,5,31.93,116.95,41.12,32.53,26.35,132.8,60.3,65.7,75.3,7.14
Rice,Kharif,10,35.1,102.22,33.25,37.48,29.27,81.5,33.1,32.5,88.0,5.95
Wheat,Rabi,7,20.69,58.56,28.18,31.37,40.45,76.1,26.8,27.4,44.0,7.3
Sugarcane,Kharif,3,25.88,101.41,33.36,33.05,33.59,156.0,66.0,67.9,81.9,6.3
Rice,Kharif,10,31.89,179.42,25.56,48.22,26.22,87.3,30.1,35.9,76.7,6.25
Maize,Kharif,9,28.86,104.82,28.44,35.39,36.17,95.1,30.1,39.2,66.1,6.12
Maize,Rabi,5,24.23,119.96,54.27,28.05,17.68,103.2,43.0,41.0,75.1,7.29
Maize,Kharif,6,22.86,76.43,37.28,30.73,31.99,96.8,35.0,31.3,50.5,6.23
Sugarcane,Kharif,4,25.29,103.25,34.32,38.26,27.42,154.6,59.4,62.6,82.7,7.37
Wheat,Rabi,4,22.1,51.11,33.23,45.68,21.09,149.3,54.6,50.0,54.8,6.16
Rice,Kharif,14,31.22,165.35,48.56,27.27,24.17,112.6,35.0,42.8,80.4,4.79
Maize,Kharif,5,23.16,117.0,43.22,35.42,21.36,133.2,58.6,50.4,74.6,7.21
Maize,Rabi,7,26.5,80.75,24.97,32.33,42.7,100.5,37.2,39.2,76.0,5.56
Rice,Kharif,14,24.71,163.45,48.34,36.05,15.61,104.4,42.2,42.2,89.1,5.86
Maize,Kharif,0,30.88,78.06,54.01,27.0,18.99,132.4,58.4,57.9,79.8,6.34
Sugarcane,Kharif,5,33.78,80.69,39.17,35.97,24.86,235.2,91.8,90.3,73.5,7.19
Sugarcane,Kharif,5,35.71,143.52,46.28,35.51,18.21,144.3,58.6,65.9,82.1,6.92
Maize,Rabi,4,18.18,110.37,34.11,38.49,27.4,112.7,46.8,44.2,63.4,6.19
Maize,Kharif,0,26.77,111.84,48.52,35.37,16.11,109.8,48.3,45.9,65.2,5.65
Sugarcane,Kharif,5,33.83,148.96,41.96,34.83,23.21,249.5,85.3,91.6,67.5,6.77
Maize,Rabi,5,26.26,78.74,40.82,37.91,21.27,115.9,44.5,42.0,75.8,7.41
Maize,Kharif,6,28.19,69.31,42.11,24.76,33.13,150.0,58.9,50.6,79.3,5.57
Wheat,Rabi,5,23.81,31.73,38.3,38.37,23.33,139.8,57.2,59.5,51.9,7.02
Maize,Kharif,9,28.07,70.21,31.41,28.81,39.78,125.5,47.3,40.8,58.7,6.58
Rice,Kharif,3,32.67,163.99,41.92,32.96,25.12,121.0,37.7,44.0,77.4,6.0
Rice,Kharif,3,34.83,134.46,30.93,35.16,33.91,148.5,54.4,50.5,86.5,5.36
Sugarcane,Kharif,5,32.13,84.42,51.54,30.81,17.65,243.2,85.9,91.0,75.2,6.23
Sugarcane,Kharif,12,35.95,155.84,43.86,34.73,21.41,190.4,77.8,83.0,83.3,7.34
Sugarcane,Kharif,3,31.95,131.5,29.54,39.13,31.33,124.3,68.8,60.6,67.0,7.37
Maize,Kharif,7,23.23,87.21,19.73,33.1,47.17,92.9,35.3,34.0,51.4,5.58
Wheat,Rabi,4,15.85,58.74,37.97,37.96,24.07,74.9,26.6,26.3,50.4,6.97
Wheat,Rabi,13,22.38,52.38,62.31,21.1,16.59,130.4,52.8,52.5,53.2,6.24
Sugarcane,Kharif,11,24.21,139.26,40.7,29.28,30.02,213.7,90.7,94.5,74.9,6.44
Wheat,Rabi,4,13.04,49.17,42.3,33.89,23.81,70.8,32.5,31.6,55.6,7.12
Sugarcane,Kharif,2,35.95,99.8,28.15,34.96,36.89,223.1,99.9,99.9,71.9,6.2
Wheat,Rabi,12,22.56,34.71,38.44,28.99,32.57,81.9,28.6,32.4,58.3,6.91
Rice,Kharif,6,29.37,156.76,31.67,25.62,42.71,133.2,52.3,52.7,89.0,5.72
Wheat,Rabi,7,20.37,58.87,24.08,29.75,46.17,106.0,42.6,46.3,52.0,7.31
Rice,Kharif,11,27.63,113.37,48.08,28.43,23.49,108.8,38.0,44.2,85.7,6.13
Rice,Kharif,10,35.15,127.3,34.56,42.14,23.3,83.0,31.6,33.4,90.0,6.03
Rice,Kharif,1,26.47,122.01,44.79,35.24,19.97,129.9,45.2,50.2,77.2,5.18
Sugarcane,Kharif,5,36.25,110.07,36.3,38.2,25.5,206.2,74.8,73.5,71.6,7.34
Maize,Kharif,5,21.14,82.51,50.04,30.42,19.54,136.0,52.0,50.7,75.2,6.9
Rice,Kharif,3,27.4,100.64,27.19,35.5,37.31,117.8,35.4,44.0,87.6,6.15
Wheat,Rabi,7,20.45,65.98,33.51,30.99,35.5,115.1,40.7,45.8,56.7,6.5
Wheat,Rabi,4,20.18,40.33,39.43,30.61,29.96,90.9,41.5,48.1,45.8,6.74
Sugarcane,Kharif,10,28.07,158.14,38.13,29.15,32.72,193.9,77.4,76.4,70.1,6.94
Rice,Kharif,3,33.9,164.41,34.81,33.59,31.6,134.0,52.6,55.6,87.8,6.29
Rice,Kharif,6,33.45,177.98,34.22,29.15,36.63,136.2,50.2,60.0,73.4,5.88
Wheat,Rabi,12,23.02,37.6,41.58,31.33,27.09,90.3,48.0,45.2,63.8,6.44
Maize,Kharif,5,19.17,119.46,49.49,28.09,22.42,110.9,43.9,42.6,53.8,5.64
Wheat,Rabi,5,17.38,47.97,35.96,36.68,27.36,81.5,33.0,26.6,56.8,7.39
Maize,Rabi,9,21.5,85.13,29.82,31.53,38.65,91.0,37.9,33.6,70.7,6.86
Sugarcane,Kharif,3,24.86,80.12,33.41,36.15,30.44,204.3,80.0,73.9,81.3,7.07
Maize,Rabi,9,22.87,81.51,37.83,29.3,32.87,133.1,55.4,56.1,79.4,7.43
Rice,Kharif,2,23.74,103.12,23.36,43.0,33.64,147.4,54.0,51.9,81.0,5.89
Maize,Kharif,9,28.42,91.46,37.06,26.09,36.85,114.7,44.6,47.9,74.1,6.36
Wheat,Rabi,12,16.63,51.48,40.78,33.21,26.01,112.5,43.2,43.5,43.6,6.9
Sugarcane,Kharif,2,23.51,144.42,22.15,35.68,42.17,192.5,81.1,78.8,78.5,6.99
Rice,Kharif,6,30.15,137.54,46.39,29.55,24.06,102.4,30.1,28.4,92.2,4.91
Maize,Kharif,0,18.13,79.54,52.49,28.18,19.33,87.0,31.7,34.0,64.7,5.55
Wheat,Rabi,3,18.31,36.23,26.3,40.18,33.52,126.6,59.3,48.5,38.1,6.26
Sugarcane,Kharif,10,34.93,103.18,27.27,46.85,25.88,226.1,86.4,89.4,60.1,6.74
Wheat,Rabi,13,22.48,57.58,58.63,27.2,14.17,90.1,41.6,40.1,41.6,7.35
Wheat,Rabi,13,20.44,27.38,67.66,16.62,15.72,109.2,38.3,44.8,52.6,6.9
Maize,Kharif,8,20.9,94.05,21.08,28.42,50.5,82.7,37.8,36.7,62.5,5.86
Rice,Kharif,10,24.81,100.96,33.94,38.8,27.26,138.9,49.5,58.6,84.5,6.45
Maize,Kharif,4,27.85,93.36,30.33,34.98,34.69,134.3,52.6,55.4,61.2,7.4
Sugarcane,Kharif,2,36.82,151.72,35.54,33.65,30.81,214.3,96.0,87.9,68.1,7.47
Rice,Kharif,6,29.05,105.24,30.32,33.32,36.36,133.1,50.9,56.8,78.0,5.37
Sugarcane,Kharif,9,34.45,88.21,33.9,33.29,32.81,162.1,55.9,68.4,64.3,6.02
Sugarcane,Kharif,3,35.7,123.17,25.74,48.53,25.73,130.5,59.4,63.3,65.4,6.25
Sugarcane,Kharif,4,31.76,115.79,37.77,29.61,32.62,197.3,70.7,77.9,67.9,6.96
Wheat,Rabi,3,23.36,40.29,23.91,39.08,37.01,138.0,49.6,58.2,53.5,6.57
Wheat,Rabi,13,13.55,30.76,66.06,18.48,15.46,146.9,53.9,56.2,42.6,6.21
Maize,Kharif,4,28.83,110.63,33.97,34.74,31.29,107.7,46.4,46.6,50.8,6.62
Rice,Kharif,14,30.55,183.59,47.5,29.89,22.61,130.9,48.7,55.8,83.4,6.19
Sugarcane,Kharif,9,35.35,106.77,28.31,41.04,30.65,236.2,93.8,93.4,71.7,7.31
Wheat,Rabi,5,14.0,59.69,38.31,30.14,31.55,120.0,44.6,41.9,59.3,6.71
Maize,Kharif,5,31.97,64.39,39.08,41.97,18.95,102.6,32.8,39.4,71.7,7.32
Rice,Kharif,2,25.71,118.47,21.8,40.59,37.61,120.6,43.0,39.8,76.4,4.75
Maize,Kharif,7,28.85,105.27,23.4,31.54,45.06,117.6,43.9,42.6,65.9,5.87
Wheat,Rabi,5,13.99,45.05,43.39,34.61,22.0,145.7,51.2,59.5,44.3,6.07
Wheat,Rabi,3,23.53,65.74,31.6,39.85,28.55,80.3,25.8,28.7,43.9,6.1
Rice,Kharif,6,30.56,109.53,41.43,25.81,32.76,125.5,35.7,39.6,92.1,5.55
Maize,Kharif,0,26.49,98.18,53.62,23.86,22.52,132.2,57.4,53.2,50.6,5.57
Rice,Kharif,1,24.06,107.9,40.94,34.45,24.61,98.8,25.1,32.5,76.0,5.54
Wheat,Rabi,7,13.6,28.63,22.45,33.05,44.5,125.0,55.5,50.0,59.8,6.74
Maize,Kharif,7,20.24,74.86,19.82,35.81,44.37,115.2,40.1,43.1,67.4,7.4
Wheat,Rabi,8,18.16,35.5,24.15,23.87,51.98,77.6,29.0,33.2,55.4,7.29
Maize,Kharif,5,25.08,87.03,44.92,33.62,21.46,118.3,42.5,40.8,71.9,6.21
Sugarcane,Kharif,2,25.32,118.1,22.66,37.49,39.85,186.3,70.0,75.0,76.2,6.41
Maize,Kharif,0,27.62,71.43,46.83,27.54,25.63,136.3,53.4,50.2,71.4,5.82
Rice,Kharif,2,28.55,158.39,22.03,38.61,39.36,146.5,49.5,59.1,88.7,5.77
Sugarcane,Kharif,11,31.76,140.45,41.29,29.51,29.2,222.3,99.3,94.6,71.5,6.85
Maize,Rabi,6,26.38,47.32,32.66,29.98,37.36,94.7,31.6,39.0,58.2,5.57
Sugarcane,Kharif,10,30.54,85.43,24.38,44.06,31.56,204.6,80.5,84.2,65.2,6.73
Wheat,Rabi,7,15.62,51.93,28.72,22.35,48.93,85.3,32.7,31.9,46.9,6.45
Sugarcane,Kharif,4,34.79,91.74,39.82,33.48,26.7,181.9,81.5,75.5,62.8,7.38
Maize,Kharif,0,20.76,92.0,56.01,25.08,18.91,111.0,47.5,43.1,70.5,5.75
Rice,Kharif,6,30.86,156.7,33.34,22.6,44.06,132.4,47.2,57.0,81.6,4.79
Sugarcane,Kharif,11,22.92,120.03,46.27,25.22,28.51,208.2,93.6,92.7,79.9,6.58
Rice,Kharif,11,35.69,185.92,40.95,33.02,26.03,138.6,52.8,58.4,90.4,4.98
Maize,Kharif,5,25.05,93.45,42.93,37.2,19.87,81.8,35.5,33.3,79.2,5.61
Maize,Rabi,7,21.86,64.88,25.47,25.17,49.36,84.9,31.9,34.1,66.1,6.4
Wheat,Rabi,4,21.9,48.2,34.27,42.76,22.97,106.4,42.9,43.6,51.9,6.07
Wheat,Rabi,5,21.33,50.13,42.68,41.08,16.24,104.0,37.2,38.0,50.7,7.36
Rice,Kharif,14,26.77,150.57,46.48,28.92,24.6,109.1,40.1,47.4,74.6,5.72
Wheat,Rabi,12,22.32,26.58,41.69,30.21,28.1,105.0,42.9,38.3,61.6,6.62
Sugarcane,Kharif,10,22.32,139.03,39.88,42.22,17.9,189.8,75.5,76.2,71.7,6.52
Rice,Kharif,3,34.66,117.67,30.9,40.77,28.33,122.4,39.3,45.5,72.5,6.22
Maize,Kharif,4,28.25,90.82,34.62,38.12,27.26,115.9,45.7,49.6,74.6,6.31
Rice,Kharif,3,30.73,154.28,30.94,34.82,34.24,85.2,31.9,27.7,87.7,5.65
Maize,Kharif,8,27.77,68.32,22.83,33.99,43.18,127.1,51.5,53.3,53.0,6.04
Wheat,Rabi,12,16.26,28.12,45.77,27.35,26.88,116.6,44.3,42.9,53.6,6.1
Maize,Kharif,5,25.04,46.06,43.1,36.85,20.05,103.8,49.2,40.0,50.2,5.98
Sugarcane,Kharif,3,34.58,158.33,38.43,29.21,32.36,141.4,60.8,64.1,73.8,7.45
Wheat,Rabi,5,22.42,36.04,40.88,29.69,29.43,63.1,33.1,27.2,42.7,6.24
Rice,Kharif,14,28.46,144.72,47.11,31.92,20.97,145.3,52.3,56.4,93.1,6.05
Rice,Kharif,1,33.16,143.58,40.1,40.23,19.67,108.4,40.0,39.7,90.3,5.65
Wheat,Rabi,8,14.95,46.45,22.63,31.61,45.76,114.9,41.7,47.2,49.8,6.82
Sugarcane,Kharif,2,32.74,82.85,24.94,32.53,42.53,209.4,86.2,91.7,74.7,6.83
Sugarcane,Kharif,5,36.55,137.13,36.86,36.84,26.3,244.0,99.1,88.1,62.0,6.2
Sugarcane,Kharif,5,23.04,119.04,42.29,42.05,15.66,133.3,66.6,63.1,81.3,6.12
Maize,Kharif,4,28.06,99.72,42.53,40.89,16.58,127.4,53.8,51.6,53.0,6.94
Sugarcane,Kharif,9,36.42,142.08,31.54,25.43,43.03,193.6,78.6,72.7,79.9,7.02
