Crop,mean_temp,gdd,Rain_min_cm,Rain_max_cm,Sand_pct,Clay_pct,Silt_pct,Nitrogen_N_kg_ha,Phosphorus_P_kg_ha,Potassium_K_kg_ha,Humidity_pct,pH,Season_code,Agro_Zone,Season
Wheat,21.045,11.045000000000002,47.08,79.88,38.86,27.69,33.45,79.89,41.43,33.64,51.67,6.07,0,5,Rabi
Sugarcane,28.69,18.69,90.3,134.06,27.86,32.81,39.33,121.53,47.55,53.01,73.66,6.82,1,2,Kharif
Sugarcane,25.47,15.469999999999999,104.98,121.71,31.24,30.19,38.57,120.37,52.28,45.73,74.06,7.04,1,10,Kharif
Sugarcane,26.665,16.665,104.49,108.33,31.75,38.34,29.91,125.71,64.69,57.64,61.91,6.79,1,12,Kharif
Wheat,19.06,9.059999999999999,52.85,88.16,33.64,28.31,38.05,95.02,34.57,47.74,43.8,6.94,0,5,Rabi
Sugarcane,25.37,15.370000000000001,102.89,120.08,34.06,43.93,22.01,107.9,62.21,67.19,73.96,6.55,1,5,Kharif
Rice,27.67,17.67,130.39,166.74,26.77,36.85,36.38,113.79,49.45,45.63,84.57,5.77,1,10,Kharif
Maize,24.485,14.485,72.59,97.03,44.47,22.6,32.93,81.97,29.4,48.88,70.46,6.27,1,4,Kharif
Rice,29.26,19.26,153.33,190.65,26.44,44.91,28.65,112.51,47.73,55.32,86.62,5.22,1,10,Kharif
Maize,24.655,14.655000000000001,67.64,109.58,47.01,19.59,33.4,77.02,45.84,46.09,64.01,5.98,1,9,Kharif
Maize,24.795,14.795000000000002,55.68,111.41,42.73,22.18,35.09,105.35,42.44,36.43,56.24,6.41,1,4,Kharif
Sugarcane,25.4,15.399999999999999,111.11,135.68,31.55,35.36,33.09,117.89,62.09,50.27,66.41,7.13,1,2,Kharif
Rice,26.125,16.125,119.25,182.23,33.22,47.9,18.88,129.67,51.77,52.57,79.86,5.36,1,10,Kharif
Wheat,18.705,8.704999999999998,44.07,77.81,35.15,32.32,32.53,91.85,48.75,38.82,62.26,6.91,0,3,Rabi
Wheat,17.235,7.234999999999999,58.48,81.88,36.22,27.05,36.73,90.22,40.86,42.23,56.09,7.22,0,5,Rabi
Rice,28.810000000000002,18.810000000000002,135.19,220.0,23.41,42.85,33.74,104.86,39.24,41.87,82.58,4.87,1,3,Kharif
Wheat,23.11,13.11,43.1,77.47,42.9,28.3,28.8,101.25,48.36,57.05,54.45,7.02,0,4,Rabi
Rice,26.38,16.38,121.47,185.88,34.32,37.05,28.63,139.79,47.76,49.88,77.28,4.65,1,3,Kharif
Sugarcane,26.205,16.205,111.48,138.65,32.41,34.58,33.01,140.39,65.96,64.02,73.01,6.69,1,3,Kharif
Sugarcane,26.555,16.555,86.49,128.53,32.63,38.68,28.69,118.6,65.71,54.88,79.12,6.38,1,3,Kharif
Rice,27.185000000000002,17.185000000000002,112.46,186.03,31.95,41.85,26.2,98.48,50.67,44.45,84.5,5.74,1,3,Kharif
Wheat,17.685,7.684999999999999,50.44,103.03,38.87,24.41,36.72,87.3,56.64,46.24,52.77,6.92,0,5,Rabi
Sugarcane,26.39,16.39,103.56,137.27,33.92,39.04,27.04,138.17,56.04,61.62,73.89,6.33,1,2,Kharif
Rice,29.38,19.38,125.79,212.0,28.38,43.96,27.66,108.96,47.97,41.05,78.61,5.95,1,11,Kharif
Sugarcane,27.805,17.805,85.67,133.18,30.06,42.03,27.91,118.22,80.0,60.83,67.36,6.67,1,2,Kharif
Rice,27.894999999999996,17.894999999999996,110.03,203.4,27.83,34.04,38.13,117.86,43.7,43.89,92.34,4.66,1,2,Kharif
Sugarcane,25.33,15.329999999999998,96.72,147.57,34.4,28.95,36.65,136.91,52.28,46.72,65.31,6.94,1,4,Kharif
Sugarcane,27.225,17.225,112.93,125.57,36.6,35.51,27.89,128.69,58.5,55.42,70.71,6.29,1,3,Kharif
Wheat,20.33,10.329999999999998,42.68,76.59,37.36,25.19,37.45,80.11,60.0,39.35,50.26,6.81,0,3,Rabi
Sugarcane,26.41,16.41,94.71,153.56,34.47,34.61,30.92,122.46,64.04,61.51,75.28,6.8,1,4,Kharif
Maize,23.98,13.98,59.87,117.58,48.41,30.0,21.59,83.03,40.93,43.39,65.02,6.44,1,5,Kharif
Wheat,16.86,6.859999999999999,41.82,81.01,36.45,26.0,37.55,93.45,55.17,44.48,50.05,6.4,0,7,Rabi
Wheat,20.845,10.844999999999999,45.39,82.96,36.16,33.52,30.32,86.61,45.6,48.15,52.66,6.02,0,3,Rabi
Sugarcane,24.950000000000003,14.950000000000003,103.2,149.19,31.03,29.92,39.05,102.16,71.87,63.37,72.8,7.09,1,5,Kharif
Maize,21.880000000000003,11.880000000000003,61.61,110.21,42.01,22.53,35.46,102.96,33.69,45.28,61.12,6.6,1,5,Kharif
Rice,28.255000000000003,18.255000000000003,156.58,187.62,27.92,45.84,26.24,103.9,52.24,46.53,91.19,5.44,1,6,Kharif
Wheat,18.5,8.5,49.12,70.09,38.96,22.5,38.54,87.44,51.72,42.21,54.82,7.18,0,4,Rabi
Wheat,18.745,8.745000000000001,58.08,75.22,35.33,27.38,37.29,87.68,52.36,48.26,60.78,6.73,0,3,Rabi
Rice,28.009999999999998,18.009999999999998,150.91,196.42,27.04,44.46,28.5,123.34,48.79,43.25,77.26,4.93,1,6,Kharif
Maize,25.155,15.155000000000001,69.45,103.17,47.59,25.87,26.54,82.64,33.24,41.08,69.83,6.42,1,9,Kharif
Wheat,18.080000000000002,8.080000000000002,47.77,71.58,45.48,29.95,24.57,86.33,40.21,39.08,51.67,6.44,0,3,Rabi
Rice,28.825,18.825,128.51,186.12,32.71,39.04,28.25,121.26,39.36,47.23,83.1,4.76,1,2,Kharif
Wheat,18.07,8.07,48.52,75.79,32.89,24.13,42.98,102.44,35.38,49.24,44.15,6.51,0,5,Rabi
Sugarcane,25.945,15.945,90.2,137.93,26.12,35.31,38.57,113.76,59.45,60.91,65.28,6.02,1,4,Kharif
Sugarcane,26.34,16.34,106.51,144.23,26.42,34.16,39.42,137.54,64.56,60.98,73.16,6.85,1,2,Kharif
Rice,27.189999999999998,17.189999999999998,137.89,176.74,29.63,41.73,28.64,112.92,39.54,49.91,82.3,5.86,1,3,Kharif
Rice,28.705000000000002,18.705000000000002,119.14,187.03,25.29,39.07,35.64,129.96,51.06,45.75,84.31,4.94,1,2,Kharif
Sugarcane,24.27,14.27,95.54,116.42,30.46,29.51,40.03,115.59,51.16,49.2,73.62,6.78,1,10,Kharif
Maize,24.825,14.825,77.82,99.41,53.71,21.63,24.66,103.11,33.54,42.79,55.28,6.27,1,7,Kharif
Maize,24.895,14.895,73.19,93.26,45.36,21.55,33.09,83.07,40.05,42.89,68.26,5.9,1,7,Kharif
Maize,26.130000000000003,16.130000000000003,77.2,101.98,39.18,30.0,30.82,103.19,38.84,45.3,61.1,6.56,1,3,Kharif
Maize,25.29,15.29,72.12,86.29,48.74,20.82,30.44,90.67,50.01,29.07,63.07,6.03,1,3,Kharif
Wheat,20.244999999999997,10.244999999999997,54.72,91.75,44.83,26.96,28.21,105.04,43.77,43.99,52.05,6.99,0,5,Rabi
Maize,24.939999999999998,14.939999999999998,53.8,103.82,38.3,19.47,42.23,78.37,31.54,48.19,78.1,5.77,1,3,Kharif
Sugarcane,27.04,17.04,100.05,137.56,35.74,36.76,27.5,101.01,56.9,69.26,65.43,6.37,1,3,Kharif
Wheat,18.125,8.125,34.83,65.94,46.98,28.25,24.77,89.38,44.93,53.35,57.34,6.16,0,4,Rabi
Maize,25.72,15.719999999999999,79.84,113.33,45.46,26.59,27.95,93.5,39.27,35.54,69.49,5.88,1,9,Kharif
Maize,25.925,15.925,76.17,111.74,41.99,23.34,34.67,81.55,46.53,37.43,57.68,6.1,1,2,Kharif
Maize,22.735,12.735,70.75,99.99,42.99,22.56,34.45,79.22,39.9,42.92,64.3,6.26,1,9,Kharif
Maize,22.555,12.555,73.14,94.45,45.61,23.07,31.32,112.84,34.51,42.97,64.33,5.93,1,4,Kharif
Rice,30.935000000000002,20.935000000000002,144.32,162.07,35.18,39.21,25.61,94.04,51.42,42.43,80.73,5.6,1,2,Kharif
Rice,30.685000000000002,20.685000000000002,118.84,175.6,29.95,31.43,38.62,114.82,54.6,51.37,85.33,5.42,1,3,Kharif
Rice,28.075,18.075,139.74,185.93,25.66,45.52,28.82,100.46,44.32,39.18,77.79,4.92,1,3,Kharif
Sugarcane,25.605,15.605,98.93,145.09,26.77,28.33,44.9,110.77,62.0,62.39,68.11,6.82,1,4,Kharif
Rice,27.945,17.945,150.31,158.31,26.62,43.22,30.16,118.74,52.46,42.44,86.69,5.7,1,5,Kharif
Rice,25.53,15.530000000000001,136.6,172.53,38.81,42.14,19.05,127.17,46.48,47.24,83.56,5.71,1,3,Kharif
Maize,25.945,15.945,67.21,91.33,39.65,19.72,40.63,97.01,41.63,42.68,63.05,6.59,1,7,Kharif
Wheat,18.79,8.79,48.52,92.17,41.21,28.0,30.79,72.3,44.52,39.77,54.67,6.87,0,5,Rabi
Wheat,22.165,12.165,53.06,81.58,41.5,29.88,28.62,95.44,44.55,42.39,51.06,7.02,0,4,Rabi
Rice,29.08,19.08,100.0,160.95,31.45,39.8,28.75,106.4,41.07,46.23,91.23,5.25,1,3,Kharif
Wheat,21.18,11.18,55.12,84.36,40.66,27.7,31.64,75.82,50.5,49.5,56.68,6.72,0,5,Rabi
Sugarcane,25.505,15.504999999999999,90.27,141.49,30.48,34.0,35.52,128.45,62.39,53.82,67.29,7.03,1,4,Kharif
Maize,25.535,15.535,67.71,85.67,43.16,23.16,33.68,78.22,42.03,41.34,70.16,6.31,1,5,Kharif
Sugarcane,23.54,13.54,92.33,146.54,32.43,29.55,38.02,130.85,68.46,67.11,78.45,6.51,1,10,Kharif
Wheat,19.51,9.510000000000002,57.25,71.48,32.68,28.38,38.94,76.13,45.28,34.87,42.07,6.96,0,2,Rabi
Wheat,17.935000000000002,7.935000000000002,47.12,82.38,40.2,32.75,27.05,109.24,36.65,37.34,57.26,6.69,0,5,Rabi
Maize,24.85,14.850000000000001,81.3,97.07,39.23,20.36,40.41,85.12,39.33,27.84,67.0,6.23,1,9,Kharif
Wheat,19.755,9.754999999999999,61.25,93.45,40.18,30.41,29.41,102.78,43.06,43.33,48.77,6.63,0,4,Rabi
Maize,26.3,16.3,63.87,94.51,52.24,22.34,25.42,75.13,42.72,44.86,66.01,6.06,1,4,Kharif
Rice,29.97,19.97,144.56,182.34,27.6,39.01,33.39,105.18,52.04,45.71,82.97,5.73,1,2,Kharif
Sugarcane,26.42,16.42,108.26,128.02,30.24,34.97,34.79,126.46,65.43,68.82,73.57,6.56,1,3,Kharif
Rice,29.175,19.175,126.63,181.67,31.9,46.1,22.0,120.34,44.15,45.26,71.74,5.88,1,1,Kharif
Maize,26.625,16.625,68.35,96.48,43.5,21.81,34.69,69.82,41.85,41.47,62.57,6.37,1,9,Kharif
Rice,28.15,18.15,141.03,175.42,35.63,45.41,18.96,123.81,54.24,44.48,81.7,6.12,1,2,Kharif
Sugarcane,26.855,16.855,98.42,136.24,32.92,36.25,30.83,128.5,55.79,59.53,71.08,6.78,1,5,Kharif
Rice,27.41,17.41,137.2,183.78,32.55,36.42,31.03,114.59,43.7,46.09,76.25,5.73,1,2,Kharif
Wheat,20.455,10.454999999999998,62.26,72.07,31.37,26.85,41.78,84.23,45.25,40.76,48.87,7.22,0,13,Rabi
Sugarcane,24.825,14.825,94.98,129.7,37.39,38.26,24.35,133.03,64.76,60.29,70.34,6.94,1,5,Kharif
Maize,24.08,14.079999999999998,80.7,103.93,46.46,21.34,32.2,95.69,47.77,51.37,66.2,6.4,1,5,Kharif
Rice,28.495,18.495,124.12,206.09,24.42,40.65,34.93,108.36,43.2,44.17,81.74,5.22,1,6,Kharif
Wheat,21.880000000000003,11.880000000000003,52.97,82.39,35.76,20.8,43.44,75.08,41.65,38.69,41.8,6.4,0,4,Rabi
Rice,26.96,16.96,144.77,167.21,31.81,39.66,28.53,107.79,46.32,47.52,84.59,5.85,1,3,Kharif
Maize,24.945,14.945,70.08,97.08,39.27,21.67,39.06,92.02,37.77,40.86,55.52,6.74,1,5,Kharif
Rice,30.255000000000003,20.255000000000003,175.0,178.41,33.25,34.04,32.71,113.4,42.08,51.41,91.64,6.04,1,9,Kharif
Wheat,20.93,10.93,55.5,79.34,37.08,24.65,38.27,120.0,37.05,37.64,56.83,6.72,0,5,Rabi
Sugarcane,25.325,15.325,108.69,136.57,34.08,32.56,33.36,109.52,47.63,63.71,65.43,6.77,1,3,Kharif
Maize,24.93,14.93,66.95,101.31,42.48,23.14,34.38,77.12,55.0,41.34,54.79,6.13,1,9,Kharif
Maize,22.35,12.350000000000001,75.95,109.03,47.11,16.42,36.47,94.62,41.02,42.62,62.88,6.07,1,9,Kharif
Sugarcane,26.740000000000002,16.740000000000002,110.14,142.27,24.01,30.06,45.93,113.66,65.89,71.33,69.82,7.19,1,4,Kharif
Wheat,19.875,9.875,65.99,65.28,39.68,27.72,32.6,91.55,49.15,43.66,55.57,6.52,0,4,Rabi
Rice,28.74,18.74,128.39,182.22,26.27,43.58,30.15,104.36,42.53,47.89,89.8,5.44,1,10,Kharif
Maize,23.335,13.335,59.93,113.05,39.29,23.66,37.05,91.15,41.26,30.71,58.08,6.32,1,1,Kharif
Maize,23.355,13.355,65.94,103.32,47.84,21.82,30.34,94.81,38.08,39.06,50.61,6.44,1,5,Kharif
Wheat,19.04,9.04,61.34,83.45,40.71,28.84,30.45,80.56,40.26,42.12,59.7,6.41,0,3,Rabi
Rice,29.115000000000002,19.115000000000002,128.34,198.22,20.4,33.29,46.31,136.62,45.61,52.95,83.21,5.29,1,2,Kharif
Rice,28.895000000000003,18.895000000000003,127.17,176.68,29.08,36.87,34.05,113.14,48.53,44.69,83.9,5.06,1,4,Kharif
Rice,25.11,15.11,137.66,189.3,27.21,42.68,30.11,108.14,48.96,50.37,72.76,6.13,1,2,Kharif
Sugarcane,27.96,17.96,94.59,131.39,35.57,34.59,29.84,114.62,64.82,59.04,75.84,6.68,1,5,Kharif
Wheat,20.22,10.219999999999999,54.0,88.75,37.98,23.48,38.54,110.85,43.54,40.4,69.56,6.8,0,4,Rabi
Sugarcane,26.925,16.925,102.01,129.2,24.83,36.08,39.09,123.46,67.46,61.12,69.91,6.99,1,5,Kharif
Rice,27.42,17.42,118.49,191.31,30.24,41.27,28.49,113.36,49.03,46.07,81.81,5.36,1,2,Kharif
Sugarcane,26.445,16.445,97.98,140.34,26.44,30.58,42.98,119.08,65.34,56.87,75.64,7.27,1,3,Kharif
Rice,28.265,18.265,100.0,173.78,26.04,39.17,34.79,112.74,42.28,48.96,76.4,5.55,1,6,Kharif
Rice,27.475,17.475,141.19,209.95,28.83,38.03,33.14,113.15,42.95,50.26,83.02,6.22,1,10,Kharif
Rice,28.39,18.39,125.44,181.06,26.68,39.58,33.74,83.41,45.55,45.83,77.33,5.64,1,10,Kharif
Sugarcane,24.840000000000003,14.840000000000003,106.33,135.86,30.48,25.6,43.92,109.38,45.13,57.36,78.33,6.33,1,5,Kharif
Sugarcane,26.410000000000004,16.410000000000004,92.65,156.0,36.12,36.68,27.2,115.74,57.39,57.51,72.4,6.44,1,10,Kharif
Maize,25.33,15.329999999999998,55.08,102.48,43.39,21.58,35.03,112.1,38.79,44.11,58.67,6.45,1,5,Kharif
Maize,23.259999999999998,13.259999999999998,75.11,104.25,42.2,23.05,34.75,83.65,33.74,44.41,64.29,6.1,1,4,Kharif
Maize,24.86,14.86,71.32,110.77,51.16,24.97,23.87,89.84,49.35,51.06,70.03,6.37,1,7,Kharif
Wheat,21.875,11.875,57.17,96.96,38.82,27.84,33.34,82.7,50.23,48.65,49.03,6.91,0,5,Rabi
Sugarcane,25.15,15.149999999999999,104.51,129.14,28.75,40.42,30.83,134.16,78.51,61.97,79.21,7.01,1,4,Kharif
Wheat,19.905,9.905000000000001,75.0,73.01,48.59,31.66,19.75,72.87,46.61,48.28,53.09,6.38,0,13,Rabi
Rice,28.895000000000003,18.895000000000003,129.85,175.83,27.94,39.45,32.61,102.4,43.44,43.53,88.52,5.25,1,3,Kharif
Wheat,20.995,10.995000000000001,44.66,94.92,41.17,28.37,30.46,96.95,37.97,34.68,53.35,6.96,0,5,Rabi
Wheat,22.525,12.524999999999999,44.36,76.34,35.62,33.74,30.64,71.92,57.03,54.4,47.58,6.33,0,3,Rabi
Sugarcane,25.835,15.835,94.69,143.33,32.23,37.12,30.65,124.96,56.34,64.28,68.54,6.98,1,5,Kharif
Rice,29.619999999999997,19.619999999999997,152.38,180.49,33.25,43.27,23.48,118.14,49.08,44.99,79.26,5.84,1,6,Kharif
Sugarcane,27.134999999999998,17.134999999999998,109.49,133.46,38.25,42.08,19.67,99.99,52.9,53.36,72.31,7.18,1,4,Kharif
Rice,29.835,19.835,167.16,154.58,28.55,39.12,32.33,87.58,53.47,42.03,85.76,5.33,1,11,Kharif
Maize,25.18,15.18,73.53,114.92,41.66,28.46,29.88,71.51,41.46,39.31,67.69,5.65,1,6,Kharif
Sugarcane,27.65,17.65,85.35,152.65,29.98,40.73,29.29,141.61,59.58,41.12,72.81,7.09,1,5,Kharif
Wheat,19.77,9.77,49.88,91.42,34.79,27.73,37.48,84.87,44.39,45.75,59.09,6.61,0,8,Rabi
Rice,29.455,19.455,116.74,197.28,30.54,42.02,27.44,112.97,53.36,50.91,89.71,4.86,1,1,Kharif
Sugarcane,27.02,17.02,94.45,139.23,31.59,36.36,32.05,102.89,70.54,59.55,76.29,6.85,1,2,Kharif
Wheat,20.515,10.515,55.98,77.54,37.06,25.58,37.36,74.96,45.17,41.28,62.91,6.25,0,2,Rabi
Rice,27.42,17.42,157.09,192.52,23.49,37.76,38.75,110.41,51.82,50.8,83.28,5.82,1,10,Kharif
Rice,31.16,21.16,141.97,200.74,26.36,44.06,29.58,83.54,43.29,43.35,84.92,5.31,1,3,Kharif
Sugarcane,27.63,17.63,92.72,141.67,32.7,25.0,42.3,115.98,65.94,58.3,62.71,6.52,1,5,Kharif
Rice,27.515,17.515,125.19,176.51,23.65,43.9,32.45,95.02,48.93,40.86,85.32,5.73,1,2,Kharif
Rice,29.775,19.775,119.0,169.06,33.51,37.9,28.59,108.65,52.4,45.09,76.95,4.58,1,10,Kharif
Rice,27.029999999999998,17.029999999999998,158.59,210.36,30.83,44.44,24.73,87.92,37.45,48.27,84.99,5.45,1,2,Kharif
Sugarcane,27.0,17.0,93.68,134.47,33.53,40.76,25.71,132.87,63.55,50.66,78.07,6.99,1,5,Kharif
Sugarcane,25.435000000000002,15.435000000000002,95.14,133.5,34.3,39.49,26.21,107.5,61.8,65.3,68.85,6.9,1,4,Kharif
Sugarcane,28.050000000000004,18.050000000000004,98.24,127.27,30.92,38.27,30.81,139.9,50.16,63.11,69.97,6.34,1,5,Kharif
Rice,30.169999999999998,20.169999999999998,118.23,169.56,29.88,30.87,39.25,130.37,47.21,53.19,90.47,5.11,1,6,Kharif
Sugarcane,26.415,16.415,97.35,153.67,32.13,35.09,32.78,99.06,63.2,56.14,77.42,6.67,1,10,Kharif
Maize,25.060000000000002,15.060000000000002,70.94,100.0,45.95,21.36,32.69,87.99,48.32,38.86,64.89,6.19,1,4,Kharif
Maize,26.480000000000004,16.480000000000004,88.86,96.22,38.48,19.18,42.34,108.65,41.55,35.81,60.18,6.04,1,9,Kharif
Wheat,19.67,9.670000000000002,60.39,88.81,39.12,23.43,37.45,97.43,50.34,50.77,55.37,6.89,0,7,Rabi
Sugarcane,26.634999999999998,16.634999999999998,101.74,145.17,27.27,25.64,47.09,124.42,68.91,52.78,74.1,6.94,1,3,Kharif
Maize,24.73,14.73,84.61,115.85,43.3,20.23,36.47,101.32,36.52,39.44,77.74,6.31,1,3,Kharif
Maize,25.740000000000002,15.740000000000002,80.42,98.9,44.2,25.03,30.77,96.06,40.3,39.36,72.6,6.7,1,4,Kharif
Wheat,19.355,9.355,65.64,83.91,35.29,34.62,30.09,90.68,36.6,45.25,50.96,6.1,0,8,Rabi
Rice,30.035,20.035,119.16,172.63,34.32,36.68,29.0,106.74,49.41,53.87,78.8,6.17,1,6,Kharif
Sugarcane,26.71,16.71,97.83,128.06,35.63,39.76,24.61,119.21,64.77,61.21,70.66,6.67,1,3,Kharif
Wheat,22.035,12.035,68.96,75.83,36.27,29.62,34.11,82.23,60.0,38.26,53.12,7.29,0,7,Rabi
Maize,24.61,14.61,72.15,90.94,43.73,25.49,30.78,79.69,37.36,37.04,66.86,6.33,1,2,Kharif
Wheat,21.85,11.850000000000001,54.05,79.82,36.39,29.98,33.63,108.55,51.97,47.92,51.04,6.77,0,4,Rabi
Sugarcane,28.17,18.17,99.81,135.23,31.55,34.28,34.17,96.6,49.93,59.79,76.78,6.7,1,3,Kharif
Wheat,20.82,10.82,56.43,96.42,41.61,26.73,31.66,77.14,49.31,49.29,54.74,6.52,0,12,Rabi
Rice,28.715,18.715,124.18,172.2,32.29,35.18,32.53,91.3,47.54,47.88,83.43,5.5,1,10,Kharif
Rice,27.55,17.55,165.78,180.51,34.56,47.86,17.58,120.12,48.62,50.22,85.27,5.71,1,2,Kharif
Sugarcane,26.560000000000002,16.560000000000002,80.11,119.21,34.22,31.0,34.78,142.2,72.23,60.66,67.81,7.0,1,9,Kharif
Sugarcane,24.3,14.3,92.9,121.23,33.07,35.05,31.88,115.87,64.38,73.07,81.94,6.81,1,5,Kharif
Sugarcane,25.020000000000003,15.020000000000003,90.8,160.0,39.96,40.83,19.21,85.83,64.32,67.31,79.83,6.72,1,8,Kharif
Wheat,18.235,8.235,53.39,86.19,39.96,25.23,34.81,78.24,51.09,40.13,48.74,6.72,0,3,Rabi
Maize,24.695,14.695,72.8,102.12,50.48,21.16,28.36,86.71,40.2,47.36,61.87,6.19,1,3,Kharif
Maize,23.634999999999998,13.634999999999998,59.72,107.77,40.57,23.41,36.02,93.92,36.92,36.29,55.72,6.75,1,5,Kharif
Wheat,20.68,10.68,54.41,91.33,39.61,26.03,34.36,89.04,46.63,40.91,55.09,7.0,0,4,Rabi
Rice,28.68,18.68,160.3,192.34,31.16,41.72,27.12,107.95,44.44,56.42,81.73,5.18,1,9,Kharif
Maize,23.98,13.98,81.82,104.12,47.12,21.37,31.51,99.42,51.52,42.22,69.5,6.17,1,7,Kharif
Sugarcane,28.115000000000002,18.115000000000002,94.16,122.58,28.69,37.67,33.64,116.54,45.96,66.73,73.72,6.26,1,3,Kharif
Rice,27.335,17.335,130.61,166.84,28.91,36.99,34.1,91.76,48.28,60.0,76.59,5.37,1,2,Kharif
Maize,25.6,15.600000000000001,71.38,112.19,45.75,25.87,28.38,88.68,36.86,32.26,55.51,6.89,1,3,Kharif
Maize,25.349999999999998,15.349999999999998,81.67,99.6,51.15,23.79,25.06,97.48,40.27,41.75,65.85,6.46,1,7,Kharif
Maize,25.87,15.870000000000001,71.38,109.25,35.87,22.76,41.37,97.47,38.02,25.91,64.24,6.59,1,3,Kharif
Wheat,18.96,8.96,42.75,92.58,39.44,30.95,29.61,77.86,43.04,42.13,40.0,6.9,0,7,Rabi
Maize,24.265,14.265,70.97,94.93,37.88,28.66,33.46,85.96,37.28,47.07,58.04,6.29,1,7,Kharif
Rice,28.41,18.41,152.79,207.05,30.73,40.22,29.05,105.5,45.79,48.13,86.31,5.3,1,10,Kharif
Rice,28.685000000000002,18.685000000000002,141.52,183.59,24.02,42.14,33.84,108.47,42.63,53.66,76.7,5.54,1,2,Kharif
Wheat,17.355,7.355,63.19,69.15,36.75,31.41,31.84,92.26,43.83,52.7,58.53,7.5,0,5,Rabi
Rice,30.525,20.525,130.3,185.53,28.73,35.52,35.75,86.71,48.98,42.52,82.29,4.5,1,2,Kharif
Sugarcane,26.84,16.84,112.8,132.93,29.26,35.46,35.28,125.42,45.11,49.58,72.67,7.04,1,5,Kharif
Sugarcane,25.61,15.61,84.97,137.44,30.11,33.68,36.21,113.95,67.82,66.12,73.22,6.85,1,4,Kharif
Wheat,20.66,10.66,44.64,97.97,36.51,30.28,33.21,72.43,48.06,47.19,58.54,6.53,0,5,Rabi
Sugarcane,24.44,14.440000000000001,111.8,144.27,30.94,31.55,37.51,142.75,61.85,40.13,71.02,7.11,1,5,Kharif
Maize,24.855,14.855,66.09,97.8,44.69,17.27,38.04,94.86,39.88,41.48,62.55,6.45,1,5,Kharif
Sugarcane,26.4,16.4,103.78,137.89,41.14,32.27,26.59,128.43,66.32,66.36,71.73,7.0,1,3,Kharif
Wheat,19.255,9.254999999999999,66.28,82.72,36.0,27.45,36.55,80.7,42.41,41.47,51.97,6.54,0,4,Rabi
Rice,25.810000000000002,15.810000000000002,145.57,186.78,31.6,38.39,30.01,108.09,44.98,48.25,83.91,5.25,1,6,Kharif
Wheat,19.05,9.05,66.02,97.15,37.56,26.52,35.92,108.3,31.56,48.45,47.48,6.71,0,2,Rabi
Rice,29.555,19.555,151.94,193.64,32.03,39.34,28.63,123.06,48.34,48.89,72.41,4.91,1,2,Kharif
Wheat,22.259999999999998,12.259999999999998,69.23,79.27,37.21,23.2,39.59,88.29,58.24,44.36,52.09,6.79,0,5,Rabi
Wheat,21.115000000000002,11.115000000000002,38.26,75.45,47.81,25.96,26.23,105.33,47.53,60.0,53.54,6.99,0,4,Rabi
Rice,28.81,18.81,131.44,168.88,37.34,39.4,23.26,107.73,44.32,52.55,93.58,4.8,1,2,Kharif
Sugarcane,26.119999999999997,16.119999999999997,102.63,149.37,37.08,42.67,20.25,127.78,40.0,70.36,75.23,7.1,1,3,Kharif
Sugarcane,25.65,15.649999999999999,87.59,135.39,39.73,33.28,26.99,136.59,55.5,65.51,69.63,6.94,1,10,Kharif
Rice,29.5,19.5,124.37,164.31,33.37,38.9,27.73,121.95,51.65,49.96,82.64,5.12,1,6,Kharif
Wheat,22.875,12.875,48.62,75.96,43.86,29.53,26.61,92.63,45.09,44.2,62.36,6.52,0,2,Rabi
Wheat,19.18,9.18,52.72,99.25,45.27,24.52,30.21,98.7,47.3,44.28,60.22,6.59,0,4,Rabi
Maize,25.380000000000003,15.380000000000003,77.98,97.46,47.72,27.27,25.01,83.75,42.66,32.79,68.48,5.84,1,2,Kharif
Wheat,20.285,10.285,37.0,76.66,39.69,29.93,30.38,81.47,38.09,45.43,56.3,6.87,0,2,Rabi
Sugarcane,27.645,17.645,103.01,137.77,27.63,39.45,32.92,125.07,62.3,56.26,74.43,6.3,1,12,Kharif
Wheat,18.97,8.969999999999999,58.14,82.48,39.28,32.59,28.13,78.68,42.31,46.94,54.0,6.69,0,4,Rabi
Sugarcane,25.605,15.605,81.31,132.77,30.87,37.46,31.67,133.67,59.52,67.71,77.91,6.87,1,4,Kharif
Wheat,18.645,8.645,47.04,87.46,47.0,26.89,26.11,77.18,45.59,42.43,63.91,6.82,0,5,Rabi
Maize,23.68,13.68,80.78,100.86,47.02,22.26,30.72,77.18,47.43,35.58,67.5,6.4,1,6,Kharif
Maize,23.17,13.170000000000002,54.41,108.8,45.32,20.93,33.75,87.57,51.71,38.42,63.21,6.11,1,6,Kharif
Maize,26.315,16.315,59.75,119.03,47.26,23.82,28.92,90.4,36.82,32.21,69.15,5.63,1,7,Kharif
Maize,25.37,15.370000000000001,69.05,103.19,42.17,26.87,30.96,91.32,42.33,42.08,64.63,6.46,1,12,Kharif
Wheat,20.33,10.329999999999998,47.36,98.92,44.36,20.47,35.17,83.85,37.15,53.28,61.17,6.99,0,3,Rabi
Maize,25.11,15.11,64.15,102.95,46.03,25.61,28.36,83.68,41.69,35.31,54.64,6.13,1,4,Kharif
Rice,29.88,19.88,109.08,177.07,29.29,43.22,27.49,109.11,54.62,56.69,86.29,5.33,1,4,Kharif
Sugarcane,26.494999999999997,16.494999999999997,85.11,123.57,37.63,30.36,32.01,115.97,54.86,61.2,77.8,6.84,1,8,Kharif
Wheat,20.495,10.495000000000001,42.11,91.73,39.54,26.52,33.94,88.17,46.13,40.41,44.5,6.91,0,3,Rabi
Wheat,19.05,9.05,57.27,84.01,35.66,26.98,37.36,91.55,51.69,40.46,62.18,6.79,0,7,Rabi
Wheat,20.235,10.235,32.77,89.94,40.04,27.98,31.98,79.71,51.79,35.21,60.63,6.68,0,2,Rabi
Maize,24.17,14.170000000000002,73.7,95.82,42.19,16.89,40.92,113.91,49.72,39.58,69.17,6.44,1,1,Kharif
Sugarcane,24.625,14.625,103.92,108.43,37.3,41.84,20.86,126.08,58.22,59.14,70.99,7.36,1,5,Kharif
Wheat,20.21,10.21,64.1,102.19,40.74,29.52,29.74,89.97,48.72,44.27,53.84,7.28,0,5,Rabi
Wheat,21.295,11.295000000000002,43.06,82.23,38.54,31.98,29.48,84.53,44.84,49.35,60.01,6.73,0,4,Rabi
Maize,25.755000000000003,15.755000000000003,74.12,106.18,41.51,21.87,36.62,86.58,50.99,45.37,59.14,6.11,1,3,Kharif
Wheat,17.525,7.524999999999999,51.3,96.83,32.46,28.18,39.36,78.6,36.64,39.76,55.67,6.29,0,3,Rabi
Wheat,18.83,8.829999999999998,54.71,84.23,38.43,28.2,33.37,104.81,50.34,30.0,50.43,6.56,0,8,Rabi
Maize,23.43,13.43,67.01,104.07,50.26,20.61,29.13,95.56,42.32,32.36,65.54,5.98,1,6,Kharif
Sugarcane,24.895,14.895,90.38,144.02,31.32,33.5,35.18,144.59,68.73,70.08,66.75,6.84,1,9,Kharif
Maize,24.884999999999998,14.884999999999998,76.48,97.29,46.03,20.28,33.69,99.0,39.61,36.94,64.25,6.77,1,4,Kharif
Wheat,20.26,10.260000000000002,59.26,85.23,36.51,26.36,37.13,102.96,52.29,49.82,50.36,6.59,0,13,Rabi
Sugarcane,26.035,16.035,100.84,107.71,28.98,36.17,34.85,116.97,66.35,66.06,80.18,6.25,1,4,Kharif
Sugarcane,26.68,16.68,115.93,108.84,37.09,31.36,31.55,120.13,65.75,50.71,67.06,7.08,1,10,Kharif
Maize,25.73,15.73,69.36,94.16,38.32,23.25,38.43,86.16,41.05,37.74,63.09,6.32,1,8,Kharif
Maize,26.09,16.09,65.71,89.22,42.24,21.58,36.18,78.23,35.19,43.27,67.12,6.3,1,12,Kharif
Wheat,21.4,11.399999999999999,52.42,107.41,42.78,26.58,30.64,90.75,43.3,46.21,42.37,7.35,0,7,Rabi
Wheat,21.57,11.57,43.08,93.44,42.34,29.66,28.0,96.91,36.76,49.68,46.35,6.61,0,12,Rabi
Rice,29.75,19.75,135.34,194.48,32.56,46.46,20.98,106.15,38.49,48.64,76.64,5.19,1,3,Kharif
Maize,24.915,14.915,87.02,90.07,46.58,27.23,26.19,85.06,51.93,40.65,76.1,6.44,1,3,Kharif
Maize,24.525,14.524999999999999,69.8,90.96,43.66,26.99,29.35,86.87,52.51,42.29,70.6,6.65,1,9,Kharif
Rice,28.1,18.1,150.08,170.12,30.66,36.77,32.57,104.34,49.03,46.53,86.27,4.86,1,10,Kharif
Maize,23.495,13.495000000000001,67.82,111.44,38.52,16.17,45.31,63.17,43.72,53.24,63.6,6.56,1,2,Kharif
Rice,28.125,18.125,129.96,175.94,27.54,40.4,32.06,128.98,49.71,50.27,81.09,5.6,1,2,Kharif
Wheat,20.105,10.105,57.71,75.21,40.42,27.12,32.46,95.56,49.34,42.48,51.83,6.61,0,2,Rabi
Rice,28.775,18.775,142.65,163.35,24.74,38.88,36.38,102.55,53.33,49.59,78.25,6.01,1,2,Kharif
Wheat,18.605,8.605,61.87,88.95,41.58,24.42,34.0,89.58,37.12,50.29,56.55,7.5,0,4,Rabi
Wheat,20.945,10.945,56.87,70.29,39.86,27.53,32.61,79.58,43.64,38.02,58.67,6.42,0,3,Rabi
Wheat,19.505000000000003,9.505000000000003,46.85,88.23,37.79,30.31,31.9,106.25,52.52,46.25,47.64,7.15,0,13,Rabi
Wheat,18.475,8.475000000000001,68.58,83.4,41.15,26.12,32.73,95.78,49.37,49.49,63.4,6.58,0,4,Rabi
Sugarcane,25.625,15.625,99.39,120.02,37.19,43.94,18.87,152.91,64.21,49.4,76.05,6.73,1,9,Kharif
Maize,24.57,14.57,73.34,91.74,45.23,23.31,31.46,102.22,44.03,45.86,68.62,6.14,1,1,Kharif
Maize,23.34,13.34,70.27,104.2,47.03,23.54,29.43,103.54,48.12,44.22,61.31,6.43,1,7,Kharif
Wheat,20.205,10.204999999999998,53.16,95.44,34.54,29.4,36.06,70.54,49.05,52.13,54.96,6.6,0,3,Rabi
Wheat,21.225,11.225000000000001,52.99,79.73,44.23,22.15,33.62,92.62,41.64,39.3,57.36,6.65,0,2,Rabi
Wheat,20.3,10.3,45.24,76.76,41.12,23.09,35.79,103.98,37.43,35.78,54.34,7.22,0,4,Rabi
Sugarcane,26.425,16.425,90.69,151.13,30.64,33.72,35.64,140.26,50.95,74.27,64.63,6.52,1,3,Kharif
Maize,23.59,13.59,69.97,98.27,42.0,26.41,31.59,104.05,42.19,46.14,61.26,6.57,1,3,Kharif
Sugarcane,28.87,18.87,90.16,120.39,36.44,27.83,35.73,110.53,63.32,58.89,60.39,6.38,1,5,Kharif
Sugarcane,22.475,12.475000000000001,100.69,147.01,25.86,40.18,33.96,91.6,61.9,70.56,75.44,6.52,1,4,Kharif
Wheat,19.77,9.77,46.72,86.22,41.3,27.2,31.5,91.03,40.49,45.86,48.57,6.74,0,4,Rabi
Rice,28.855,18.855,133.0,206.84,30.72,43.39,25.89,106.85,44.69,41.75,81.14,5.88,1,10,Kharif
Sugarcane,24.765,14.765,93.31,110.58,38.17,37.42,24.41,133.42,67.03,52.94,79.43,6.34,1,4,Kharif
Sugarcane,26.675,16.675,100.79,121.01,41.8,36.54,21.66,128.07,64.69,56.65,74.48,6.58,1,4,Kharif
Sugarcane,27.66,17.66,95.36,131.65,35.0,40.9,24.1,142.74,65.96,55.74,71.81,7.35,1,3,Kharif
Wheat,18.884999999999998,8.884999999999998,42.69,91.37,41.54,28.79,29.67,90.32,55.06,46.73,53.23,6.31,0,2,Rabi
Maize,25.564999999999998,15.564999999999998,79.35,91.0,44.98,28.71,26.31,77.98,46.43,42.15,58.6,6.2,1,2,Kharif
Sugarcane,25.5,15.5,112.43,110.88,26.63,38.09,35.28,105.3,55.28,56.39,79.41,6.96,1,4,Kharif
Wheat,18.244999999999997,8.244999999999997,46.35,90.25,41.67,25.64,32.69,100.81,49.71,49.62,51.9,6.67,0,5,Rabi
Rice,28.085,18.085,135.17,203.35,26.64,36.22,37.14,108.29,42.76,49.31,81.22,5.61,1,5,Kharif
Wheat,17.87,7.870000000000001,63.03,91.96,41.86,27.2,30.94,64.82,49.68,50.28,53.14,6.73,0,3,Rabi
Sugarcane,24.91,14.91,95.06,145.87,30.51,33.77,35.72,131.27,59.69,62.6,83.58,7.06,1,10,Kharif
Rice,27.605,17.605,130.8,155.81,27.5,32.81,39.69,112.87,39.05,51.87,80.4,5.51,1,10,Kharif
Sugarcane,27.125,17.125,93.24,144.74,34.13,37.5,28.37,141.98,66.22,47.73,75.4,6.44,1,5,Kharif
Wheat,19.305,9.305,52.71,66.12,40.85,30.09,29.06,101.14,45.0,38.86,46.53,6.46,0,3,Rabi
Maize,26.619999999999997,16.619999999999997,80.48,104.14,45.83,29.66,24.51,79.98,44.48,39.25,63.23,6.28,1,8,Kharif
Maize,26.035,16.035,77.51,103.56,41.44,17.1,41.46,81.06,34.08,46.79,66.02,6.21,1,5,Kharif
Maize,24.52,14.52,64.45,87.87,55.0,26.16,18.84,92.57,51.06,34.13,79.01,6.09,1,8,Kharif
Maize,26.04,16.04,87.95,99.24,37.99,25.2,36.81,81.33,49.5,28.42,68.15,6.64,1,5,Kharif
Wheat,21.665,11.665,56.79,71.97,42.05,30.91,27.04,89.24,47.2,52.63,61.03,6.94,0,4,Rabi
Maize,24.08,14.079999999999998,60.2,94.44,48.85,27.18,23.97,82.19,44.74,37.78,64.33,6.44,1,8,Kharif
Maize,24.625,14.625,82.91,105.76,35.0,25.85,39.15,93.86,42.56,39.73,64.14,6.74,1,7,Kharif
Rice,27.36,17.36,135.71,208.34,33.38,39.07,27.55,94.28,49.19,55.13,83.26,5.48,1,2,Kharif
Rice,29.96,19.96,136.32,183.28,35.5,43.78,20.72,94.91,57.46,48.63,77.12,5.38,1,2,Kharif
Sugarcane,26.835,16.835,93.9,135.98,29.62,33.49,36.89,111.39,61.88,71.12,73.15,6.67,1,5,Kharif
Wheat,19.560000000000002,9.560000000000002,48.84,69.99,37.6,32.1,30.3,88.68,41.43,52.31,62.48,6.68,0,3,Rabi
Sugarcane,26.17,16.17,92.21,153.11,27.26,37.79,34.95,120.65,57.92,74.08,73.03,6.56,1,4,Kharif
Rice,28.005,18.005,139.19,207.31,30.31,40.71,28.98,94.81,47.6,44.15,79.62,5.38,1,2,Kharif
Rice,30.045,20.045,133.56,189.5,28.14,41.7,30.16,114.89,46.49,48.76,83.11,5.58,1,10,Kharif
Maize,26.015,16.015,76.18,94.33,47.12,22.96,29.92,104.18,33.23,38.7,74.09,5.98,1,0,Kharif
Maize,26.11,16.11,68.16,81.92,41.55,26.9,31.55,114.62,35.83,37.03,55.22,7.0,1,6,Kharif
Sugarcane,26.095,16.095,106.92,140.07,33.58,37.28,29.14,140.05,64.33,59.28,79.67,6.71,1,10,Kharif
Sugarcane,23.61,13.61,94.25,139.38,29.02,40.5,30.48,135.09,58.15,65.92,70.19,7.01,1,3,Kharif
Maize,24.48,14.48,80.19,93.16,45.43,22.57,32.0,94.48,46.9,48.76,66.0,5.71,1,4,Kharif
Rice,28.93,18.93,175.0,188.7,29.33,41.96,28.71,94.52,50.25,48.31,79.35,5.36,1,2,Kharif
Rice,26.985,16.985,137.33,172.17,26.79,41.68,31.53,104.35,39.89,48.39,87.58,6.01,1,2,Kharif
Rice,29.245,19.245,130.1,191.49,33.38,38.42,28.2,110.56,40.53,46.59,78.96,6.5,1,9,Kharif
Rice,30.43,20.43,151.18,202.38,35.56,44.5,19.94,107.86,43.11,46.18,80.17,4.5,1,11,Kharif
Sugarcane,27.009999999999998,17.009999999999998,103.0,137.28,29.31,32.35,38.34,112.42,47.6,60.52,71.6,6.31,1,4,Kharif
Sugarcane,28.79,18.79,113.75,113.63,27.45,35.95,36.6,110.28,52.99,53.89,69.79,6.41,1,4,Kharif
Maize,23.265,13.265,69.37,96.37,42.49,23.28,34.23,85.69,34.88,44.48,62.24,6.59,1,7,Kharif
Maize,25.72,15.719999999999999,81.07,83.68,50.56,17.26,32.18,102.9,33.59,33.74,59.07,6.24,1,7,Kharif
Maize,24.475,14.475000000000001,64.97,92.46,50.0,20.93,29.07,100.95,37.97,44.24,67.89,6.55,1,6,Kharif
Rice,26.145000000000003,16.145000000000003,118.61,194.39,28.95,36.27,34.78,115.33,42.53,45.18,84.25,5.39,1,11,Kharif
Maize,23.75,13.75,83.38,89.87,44.17,19.09,36.74,78.4,32.34,41.7,72.87,6.39,1,4,Kharif
Rice,30.19,20.19,143.59,173.07,26.56,43.7,29.74,101.73,50.2,43.87,85.79,4.93,1,3,Kharif
Rice,28.465000000000003,18.465000000000003,148.69,186.0,26.89,37.59,35.52,111.04,49.47,46.26,84.49,5.73,1,9,Kharif
Rice,28.09,18.09,120.61,201.1,29.48,46.28,24.24,119.26,51.43,44.12,85.54,4.86,1,10,Kharif
Maize,22.98,12.98,64.22,94.9,42.52,29.02,28.46,75.67,33.76,35.47,64.45,5.57,1,6,Kharif
Sugarcane,25.14,15.14,77.58,127.76,42.25,31.19,26.56,136.8,53.42,61.74,70.45,6.88,1,2,Kharif
Sugarcane,25.145,15.145,103.92,131.52,39.62,32.35,28.03,141.52,57.05,73.53,70.88,7.21,1,5,Kharif
Rice,29.279999999999998,19.279999999999998,152.05,188.51,24.87,46.26,28.87,92.4,48.46,46.98,87.7,4.82,1,2,Kharif
Sugarcane,27.485,17.485,114.29,138.92,37.31,40.81,21.88,137.76,52.24,61.96,78.45,7.18,1,5,Kharif
Maize,25.215,15.215,58.59,108.92,42.01,22.28,35.71,98.6,40.48,33.8,76.25,6.3,1,5,Kharif
Wheat,19.18,9.18,41.97,83.91,36.94,26.28,36.78,98.17,44.13,43.84,56.54,6.13,0,7,Rabi
Wheat,21.439999999999998,11.439999999999998,51.66,80.49,34.41,26.67,38.92,66.6,52.75,49.94,50.27,6.99,0,2,Rabi
Wheat,20.354999999999997,10.354999999999997,42.74,99.03,45.04,28.81,26.15,87.9,43.8,42.04,52.92,6.61,0,5,Rabi
Wheat,17.865,7.864999999999998,61.08,70.56,45.71,27.22,27.07,96.97,58.93,48.72,51.34,6.58,0,4,Rabi
Sugarcane,25.64,15.64,93.84,112.78,27.56,44.24,28.2,139.65,66.82,65.14,67.05,6.67,1,9,Kharif
Maize,22.91,12.91,74.03,105.3,41.89,23.43,34.68,84.81,47.51,39.43,74.57,6.22,1,5,Kharif
Maize,26.045,16.045,78.21,91.4,45.74,18.52,35.74,108.18,45.87,42.18,67.87,6.44,1,5,Kharif
Wheat,18.98,8.98,53.05,95.36,40.11,29.17,30.72,75.91,43.84,52.61,54.44,6.49,0,4,Rabi
Sugarcane,24.705,14.704999999999998,110.31,136.59,37.8,38.53,23.67,114.94,53.0,62.93,73.37,6.71,1,2,Kharif
Wheat,19.95,9.95,49.95,83.96,41.94,32.09,25.97,80.07,33.42,44.47,61.62,6.23,0,4,Rabi
Rice,27.165,17.165,116.63,178.43,23.58,44.91,31.51,113.05,48.82,47.11,88.98,5.57,1,2,Kharif
Wheat,18.565,8.565000000000001,55.61,84.21,41.67,21.61,36.72,93.95,43.74,52.18,58.99,6.97,0,2,Rabi
Sugarcane,26.885,16.885,104.29,138.45,29.23,30.37,40.4,113.92,68.66,71.8,72.54,6.61,1,12,Kharif
Sugarcane,23.725,13.725000000000001,105.72,127.17,37.02,34.78,28.2,129.17,66.03,62.53,73.25,7.13,1,4,Kharif
Rice,30.57,20.57,132.94,182.9,32.35,33.45,34.2,131.08,52.66,46.53,84.68,5.37,1,10,Kharif
Maize,24.12,14.120000000000001,76.67,106.84,41.66,19.72,38.62,81.73,38.17,40.25,53.52,6.11,1,4,Kharif
Rice,29.244999999999997,19.244999999999997,138.06,193.29,24.12,35.85,40.03,91.66,47.16,43.67,83.94,5.58,1,3,Kharif
Maize,24.145,14.145,75.14,107.11,40.79,23.08,36.13,96.53,41.46,42.28,75.99,6.68,1,9,Kharif
Maize,24.240000000000002,14.240000000000002,84.35,94.91,46.33,19.64,34.03,104.87,44.36,34.79,69.33,6.48,1,2,Kharif
Rice,28.73,18.73,128.47,181.31,29.05,40.61,30.34,96.13,47.15,44.59,75.35,4.97,1,2,Kharif
Wheat,20.044999999999998,10.044999999999998,49.02,87.25,37.25,28.15,34.6,93.96,43.96,46.3,52.69,7.15,0,2,Rabi
Maize,22.755,12.754999999999999,82.65,92.26,40.99,18.25,40.76,92.03,32.68,46.2,59.81,5.72,1,4,Kharif
Sugarcane,27.475,17.475,90.42,139.22,33.32,39.1,27.58,129.91,64.51,63.37,75.28,6.61,1,3,Kharif
Sugarcane,25.09,15.09,96.96,151.77,22.05,30.8,47.15,100.33,65.35,65.76,63.07,6.44,1,9,Kharif
Wheat,23.08,13.079999999999998,44.61,98.18,40.83,28.37,30.8,76.45,47.71,48.14,59.87,6.69,0,3,Rabi
Maize,24.87,14.870000000000001,63.88,93.93,48.73,24.1,27.17,94.77,38.45,39.29,68.84,6.01,1,7,Kharif
Maize,25.73,15.73,76.21,103.56,44.96,17.1,37.94,97.25,42.94,45.05,56.44,6.85,1,3,Kharif
Wheat,18.29,8.29,44.69,95.08,38.04,25.62,36.34,87.54,36.25,53.67,51.59,6.91,0,12,Rabi
Sugarcane,26.880000000000003,16.880000000000003,100.35,134.88,38.01,42.51,19.48,119.07,61.86,52.6,70.42,7.21,1,9,Kharif
Rice,29.5,19.5,142.2,172.75,25.94,36.44,37.62,101.28,42.48,48.54,83.97,5.17,1,6,Kharif
Sugarcane,27.45,17.45,85.36,128.58,36.79,40.74,22.47,135.71,58.99,60.98,74.47,6.89,1,3,Kharif
Wheat,20.369999999999997,10.369999999999997,64.88,65.21,34.47,26.38,39.15,92.19,54.34,52.11,55.41,6.46,0,5,Rabi
Rice,28.985,18.985,127.63,193.12,29.69,41.71,28.6,99.18,55.29,45.37,79.41,5.09,1,9,Kharif
Sugarcane,27.095,17.095,108.89,126.04,31.61,28.97,39.42,128.51,63.39,67.91,78.82,6.88,1,10,Kharif
Rice,29.365,19.365,154.35,195.23,32.01,45.31,22.68,108.38,43.23,46.84,78.81,5.63,1,6,Kharif
Sugarcane,27.905,17.905,83.01,123.97,35.31,39.82,24.87,137.03,51.07,60.74,62.4,6.88,1,5,Kharif
Rice,28.020000000000003,18.020000000000003,140.94,180.29,35.01,31.44,33.55,131.78,51.73,50.26,89.58,5.18,1,11,Kharif
Wheat,21.08,11.079999999999998,44.41,77.53,43.13,28.07,28.8,81.27,50.44,50.5,64.28,6.96,0,2,Rabi
Maize,25.840000000000003,15.840000000000003,65.43,101.38,47.49,24.0,28.51,79.11,38.13,36.18,73.79,5.85,1,9,Kharif
Maize,24.57,14.57,60.25,91.98,39.14,21.38,39.48,70.91,38.19,39.5,60.49,5.84,1,5,Kharif
Sugarcane,25.259999999999998,15.259999999999998,102.26,141.57,40.27,34.48,25.25,138.28,71.95,69.44,72.46,7.07,1,3,Kharif
Rice,28.814999999999998,18.814999999999998,144.96,174.41,34.24,39.17,26.59,105.89,38.91,43.5,83.1,5.52,1,6,Kharif
Wheat,20.22,10.219999999999999,67.16,77.79,41.66,32.02,26.32,111.99,43.62,55.4,51.95,6.69,0,3,Rabi
Rice,29.075,19.075,164.52,204.56,33.88,40.24,25.88,95.31,47.9,44.43,72.97,4.98,1,2,Kharif
Wheat,20.67,10.670000000000002,30.0,78.46,38.14,32.28,29.58,96.22,38.86,48.45,45.68,6.67,0,5,Rabi
Rice,27.17,17.17,112.05,191.74,31.68,39.9,28.42,97.57,45.74,45.53,85.03,5.08,1,11,Kharif
Wheat,20.880000000000003,10.880000000000003,55.31,92.48,45.96,28.34,25.7,86.54,50.94,42.98,54.33,6.72,0,4,Rabi
Wheat,21.09,11.09,57.97,69.16,40.76,28.73,30.51,77.83,52.82,41.29,64.9,6.64,0,4,Rabi
Rice,29.255,19.255,125.26,186.89,29.21,30.0,40.79,86.02,43.16,40.36,85.22,5.4,1,10,Kharif
Maize,24.395,14.395,70.12,102.51,39.3,23.62,37.08,90.0,37.96,25.0,69.71,6.41,1,6,Kharif
Wheat,19.645,9.645,59.9,92.54,33.42,27.43,39.15,96.1,43.43,50.6,59.51,7.04,0,12,Rabi
Wheat,21.08,11.079999999999998,71.64,90.62,41.86,21.63,36.51,96.04,48.48,42.13,48.09,6.52,0,2,Rabi
Maize,22.0,12.0,70.36,91.81,50.95,26.15,22.9,87.64,45.78,42.6,63.36,6.33,1,3,Kharif
Maize,26.835,16.835,66.92,89.28,43.47,19.14,37.39,92.41,49.8,41.41,70.62,6.32,1,5,Kharif
Sugarcane,26.17,16.17,91.59,159.41,29.43,36.5,34.07,138.54,49.91,55.49,71.92,6.13,1,10,Kharif
Sugarcane,24.98,14.98,85.06,141.85,23.21,38.6,38.19,118.14,56.45,45.08,82.12,6.0,1,5,Kharif
Wheat,18.9,8.899999999999999,35.23,80.66,40.64,25.95,33.41,91.06,43.08,41.49,55.0,6.57,0,5,Rabi
Sugarcane,26.845,16.845,101.79,138.11,34.34,31.09,34.57,140.83,47.03,64.45,66.37,6.43,1,10,Kharif
Sugarcane,24.975,14.975000000000001,96.36,124.88,29.29,41.14,29.57,113.73,64.97,45.81,70.52,6.58,1,2,Kharif
Maize,24.92,14.920000000000002,72.49,107.14,45.53,19.56,34.91,76.44,42.58,42.46,56.98,6.06,1,8,Kharif
Sugarcane,25.755000000000003,15.755000000000003,89.57,145.03,34.12,33.86,32.02,105.05,69.89,57.82,72.76,6.69,1,4,Kharif
Sugarcane,27.055,17.055,100.96,127.12,38.95,38.32,22.73,115.46,59.79,57.33,69.89,6.85,1,9,Kharif
Wheat,21.39,11.39,61.19,84.72,39.66,24.05,36.29,98.71,58.22,49.37,48.39,6.46,0,4,Rabi
Wheat,18.555,8.555,41.77,88.47,42.65,25.73,31.62,86.87,46.04,45.53,53.49,6.75,0,13,Rabi
Wheat,20.48,10.48,59.9,85.02,44.53,25.12,30.35,82.22,46.48,32.27,57.16,6.8,0,7,Rabi
Sugarcane,28.055,18.055,92.32,116.72,35.6,32.03,32.37,145.85,59.85,62.47,66.91,6.8,1,9,Kharif
Maize,25.775,15.774999999999999,57.32,101.78,48.91,27.59,23.5,77.9,39.81,41.27,63.0,6.21,1,8,Kharif
Wheat,20.424999999999997,10.424999999999997,53.5,96.75,46.7,30.0,23.3,87.45,48.89,45.94,54.29,6.79,0,5,Rabi
Wheat,21.095,11.094999999999999,52.77,99.0,35.95,29.14,34.91,100.23,43.3,37.11,47.57,6.62,0,2,Rabi
Rice,28.655,18.655,173.9,171.38,28.54,42.54,28.92,102.56,44.6,43.7,85.46,6.0,1,11,Kharif
Sugarcane,26.255,16.255,86.05,122.45,22.67,33.13,44.2,145.76,67.41,50.83,60.32,6.8,1,10,Kharif
Sugarcane,25.35,15.350000000000001,114.82,119.42,29.27,40.93,29.8,112.52,51.21,48.2,78.56,6.81,1,12,Kharif
Maize,23.61,13.61,73.03,112.0,42.53,25.17,32.3,106.61,38.29,34.88,62.92,6.48,1,3,Kharif
Wheat,18.345,8.344999999999999,43.76,70.87,37.64,24.04,38.32,84.65,39.65,47.05,54.69,7.0,0,5,Rabi
Wheat,18.675,8.675,59.39,94.13,36.52,23.84,39.64,100.92,54.62,35.94,50.55,6.52,0,4,Rabi
Wheat,20.225,10.225000000000001,66.7,77.63,42.23,26.36,31.41,93.09,45.71,50.19,53.78,6.98,0,3,Rabi
Wheat,19.61,9.61,59.12,75.5,37.1,26.19,36.71,118.09,47.95,38.01,49.99,6.82,0,13,Rabi
Maize,24.475,14.475000000000001,78.52,80.4,45.02,19.69,35.29,99.63,35.22,38.06,50.0,6.55,1,5,Kharif
Maize,24.855,14.855,81.01,98.3,45.7,23.77,30.53,83.49,42.89,50.13,62.15,6.45,1,2,Kharif
Rice,28.465,18.465,132.72,184.82,32.63,44.88,22.49,103.59,49.56,52.05,91.36,5.91,1,6,Kharif
Maize,25.205,15.204999999999998,73.31,99.67,42.7,28.35,28.95,97.9,39.96,42.28,61.41,6.74,1,2,Kharif
Sugarcane,27.405,17.405,90.92,110.62,25.09,33.79,41.12,138.11,50.08,50.05,77.63,6.59,1,10,Kharif
Maize,21.67,11.670000000000002,67.36,94.54,49.52,29.2,21.28,71.82,41.63,33.24,59.79,6.76,1,7,Kharif
Maize,24.369999999999997,14.369999999999997,72.98,96.1,40.92,21.22,37.86,87.28,41.56,47.44,68.27,6.5,1,6,Kharif
Rice,29.259999999999998,19.259999999999998,157.79,161.23,21.67,44.05,34.28,94.49,46.68,51.19,77.86,6.0,1,10,Kharif
Maize,24.384999999999998,14.384999999999998,80.99,111.01,55.0,20.8,24.2,106.57,55.0,42.37,58.46,6.13,1,5,Kharif
Wheat,18.765,8.765,50.0,103.77,42.32,24.44,33.24,102.61,41.63,53.7,46.76,6.66,0,5,Rabi
Wheat,19.835,9.835,30.0,98.81,50.0,26.71,23.29,88.69,58.18,46.92,53.85,6.52,0,12,Rabi
Sugarcane,25.195,15.195,81.13,137.31,33.84,37.84,28.32,119.17,51.33,62.11,79.15,6.81,1,10,Kharif
Rice,26.25,16.25,141.81,201.69,34.76,37.48,27.76,113.15,47.69,45.96,79.17,5.85,1,10,Kharif
Maize,25.295,15.295000000000002,74.03,97.76,42.2,20.71,37.09,104.37,53.96,52.4,64.93,6.21,1,2,Kharif
Sugarcane,26.924999999999997,16.924999999999997,94.46,133.71,27.79,38.44,33.77,118.82,65.8,63.24,76.42,6.95,1,2,Kharif
Maize,23.924999999999997,13.924999999999997,78.16,98.57,44.73,23.58,31.69,90.97,38.74,43.29,58.78,5.92,1,7,Kharif
Maize,25.025,15.024999999999999,69.09,94.64,42.09,24.34,33.57,81.01,32.98,46.13,60.57,6.28,1,4,Kharif
Rice,26.564999999999998,16.564999999999998,143.75,180.05,33.57,42.6,23.83,114.57,43.1,42.1,77.54,5.09,1,10,Kharif
Wheat,18.985,8.985,55.34,86.56,32.81,28.08,39.11,82.68,53.82,43.82,43.14,6.91,0,5,Rabi
Sugarcane,27.994999999999997,17.994999999999997,98.31,106.32,21.04,32.41,46.55,125.9,59.95,60.51,71.06,6.48,1,5,Kharif
Wheat,18.275,8.274999999999999,43.64,93.66,39.53,24.92,35.55,71.42,42.71,44.55,46.07,6.67,0,12,Rabi
Sugarcane,27.310000000000002,17.310000000000002,99.5,135.93,29.89,38.01,32.1,108.83,64.17,52.21,65.83,7.26,1,10,Kharif
Sugarcane,25.765,15.765,96.26,138.86,39.2,40.88,19.92,120.17,57.02,59.81,72.62,6.23,1,10,Kharif
Rice,25.575,15.575,122.83,172.96,33.52,43.43,23.05,133.3,49.74,50.3,84.36,5.65,1,6,Kharif
Maize,22.025,12.024999999999999,71.85,103.16,41.83,18.9,39.27,86.96,42.33,41.32,54.69,6.61,1,3,Kharif
Maize,24.91,14.91,69.74,104.02,46.64,26.42,26.94,77.79,39.55,40.7,66.61,6.42,1,9,Kharif
Wheat,18.924999999999997,8.924999999999997,58.9,90.56,45.69,29.95,24.36,77.34,42.43,53.17,52.32,6.64,0,3,Rabi
Sugarcane,27.314999999999998,17.314999999999998,104.97,146.16,37.92,35.03,27.05,143.16,68.3,59.25,69.47,6.35,1,3,Kharif
Sugarcane,26.75,16.75,86.61,107.06,34.6,34.5,30.9,133.97,79.45,65.76,71.54,7.33,1,4,Kharif
Maize,24.79,14.79,60.48,96.23,40.72,22.56,36.72,88.17,37.99,38.49,57.36,6.71,1,8,Kharif
Maize,23.215,13.215,72.44,110.88,39.91,18.5,41.59,99.66,37.5,43.6,62.12,6.37,1,6,Kharif
Maize,23.72,13.719999999999999,66.24,103.85,50.11,27.16,22.73,79.93,38.5,47.5,61.47,6.24,1,5,Kharif
Rice,29.535,19.535,143.81,175.32,32.89,36.37,30.74,87.78,42.45,45.12,80.95,5.46,1,2,Kharif
Wheat,21.240000000000002,11.240000000000002,54.26,76.46,30.0,27.72,42.28,66.97,46.93,42.05,63.93,6.98,0,5,Rabi
Wheat,19.945,9.945,48.28,101.07,39.31,29.72,30.97,88.42,33.02,44.63,47.31,6.79,0,13,Rabi
Rice,29.145000000000003,19.145000000000003,132.58,172.04,28.26,41.95,29.79,96.92,44.92,47.88,88.49,5.53,1,11,Kharif
Rice,30.28,20.28,127.07,197.08,29.98,35.86,34.16,101.13,50.13,57.3,95.0,5.15,1,2,Kharif
Maize,26.665,16.665,61.54,90.92,47.08,21.37,31.55,95.56,41.44,48.43,74.69,6.68,1,3,Kharif
Maize,23.814999999999998,13.814999999999998,50.0,96.12,45.72,15.27,39.01,86.6,25.06,43.62,66.54,6.25,1,4,Kharif
Sugarcane,26.95,16.95,101.78,127.96,35.48,37.48,27.04,145.58,72.54,60.8,66.38,6.66,1,8,Kharif
Rice,29.064999999999998,19.064999999999998,143.9,178.49,34.55,33.38,32.07,96.36,44.11,53.51,81.42,5.13,1,10,Kharif
Maize,26.57,16.57,81.35,100.32,47.43,24.66,27.91,92.01,32.24,38.64,56.31,5.55,1,12,Kharif
Rice,28.645000000000003,18.645000000000003,152.18,190.88,27.79,41.14,31.07,99.94,48.75,51.97,81.35,5.7,1,4,Kharif
Maize,23.665,13.665,71.87,106.58,42.6,20.67,36.73,91.09,41.67,32.08,72.87,6.46,1,4,Kharif
Wheat,19.965,9.965,46.72,97.59,43.29,28.49,28.22,98.71,38.68,39.52,63.79,6.63,0,5,Rabi
Wheat,19.95,9.95,46.34,83.5,34.29,28.64,37.07,81.74,51.71,38.67,52.21,6.5,0,4,Rabi
Maize,22.814999999999998,12.814999999999998,72.43,99.91,51.84,18.65,29.51,68.35,43.54,38.33,71.63,6.38,1,4,Kharif
Maize,22.11,12.11,62.43,103.95,47.4,21.29,31.31,97.56,43.31,38.8,60.46,6.0,1,4,Kharif
Rice,30.415,20.415,129.74,167.65,28.9,35.26,35.84,104.38,43.86,43.68,80.47,5.77,1,6,Kharif
Rice,28.58,18.58,120.46,207.08,20.61,36.39,43.0,129.38,36.86,50.68,80.56,5.56,1,4,Kharif
Maize,24.595,14.594999999999999,64.7,104.26,43.23,23.58,33.19,87.9,33.7,43.35,63.85,6.35,1,4,Kharif
Wheat,21.805,11.805,46.02,91.82,41.71,26.93,31.36,60.0,34.65,47.4,49.42,7.26,0,2,Rabi
Sugarcane,26.97,16.97,108.11,121.13,30.03,36.68,33.29,109.37,68.14,58.05,69.45,7.25,1,4,Kharif
Maize,22.61,12.61,73.74,110.25,43.18,21.45,35.37,88.78,43.99,39.22,73.73,6.01,1,6,Kharif
Maize,24.0,14.0,90.0,104.06,42.88,30.0,27.12,87.04,29.18,27.53,70.99,6.83,1,5,Kharif
Rice,28.465,18.465,143.98,188.87,32.99,39.29,27.72,123.18,49.43,46.25,87.35,6.39,1,6,Kharif
Rice,29.78,19.78,123.5,220.0,28.8,46.63,24.57,105.99,52.78,38.88,87.18,5.57,1,9,Kharif
Wheat,19.945,9.945,51.69,83.27,46.97,21.48,31.55,90.44,39.64,43.67,47.88,6.63,0,5,Rabi
Sugarcane,24.61,14.61,92.16,128.14,38.03,35.74,26.23,148.42,62.47,57.52,70.89,7.39,1,9,Kharif
Maize,26.384999999999998,16.384999999999998,73.72,90.84,45.82,22.39,31.79,109.36,43.29,37.86,59.01,6.1,1,6,Kharif
Wheat,20.005000000000003,10.005000000000003,51.58,70.61,45.0,28.54,26.46,80.06,50.89,44.74,63.92,6.27,0,12,Rabi
Rice,28.85,18.85,131.11,198.44,26.07,37.52,36.41,97.59,53.51,47.95,81.57,6.03,1,10,Kharif
Sugarcane,25.494999999999997,15.494999999999997,105.71,140.73,29.84,37.31,32.85,120.6,40.42,71.48,74.69,6.52,1,5,Kharif
Sugarcane,23.630000000000003,13.630000000000003,91.37,116.72,31.69,41.01,27.3,120.19,60.59,52.23,72.78,6.85,1,4,Kharif
Wheat,17.830000000000002,7.830000000000002,60.84,86.91,36.82,28.9,34.28,94.65,46.73,60.0,53.99,6.8,0,2,Rabi
Wheat,20.845,10.844999999999999,48.65,81.05,41.9,26.04,32.06,74.6,38.31,43.3,54.55,6.33,0,4,Rabi
Rice,28.39,18.39,157.85,191.45,32.54,33.97,33.49,102.79,44.37,50.05,83.95,4.5,1,3,Kharif
Sugarcane,25.814999999999998,15.814999999999998,95.57,137.93,27.83,33.07,39.1,103.18,70.47,48.1,67.12,7.36,1,5,Kharif
Wheat,21.755000000000003,11.755000000000003,49.34,74.54,39.46,28.04,32.5,102.52,37.01,40.34,61.35,6.35,0,12,Rabi
Rice,30.85,20.85,130.22,167.96,28.83,33.0,38.17,105.7,46.57,55.56,85.45,5.07,1,1,Kharif
Wheat,18.425,8.425,60.71,102.05,36.7,23.91,39.39,93.36,40.06,50.9,59.21,6.65,0,7,Rabi
Sugarcane,26.905,16.905,91.85,137.48,38.04,31.81,30.15,126.99,71.04,63.75,75.15,6.02,1,9,Kharif
Maize,24.59,14.59,70.77,101.41,45.08,20.88,34.04,100.56,51.56,54.27,62.3,5.68,1,5,Kharif
Maize,24.975,14.975000000000001,76.12,100.75,42.13,18.13,39.74,97.07,37.32,40.32,74.42,6.65,1,9,Kharif
Rice,28.55,18.55,117.07,187.28,35.29,41.12,23.59,107.65,46.24,53.62,88.68,5.72,1,2,Kharif
Rice,27.85,17.85,124.95,194.14,23.44,39.24,37.32,114.74,42.87,52.15,90.79,6.19,1,4,Kharif
Wheat,17.7,7.699999999999999,75.0,74.21,41.29,24.96,33.75,67.58,39.01,36.66,54.24,6.54,0,4,Rabi
Rice,29.125,19.125,145.78,182.35,21.55,42.07,36.38,98.68,41.91,47.55,80.39,5.85,1,9,Kharif
Wheat,21.79,11.79,42.69,73.86,42.64,32.81,24.55,82.02,48.2,36.89,52.04,7.06,0,2,Rabi
Wheat,16.96,6.960000000000001,56.55,100.22,35.37,29.43,35.2,81.91,54.16,50.97,57.92,7.5,0,2,Rabi
Rice,30.979999999999997,20.979999999999997,126.68,201.1,28.38,42.42,29.2,102.69,35.19,51.23,76.02,5.43,1,3,Kharif
Maize,25.165,15.165,71.48,93.71,41.19,26.34,32.47,82.86,35.39,31.34,66.55,5.64,1,2,Kharif
Wheat,21.58,11.579999999999998,50.72,97.77,43.34,27.38,29.28,64.02,45.27,42.58,65.47,6.53,0,3,Rabi
Wheat,18.509999999999998,8.509999999999998,59.02,87.95,35.51,25.59,38.9,96.46,55.24,50.39,63.29,7.06,0,2,Rabi
Maize,23.990000000000002,13.990000000000002,77.97,99.85,45.83,21.67,32.5,113.24,34.79,31.15,66.43,6.36,1,9,Kharif
Rice,29.700000000000003,19.700000000000003,116.65,181.65,32.52,38.38,29.1,90.31,48.06,47.16,79.66,6.21,1,3,Kharif
Rice,28.65,18.65,139.74,162.49,30.95,37.72,31.33,98.33,43.45,51.65,78.29,5.09,1,10,Kharif
Maize,22.225,12.225000000000001,56.09,99.06,45.77,22.14,32.09,91.5,38.65,39.13,59.19,6.37,1,3,Kharif
Maize,24.59,14.59,66.56,108.26,45.59,29.03,25.38,90.22,34.74,45.41,68.32,6.38,1,3,Kharif
Sugarcane,26.075000000000003,16.075000000000003,102.83,125.88,31.83,33.73,34.44,110.01,71.53,55.53,74.68,6.84,1,9,Kharif
Rice,28.28,18.28,151.36,166.51,27.99,43.29,28.72,118.11,48.76,36.54,75.77,5.27,1,3,Kharif
Rice,29.94,19.94,126.26,161.07,30.72,37.4,31.88,84.56,46.31,45.11,81.62,5.06,1,2,Kharif
Maize,24.75,14.75,84.74,93.52,48.14,20.84,31.02,99.56,42.44,31.66,57.86,6.23,1,5,Kharif
Rice,28.48,18.48,139.46,213.25,32.11,44.74,23.15,103.84,39.92,48.69,88.21,6.01,1,9,Kharif
Sugarcane,26.619999999999997,16.619999999999997,75.63,118.03,29.23,34.85,35.92,112.12,44.06,47.8,79.17,6.49,1,3,Kharif
Sugarcane,26.869999999999997,16.869999999999997,101.2,127.2,39.42,35.85,24.73,103.92,49.64,50.5,79.46,6.79,1,9,Kharif
Maize,26.215,16.215,65.58,99.03,44.89,20.59,34.52,62.43,33.34,42.42,55.97,6.36,1,8,Kharif
Sugarcane,24.86,14.86,106.84,123.78,31.99,37.38,30.63,108.45,59.87,59.9,72.47,6.52,1,5,Kharif
Wheat,18.4,8.399999999999999,50.8,85.3,31.66,20.23,48.11,85.67,44.38,41.15,53.96,7.2,0,5,Rabi
Wheat,19.025,9.024999999999999,75.0,76.3,39.33,32.73,27.94,105.48,43.46,35.39,52.39,7.12,0,5,Rabi
Rice,28.375,18.375,112.12,192.0,35.39,38.73,25.88,112.07,54.44,48.06,90.62,5.84,1,9,Kharif
Wheat,21.355,11.355,69.27,95.92,42.39,24.69,32.92,99.0,44.85,45.17,51.21,6.53,0,2,Rabi
Sugarcane,25.295,15.295000000000002,116.67,123.3,30.45,31.74,37.81,117.53,66.51,46.94,68.3,6.08,1,9,Kharif
Wheat,22.634999999999998,12.634999999999998,62.32,107.9,43.52,26.73,29.75,94.47,42.79,51.64,60.91,6.87,0,2,Rabi
Maize,25.1,15.100000000000001,78.49,114.87,46.36,19.68,33.96,73.08,39.96,39.26,61.99,6.4,1,2,Kharif
Wheat,21.845,11.844999999999999,46.59,81.82,36.61,28.23,35.16,94.46,39.51,39.26,45.47,7.1,0,3,Rabi
Sugarcane,25.28,15.280000000000001,87.44,143.61,37.41,28.3,34.29,108.35,57.53,55.72,77.3,6.21,1,3,Kharif
Rice,27.964999999999996,17.964999999999996,136.38,156.84,33.66,43.2,23.14,119.34,53.74,48.81,85.22,5.24,1,6,Kharif
Rice,27.519999999999996,17.519999999999996,141.79,187.94,27.09,44.44,28.47,121.97,50.97,54.29,82.81,6.17,1,3,Kharif
Wheat,20.564999999999998,10.564999999999998,55.8,68.02,40.83,26.6,32.57,96.33,41.8,34.87,58.07,6.91,0,8,Rabi
Rice,29.94,19.94,145.54,186.22,30.08,43.64,26.28,101.87,50.59,55.87,77.29,4.53,1,10,Kharif
Sugarcane,25.825000000000003,15.825000000000003,94.19,127.06,37.68,35.13,27.19,126.31,64.45,68.99,77.65,6.65,1,4,Kharif
Wheat,19.18,9.18,73.82,64.96,46.8,28.31,24.89,95.9,40.84,53.47,46.9,7.34,0,13,Rabi
Maize,24.515,14.515,76.49,105.19,39.07,22.7,38.23,100.17,40.35,32.23,54.97,6.19,1,9,Kharif
Rice,28.125,18.125,143.88,191.98,29.08,36.24,34.68,93.11,51.78,55.9,81.88,6.34,1,3,Kharif
Rice,28.125,18.125,129.16,182.95,38.85,38.91,22.24,135.52,46.59,44.2,85.58,6.2,1,2,Kharif
Maize,24.86,14.86,71.81,97.52,41.61,28.74,29.65,72.75,45.12,38.74,61.49,5.54,1,8,Kharif
Wheat,18.275,8.274999999999999,59.92,91.2,38.1,27.99,33.91,82.5,41.52,40.92,54.79,6.4,0,4,Rabi
Rice,30.485,20.485,159.76,193.0,20.32,40.12,39.56,109.25,45.1,44.8,83.44,5.58,1,2,Kharif
Sugarcane,25.615000000000002,15.615000000000002,75.72,142.68,32.88,32.71,34.41,93.62,48.71,67.54,69.79,6.7,1,9,Kharif
Wheat,22.14,12.14,54.47,90.05,42.24,24.3,33.46,90.7,30.11,41.92,64.1,7.19,0,7,Rabi
Wheat,17.98,7.98,57.67,86.7,43.24,26.95,29.81,84.07,42.52,50.43,52.46,6.25,0,7,Rabi
Wheat,19.87,9.870000000000001,41.27,92.19,44.27,26.98,28.75,91.44,32.97,48.12,48.49,6.89,0,5,Rabi
Maize,24.53,14.530000000000001,77.57,106.79,49.54,20.86,29.6,94.61,45.65,31.58,75.39,6.73,1,6,Kharif
Sugarcane,25.8,15.8,95.05,126.34,34.89,36.2,28.91,117.83,61.77,61.88,72.59,6.72,1,4,Kharif
Maize,24.225,14.225000000000001,66.75,98.0,40.62,23.61,35.77,100.85,39.13,49.37,58.58,6.69,1,9,Kharif
Maize,24.525,14.524999999999999,64.18,89.1,38.65,26.93,34.42,80.83,43.02,48.95,61.64,5.92,1,4,Kharif
Wheat,19.255,9.254999999999999,66.35,105.06,39.63,29.68,30.69,113.34,44.67,35.47,53.98,6.81,0,7,Rabi
Maize,25.375,15.375,74.45,99.51,41.44,16.79,41.77,60.47,32.63,42.94,54.2,5.81,1,4,Kharif
Maize,23.14,13.14,77.4,112.16,47.02,20.03,32.95,90.62,35.6,47.47,75.72,6.64,1,5,Kharif
Rice,28.130000000000003,18.130000000000003,141.58,187.45,39.19,39.45,21.36,102.94,52.39,40.33,82.05,5.39,1,6,Kharif
Wheat,20.02,10.02,46.44,79.06,45.58,21.91,32.51,71.28,39.2,44.39,61.04,6.55,0,7,Rabi
Maize,23.04,13.04,71.5,88.36,42.07,22.0,35.93,85.08,38.66,32.19,67.05,6.44,1,5,Kharif
Rice,27.814999999999998,17.814999999999998,126.02,183.42,32.71,40.39,26.9,125.77,48.26,46.73,81.22,5.66,1,11,Kharif
Maize,23.869999999999997,13.869999999999997,70.42,88.94,46.11,22.5,31.39,82.48,37.68,48.42,60.33,6.21,1,8,Kharif
Sugarcane,24.805,14.805,89.05,110.18,34.26,31.71,34.03,120.87,74.69,54.17,74.11,6.99,1,5,Kharif
Wheat,19.765,9.765,64.86,70.77,41.17,25.31,33.52,92.42,40.86,48.89,55.58,6.47,0,7,Rabi
Rice,28.41,18.41,127.3,200.04,30.8,42.34,26.86,127.9,48.49,41.13,88.57,6.22,1,3,Kharif
Sugarcane,26.71,16.71,102.79,131.02,37.61,37.82,24.57,119.13,51.0,52.11,77.24,6.86,1,9,Kharif
Rice,27.77,17.77,129.11,177.29,28.43,45.08,26.49,109.7,40.7,49.14,80.79,5.46,1,3,Kharif
Maize,22.04,12.04,81.78,95.99,44.34,18.48,37.18,76.87,36.88,42.66,63.18,6.17,1,7,Kharif
Rice,28.855,18.855,143.4,169.92,31.0,33.1,35.9,96.96,47.55,49.43,83.24,5.15,1,9,Kharif
Rice,27.21,17.21,164.35,201.5,32.47,39.89,27.64,115.15,53.31,52.86,86.13,6.24,1,10,Kharif
Rice,28.07,18.07,124.47,179.79,25.49,35.27,39.24,122.2,43.56,56.05,85.6,5.61,1,3,Kharif
Wheat,20.35,10.350000000000001,36.63,92.36,39.24,24.01,36.75,90.43,43.54,42.26,70.0,6.47,0,5,Rabi
Rice,29.815,19.815,123.6,187.76,20.0,45.37,34.63,98.52,50.13,50.79,82.61,5.95,1,2,Kharif
Sugarcane,24.645,14.645,95.14,100.0,34.68,33.24,32.08,104.32,59.94,46.65,67.44,6.7,1,9,Kharif
Sugarcane,25.935000000000002,15.935000000000002,89.18,134.6,37.44,26.94,35.62,132.05,49.16,57.98,72.7,7.05,1,5,Kharif
Wheat,19.29,9.29,45.44,97.31,47.05,29.87,23.08,88.61,49.58,43.9,59.98,6.95,0,8,Rabi
Sugarcane,25.630000000000003,15.630000000000003,97.31,143.76,39.22,37.66,23.12,129.58,55.38,59.58,78.3,6.45,1,4,Kharif
Sugarcane,26.445,16.445,109.02,131.12,37.92,35.7,26.38,121.89,45.08,51.67,75.96,7.0,1,3,Kharif
Maize,22.35,12.350000000000001,74.69,105.89,39.55,25.14,35.31,74.93,35.09,40.74,57.49,5.59,1,4,Kharif
Wheat,20.895,10.895,47.81,72.52,42.37,32.1,25.53,93.84,35.59,42.63,56.57,7.0,0,3,Rabi
Maize,26.705,16.705,69.93,97.84,40.8,25.19,34.01,84.28,44.85,43.12,64.45,5.63,1,7,Kharif
Maize,23.215,13.215,73.35,106.93,48.71,17.07,34.22,104.77,34.07,43.63,66.79,6.37,1,5,Kharif
Maize,22.939999999999998,12.939999999999998,76.72,100.36,47.18,22.42,30.4,100.38,46.68,32.6,70.77,6.55,1,1,Kharif
Rice,26.965000000000003,16.965000000000003,149.13,187.24,30.14,36.56,33.3,120.0,48.73,48.11,82.27,5.3,1,10,Kharif
Rice,26.880000000000003,16.880000000000003,160.11,189.34,28.35,37.45,34.2,113.46,55.45,48.29,77.16,5.54,1,6,Kharif
Wheat,21.78,11.780000000000001,55.65,81.14,46.83,26.28,26.89,91.3,36.01,37.14,55.52,6.71,0,4,Rabi
Sugarcane,25.675,15.675,107.2,141.44,32.03,32.83,35.14,141.2,61.95,46.87,85.0,7.14,1,10,Kharif
Sugarcane,25.945,15.945,107.92,138.23,40.5,39.27,20.23,138.56,52.42,48.06,67.74,6.5,1,10,Kharif
Maize,23.015,13.015,74.39,101.61,49.35,23.41,27.24,109.81,36.65,40.37,64.25,6.51,1,4,Kharif
Sugarcane,26.825,16.825,84.31,130.26,42.1,36.53,21.37,100.61,78.48,53.86,74.54,7.08,1,5,Kharif
Sugarcane,23.6,13.600000000000001,86.09,150.32,33.48,31.41,35.11,102.48,49.42,48.39,75.23,6.88,1,9,Kharif
Wheat,17.64,7.640000000000001,53.6,97.66,43.97,25.43,30.6,120.0,55.93,46.18,50.01,6.27,0,3,Rabi
Maize,22.915,12.915,51.65,105.55,42.9,21.71,35.39,80.43,28.9,34.79,68.16,6.19,1,7,Kharif
Rice,31.375,21.375,121.72,162.85,30.31,40.82,28.87,113.93,45.43,41.55,73.58,4.54,1,3,Kharif
Sugarcane,26.335,16.335,99.58,140.05,26.26,31.33,42.41,105.45,54.68,78.5,74.28,6.77,1,3,Kharif
Rice,28.92,18.92,151.7,193.22,21.47,43.24,35.29,97.68,49.54,59.03,82.31,5.58,1,10,Kharif
Sugarcane,26.845,16.845,86.42,133.04,24.26,38.52,37.22,135.59,53.67,56.24,78.77,6.72,1,9,Kharif
Sugarcane,25.895,15.895,116.88,122.71,34.07,43.18,22.75,106.33,65.7,51.82,72.48,6.18,1,10,Kharif
Maize,26.6,16.6,79.72,96.62,46.57,21.77,31.66,71.77,38.55,38.12,62.87,6.01,1,9,Kharif
Sugarcane,26.955,16.955,92.26,134.22,34.5,38.35,27.15,139.26,54.4,50.33,70.12,6.6,1,4,Kharif
Rice,28.74,18.74,102.9,178.92,22.28,44.27,33.45,110.25,41.24,54.01,75.77,5.37,1,11,Kharif
Maize,25.68,15.68,77.54,94.94,44.06,22.54,33.4,101.67,36.9,39.97,60.54,6.33,1,3,Kharif
Maize,24.505000000000003,14.505000000000003,63.7,96.7,46.68,26.5,26.82,69.74,39.21,32.74,62.69,6.28,1,2,Kharif
Wheat,20.009999999999998,10.009999999999998,51.42,84.59,36.82,28.03,35.15,74.35,46.8,34.68,55.43,6.97,0,2,Rabi
Sugarcane,24.995,14.995000000000001,114.79,139.16,33.09,34.73,32.18,114.17,49.17,57.02,83.02,6.35,1,4,Kharif
Rice,26.58,16.58,138.91,174.76,32.12,39.07,28.81,100.32,53.43,47.59,80.02,5.7,1,2,Kharif
Rice,25.66,15.66,122.57,175.43,26.19,41.3,32.51,111.55,46.68,50.84,75.62,5.42,1,2,Kharif
Sugarcane,26.449999999999996,16.449999999999996,118.33,119.7,29.88,36.44,33.68,113.6,52.06,71.71,71.22,6.63,1,5,Kharif
Wheat,19.325000000000003,9.325000000000003,41.53,87.01,40.41,24.3,35.29,96.48,44.17,39.13,43.07,6.89,0,2,Rabi
Sugarcane,26.975,16.975,101.31,132.95,30.94,45.0,24.06,110.68,68.6,57.57,73.8,6.86,1,5,Kharif
Rice,28.44,18.44,131.32,162.06,30.58,44.97,24.45,89.76,45.61,41.87,78.45,5.94,1,1,Kharif
Rice,28.785,18.785,152.85,180.95,29.53,38.94,31.53,124.26,51.72,40.82,87.94,5.5,1,9,Kharif
Maize,24.17,14.170000000000002,78.3,89.59,44.46,24.45,31.09,95.45,45.62,39.52,70.85,5.88,1,5,Kharif
Sugarcane,27.494999999999997,17.494999999999997,94.16,114.79,26.79,35.54,37.67,114.98,66.64,53.18,73.78,6.68,1,3,Kharif
Rice,27.52,17.52,119.77,170.15,25.55,38.98,35.47,129.16,44.87,43.09,83.04,5.9,1,3,Kharif
Maize,24.73,14.73,72.44,105.66,45.03,21.07,33.9,88.59,40.52,38.8,67.99,6.28,1,5,Kharif
Maize,20.555,10.555,70.16,86.34,52.71,26.05,21.24,88.79,31.32,47.77,68.84,6.05,1,4,Kharif
Rice,26.445,16.445,129.03,184.9,22.9,42.37,34.73,106.59,35.0,55.53,81.37,5.76,1,10,Kharif
Sugarcane,24.82,14.82,86.04,129.29,33.94,36.74,29.32,89.91,50.89,58.03,84.71,6.69,1,4,Kharif
Wheat,18.369999999999997,8.369999999999997,47.76,77.4,35.7,30.7,33.6,90.17,45.49,50.0,55.72,6.58,0,3,Rabi
Maize,26.259999999999998,16.259999999999998,72.32,92.05,43.28,28.54,28.18,96.63,44.77,44.52,54.85,6.03,1,9,Kharif
Maize,24.68,14.68,74.49,109.33,51.1,19.53,29.37,73.53,40.84,36.63,63.99,6.21,1,8,Kharif
Wheat,18.265,8.265,49.6,71.9,31.37,33.25,35.38,95.24,53.38,46.64,50.35,7.15,0,3,Rabi
Sugarcane,27.464999999999996,17.464999999999996,91.44,121.44,32.25,28.23,39.52,121.58,72.43,45.5,69.33,7.12,1,3,Kharif
Rice,27.575,17.575,151.07,164.75,29.44,44.12,26.44,103.57,46.26,48.69,79.73,5.78,1,9,Kharif
Maize,21.58,11.579999999999998,67.83,91.97,40.04,24.02,35.94,85.53,47.54,46.86,59.25,6.59,1,6,Kharif
Wheat,19.52,9.52,60.63,88.81,44.34,30.18,25.48,109.12,45.69,41.9,48.23,6.7,0,4,Rabi
Wheat,23.02,13.02,53.31,97.19,40.31,28.17,31.52,95.08,44.66,42.23,50.2,7.32,0,5,Rabi
Rice,29.09,19.09,139.87,168.8,28.69,45.11,26.2,97.42,53.89,59.11,83.8,5.37,1,2,Kharif
Maize,22.095,12.094999999999999,56.48,92.58,43.93,25.12,30.95,103.69,48.62,38.26,50.0,6.34,1,5,Kharif
Sugarcane,27.835,17.835,101.4,143.75,30.83,34.59,34.58,117.16,65.89,62.55,70.47,6.37,1,4,Kharif
Wheat,19.765,9.765,46.64,74.15,38.84,25.29,35.87,98.1,52.6,38.67,59.68,6.57,0,12,Rabi
Sugarcane,27.39,17.39,96.66,128.25,31.12,37.08,31.8,112.45,62.57,70.42,75.71,6.86,1,4,Kharif
Sugarcane,25.15,15.149999999999999,103.45,127.17,31.75,31.78,36.47,136.85,54.88,55.82,71.64,6.73,1,3,Kharif
Rice,26.560000000000002,16.560000000000002,142.15,194.39,31.68,44.04,24.28,93.92,54.22,46.73,79.29,5.96,1,10,Kharif
Rice,28.87,18.87,135.67,189.19,30.35,37.23,32.42,107.2,51.04,44.62,86.27,5.71,1,10,Kharif
Maize,23.52,13.52,63.58,99.71,51.24,25.04,23.72,79.19,52.53,27.28,70.66,6.32,1,5,Kharif
Sugarcane,27.5,17.5,102.01,126.1,27.8,33.23,38.97,110.16,60.04,62.33,69.12,7.12,1,3,Kharif
Rice,29.425,19.425,134.79,188.94,28.47,42.62,28.91,95.09,41.7,42.86,77.84,5.62,1,2,Kharif
Rice,26.775,16.775,124.75,169.06,22.43,46.2,31.37,97.99,53.12,40.36,82.91,5.7,1,11,Kharif
Wheat,19.545,9.545000000000002,57.6,89.59,37.51,23.99,38.5,90.78,47.13,50.88,43.24,6.65,0,5,Rabi
Sugarcane,24.695,14.695,99.71,148.18,39.22,27.06,33.72,129.15,73.02,48.02,71.77,7.23,1,3,Kharif
Wheat,21.255,11.254999999999999,50.45,90.73,42.14,29.45,28.41,101.65,31.81,46.27,49.05,6.75,0,0,Rabi
Sugarcane,26.755000000000003,16.755000000000003,95.26,143.13,20.0,29.92,50.08,109.29,63.37,71.85,65.87,6.48,1,4,Kharif
Maize,24.064999999999998,14.064999999999998,66.91,88.28,41.53,26.47,32.0,83.28,34.06,44.65,66.6,6.5,1,6,Kharif
Sugarcane,27.630000000000003,17.630000000000003,92.43,137.07,30.63,30.92,38.45,120.73,48.69,55.32,80.98,7.14,1,9,Kharif
Rice,29.575,19.575,153.86,187.22,28.05,41.88,30.07,121.38,36.83,53.1,86.73,5.5,1,10,Kharif
Sugarcane,25.47,15.469999999999999,99.21,142.9,26.63,35.28,38.09,121.07,60.73,53.57,76.98,6.74,1,4,Kharif
Sugarcane,24.28,14.280000000000001,101.54,145.87,26.5,27.25,46.25,109.66,68.46,55.29,67.84,7.14,1,4,Kharif
Wheat,19.509999999999998,9.509999999999998,53.96,84.37,39.65,28.79,31.56,74.36,30.0,38.42,52.37,6.51,0,2,Rabi
Wheat,20.07,10.07,53.04,97.97,38.22,21.38,40.4,72.85,42.79,42.92,55.17,6.57,0,7,Rabi
Maize,24.310000000000002,14.310000000000002,63.53,98.09,46.2,29.38,24.42,81.74,25.0,27.49,77.39,5.91,1,4,Kharif
Maize,23.5,13.5,75.35,98.56,40.84,27.06,32.1,96.5,37.55,34.07,66.88,6.42,1,3,Kharif
Wheat,21.735,11.735,50.51,86.01,40.46,30.54,29.0,87.71,41.09,45.16,44.09,6.88,0,2,Rabi
Sugarcane,23.685000000000002,13.685000000000002,89.46,103.06,32.31,44.78,22.91,100.24,46.96,56.76,76.82,6.82,1,4,Kharif
Maize,25.33,15.329999999999998,59.02,106.99,45.36,21.96,32.68,93.89,45.89,38.48,65.68,6.0,1,5,Kharif
Maize,25.22,15.219999999999999,56.51,89.55,45.44,25.98,28.58,77.05,41.41,32.74,68.49,5.7,1,3,Kharif
Wheat,17.375,7.375,48.51,66.23,40.27,25.59,34.14,99.06,41.43,43.31,52.78,6.71,0,4,Rabi
Maize,24.91,14.91,73.33,100.4,42.73,24.43,32.84,91.57,31.01,41.67,60.81,5.62,1,8,Kharif
Rice,28.770000000000003,18.770000000000003,147.5,183.63,28.34,42.49,29.17,102.97,48.12,46.31,75.75,5.63,1,2,Kharif
Rice,29.975,19.975,112.74,195.46,30.09,34.17,35.74,117.09,42.28,37.11,83.18,4.99,1,2,Kharif
Wheat,21.134999999999998,11.134999999999998,48.72,85.72,33.79,22.38,43.83,86.65,44.86,32.02,51.56,7.01,0,7,Rabi
Wheat,19.37,9.370000000000001,52.99,76.73,35.28,22.34,42.38,98.57,36.57,45.1,51.29,7.48,0,3,Rabi
Sugarcane,27.13,17.13,103.37,142.03,41.5,37.61,20.89,106.79,64.21,62.26,69.94,6.89,1,3,Kharif
Maize,25.88,15.879999999999999,62.76,117.24,48.05,20.24,31.71,87.6,40.76,25.94,59.55,5.81,1,5,Kharif
Sugarcane,26.229999999999997,16.229999999999997,107.29,117.52,37.16,34.57,28.27,138.02,61.01,58.2,76.35,6.0,1,3,Kharif
Rice,28.62,18.62,149.51,200.99,25.33,30.37,44.3,112.14,44.26,44.45,77.56,5.47,1,3,Kharif
Sugarcane,24.03,14.030000000000001,102.41,132.57,29.04,41.55,29.41,128.52,63.57,59.03,69.38,7.32,1,4,Kharif
Sugarcane,25.97,15.969999999999999,105.41,137.39,20.0,36.28,43.72,113.95,59.88,62.44,68.67,7.06,1,4,Kharif
Maize,24.375,14.375,76.45,94.74,49.71,24.53,25.76,63.52,38.29,26.99,65.85,6.46,1,4,Kharif
Rice,29.3,19.3,145.87,180.18,31.75,30.0,38.25,103.63,50.08,51.99,85.97,5.72,1,3,Kharif
Maize,22.085,12.085,64.89,100.01,48.09,24.09,27.82,79.3,48.47,38.8,64.82,5.58,1,9,Kharif
Rice,27.25,17.25,114.53,174.98,26.43,39.36,34.21,120.58,44.46,52.57,82.93,5.14,1,2,Kharif
Rice,29.175,19.175,175.0,181.43,28.95,39.83,31.22,117.64,40.19,43.13,83.68,5.53,1,1,Kharif
Wheat,20.675,10.675,55.82,64.21,42.71,25.9,31.39,89.93,41.28,48.42,66.1,6.95,0,3,Rabi
Sugarcane,25.235,15.235,104.77,141.12,38.9,36.63,24.47,97.34,71.32,62.91,64.49,6.45,1,3,Kharif
Rice,27.965,17.965,127.66,184.32,25.78,38.96,35.26,105.64,49.67,50.42,78.68,5.27,1,10,Kharif
Maize,24.045,14.045000000000002,67.63,100.67,49.3,17.76,32.94,98.57,34.38,37.55,74.18,6.27,1,5,Kharif
Rice,29.835,19.835,153.21,177.95,29.76,41.6,28.64,111.1,44.66,39.68,76.43,5.95,1,2,Kharif
Wheat,20.95,10.95,37.61,91.44,42.9,25.88,31.22,103.25,53.15,40.38,53.32,7.3,0,13,Rabi
Maize,24.535,14.535,76.5,104.76,43.94,22.15,33.91,81.5,38.6,46.17,69.41,5.81,1,9,Kharif
Maize,23.615000000000002,13.615000000000002,71.31,91.84,46.65,23.53,29.82,97.66,42.36,30.87,60.51,6.23,1,7,Kharif
Wheat,22.125,12.125,52.57,94.21,33.85,26.83,39.32,94.01,44.85,42.82,52.25,7.09,0,4,Rabi
Wheat,22.509999999999998,12.509999999999998,52.24,98.65,39.15,31.22,29.63,92.58,35.92,42.8,65.25,6.67,0,5,Rabi
Maize,25.845,15.844999999999999,65.16,98.67,44.95,25.22,29.83,80.7,36.81,49.57,67.24,6.25,1,8,Kharif
Rice,26.675,16.675,141.25,178.01,21.4,43.4,35.2,113.93,45.6,48.82,88.01,5.48,1,10,Kharif
Sugarcane,24.965,14.965,98.54,133.88,30.51,38.5,30.99,136.43,49.54,59.19,74.69,6.68,1,3,Kharif
Maize,24.659999999999997,14.659999999999997,73.83,104.71,49.69,18.81,31.5,116.04,50.02,39.29,72.91,6.05,1,4,Kharif
Rice,27.535,17.535,117.51,150.0,37.13,30.0,32.87,107.39,44.39,50.6,78.57,5.95,1,9,Kharif
Sugarcane,26.995,16.995,96.81,134.78,20.0,34.82,45.18,87.29,51.96,76.46,68.19,6.71,1,10,Kharif
Sugarcane,24.770000000000003,14.770000000000003,88.26,134.02,28.62,41.15,30.23,106.29,71.22,55.15,67.04,6.54,1,2,Kharif
Wheat,18.175,8.175,39.58,74.69,37.68,24.77,37.55,81.8,37.64,47.87,54.71,6.62,0,7,Rabi
Maize,23.045,13.045000000000002,64.64,90.94,48.81,26.25,24.94,85.14,33.35,44.36,68.01,6.43,1,9,Kharif
Maize,23.729999999999997,13.729999999999997,79.32,89.26,42.03,18.56,39.41,79.79,35.99,39.03,63.36,5.99,1,12,Kharif
Rice,27.520000000000003,17.520000000000003,140.29,171.07,32.37,39.57,28.06,101.89,37.79,48.89,77.17,5.37,1,6,Kharif
Wheat,19.895,9.895,50.57,93.31,37.27,35.0,27.73,60.27,45.14,43.91,59.26,6.85,0,2,Rabi
Maize,24.015,14.015,81.91,108.11,45.98,22.08,31.94,80.25,38.19,35.43,61.11,6.14,1,7,Kharif
Maize,23.805,13.805,70.27,98.6,48.53,20.12,31.35,81.45,47.0,46.99,62.8,6.28,1,12,Kharif
Maize,23.785,13.785,75.57,101.72,41.28,18.65,40.07,95.92,37.44,37.54,78.31,6.44,1,9,Kharif
Rice,27.375,17.375,136.57,186.13,26.26,40.28,33.46,104.96,47.61,44.62,82.24,5.83,1,6,Kharif
Rice,27.725,17.725,154.32,203.39,25.78,44.9,29.32,121.49,48.05,43.11,83.53,5.63,1,11,Kharif
Sugarcane,27.775,17.775,90.44,113.0,29.43,32.72,37.85,116.84,52.5,58.48,66.44,6.81,1,4,Kharif
Rice,27.445,17.445,114.73,184.98,33.1,45.61,21.29,87.85,40.75,46.3,72.4,4.85,1,2,Kharif
Wheat,18.83,8.829999999999998,44.92,97.34,38.2,26.01,35.79,86.37,40.03,49.18,58.71,6.36,0,8,Rabi
Rice,26.04,16.04,137.25,178.05,31.47,40.9,27.63,114.29,47.52,38.05,80.35,5.85,1,3,Kharif
Maize,25.83,15.829999999999998,60.42,95.54,46.62,26.05,27.33,97.38,50.22,35.02,60.64,6.75,1,1,Kharif
Wheat,20.66,10.66,64.12,90.84,34.84,28.47,36.69,103.9,43.0,56.32,55.69,6.75,0,4,Rabi
Sugarcane,24.98,14.98,93.08,114.1,29.73,38.71,31.56,141.48,55.49,64.04,71.86,7.16,1,5,Kharif
Sugarcane,26.925,16.925,104.4,140.16,45.0,39.72,15.28,126.75,60.79,58.57,65.81,6.75,1,3,Kharif
Wheat,18.345,8.344999999999999,57.0,79.17,42.96,27.47,29.57,90.19,51.18,46.58,53.0,6.95,0,13,Rabi
Maize,25.200000000000003,15.200000000000003,66.47,91.76,45.87,20.11,34.02,86.73,44.67,40.33,63.99,6.49,1,7,Kharif
Rice,29.020000000000003,19.020000000000003,130.07,171.51,32.02,39.59,28.39,104.71,40.85,45.46,73.76,5.24,1,6,Kharif
Wheat,20.075,10.075,46.04,80.3,41.4,29.45,29.15,76.81,49.61,53.53,58.03,7.0,0,2,Rabi
Sugarcane,28.495,18.495,109.42,116.53,35.57,33.73,30.7,113.85,63.63,61.12,78.3,7.13,1,8,Kharif
Wheat,21.68,11.68,69.6,87.75,31.83,35.0,33.17,104.38,48.21,36.29,56.23,6.71,0,5,Rabi
Rice,27.335,17.335,168.51,190.19,24.17,41.82,34.01,99.55,45.79,49.92,74.43,5.5,1,2,Kharif
Rice,28.255,18.255,133.85,189.79,40.0,39.16,20.84,101.21,45.5,50.96,84.93,5.29,1,3,Kharif
Wheat,16.665,6.664999999999999,61.94,97.79,42.77,27.07,30.16,106.0,49.99,36.96,45.4,6.53,0,4,Rabi
Rice,26.555,16.555,126.87,187.19,25.68,40.87,33.45,95.51,52.36,43.02,74.91,5.82,1,10,Kharif
Sugarcane,26.445,16.445,104.03,133.74,24.76,27.86,47.38,134.48,67.17,59.21,72.41,6.59,1,4,Kharif
Wheat,21.48,11.48,55.55,82.59,41.89,28.05,30.06,99.18,55.96,31.41,53.85,6.63,0,12,Rabi
Wheat,18.880000000000003,8.880000000000003,52.74,90.62,38.94,24.06,37.0,94.84,48.42,53.62,53.3,6.27,0,5,Rabi
Rice,28.91,18.91,164.74,183.46,34.2,41.7,24.1,115.76,44.26,50.23,85.5,5.54,1,5,Kharif
Wheat,19.265,9.265,59.24,77.77,36.67,30.36,32.97,94.99,52.16,44.89,56.57,6.8,0,2,Rabi
Wheat,21.395,11.395,48.77,80.49,41.68,29.11,29.21,105.85,52.41,45.65,46.39,6.88,0,2,Rabi
Wheat,16.515,6.515000000000001,44.26,93.76,42.27,22.96,34.77,88.97,43.24,45.69,59.91,6.94,0,5,Rabi
Wheat,19.585,9.585,57.49,84.75,44.49,31.42,24.09,87.09,36.69,48.59,60.03,6.52,0,8,Rabi
Sugarcane,25.255000000000003,15.255000000000003,99.43,135.63,39.65,33.29,27.06,122.84,50.88,41.78,83.45,6.44,1,5,Kharif
Rice,30.545,20.545,148.56,175.51,34.21,43.0,22.79,130.53,41.81,50.05,84.07,5.89,1,10,Kharif
Rice,29.36,19.36,143.32,218.62,33.39,47.44,19.17,117.87,46.96,46.58,79.6,5.16,1,10,Kharif
Rice,29.155,19.155,175.0,186.35,27.63,36.29,36.08,107.03,35.0,44.37,81.05,6.05,1,9,Kharif
Sugarcane,28.505,18.505,91.51,112.01,30.05,33.35,36.6,138.73,56.33,68.5,68.72,6.99,1,10,Kharif
Wheat,20.52,10.52,61.12,74.91,33.51,25.36,41.13,89.77,49.61,55.82,55.64,7.12,0,5,Rabi
Sugarcane,27.025,17.025,93.71,107.62,30.38,31.29,38.33,116.69,63.39,61.18,69.48,6.73,1,5,Kharif
Rice,27.229999999999997,17.229999999999997,164.53,159.56,36.17,42.33,21.5,80.0,45.84,53.4,77.5,5.04,1,3,Kharif
Wheat,19.950000000000003,9.950000000000003,54.13,75.55,40.0,29.26,30.74,120.0,44.66,39.95,49.18,7.23,0,5,Rabi
Wheat,20.85,10.850000000000001,60.96,70.32,42.92,32.53,24.55,112.92,40.56,49.77,54.44,7.08,0,2,Rabi
Maize,23.815,13.815000000000001,67.76,105.53,41.74,24.29,33.97,65.87,48.76,38.68,68.94,6.51,1,9,Kharif
Wheat,19.175,9.175,56.44,75.18,35.49,35.0,29.51,80.51,42.07,42.93,46.76,6.83,0,2,Rabi
Maize,23.854999999999997,13.854999999999997,67.87,81.64,47.48,26.35,26.17,93.17,36.26,34.83,61.15,6.8,1,3,Kharif
Wheat,17.305,7.305,36.44,82.83,44.62,26.92,28.46,79.86,43.51,52.73,59.25,6.61,0,5,Rabi
Sugarcane,27.185000000000002,17.185000000000002,79.73,146.99,31.27,31.42,37.31,127.39,71.5,67.47,70.96,6.92,1,5,Kharif
Rice,30.515,20.515,137.98,197.16,27.01,39.62,33.37,89.28,45.65,47.75,71.32,5.02,1,3,Kharif
Wheat,20.555,10.555,56.22,97.43,42.02,27.69,30.29,83.56,38.85,43.93,42.45,6.57,0,4,Rabi
Maize,23.950000000000003,13.950000000000003,65.98,99.51,46.21,20.9,32.89,65.35,34.52,37.76,59.11,6.03,1,5,Kharif
Maize,25.67,15.670000000000002,66.22,112.05,43.9,21.56,34.54,92.56,37.69,44.47,61.82,6.25,1,5,Kharif
Maize,23.6,13.600000000000001,69.72,90.64,48.54,21.7,29.76,80.34,28.43,38.84,70.88,5.81,1,0,Kharif
Maize,23.085,13.085,80.1,112.63,48.24,25.95,25.81,98.64,42.9,43.26,63.57,6.2,1,4,Kharif
Rice,27.54,17.54,125.49,169.96,27.68,42.91,29.41,120.58,48.05,37.82,84.93,4.72,1,10,Kharif
Maize,24.09,14.09,73.31,99.65,44.95,26.07,28.98,75.07,35.19,48.3,71.35,6.15,1,2,Kharif
Rice,28.909999999999997,18.909999999999997,146.04,178.81,33.16,47.85,18.99,104.27,38.25,50.05,84.31,5.62,1,3,Kharif
Maize,24.39,14.39,76.96,94.19,44.74,23.81,31.45,88.0,37.53,51.25,54.55,6.62,1,7,Kharif
Sugarcane,25.354999999999997,15.354999999999997,86.43,121.25,40.31,33.2,26.49,105.78,49.77,60.36,79.06,6.91,1,3,Kharif
Wheat,17.605,7.605,57.3,91.26,46.94,25.08,27.98,88.83,45.2,49.05,57.2,6.94,0,4,Rabi
Maize,24.095,14.094999999999999,59.37,93.65,38.05,26.91,35.04,87.3,45.21,42.69,67.21,6.35,1,2,Kharif
Maize,23.505,13.504999999999999,84.27,94.91,36.86,21.31,41.83,94.42,31.15,34.0,62.72,6.21,1,2,Kharif
Rice,28.604999999999997,18.604999999999997,135.47,202.11,32.59,41.26,26.15,104.41,47.37,42.6,76.76,4.84,1,3,Kharif
Maize,24.96,14.96,78.08,106.81,50.32,19.44,30.24,78.26,38.56,38.66,61.24,6.59,1,8,Kharif
Rice,29.595,19.595,116.96,220.0,36.02,38.99,24.99,106.95,54.49,56.45,83.41,5.25,1,2,Kharif
Sugarcane,24.77,14.77,98.58,139.42,32.05,42.38,25.57,140.01,59.78,61.78,73.69,7.11,1,9,Kharif
Maize,26.15,16.15,73.47,113.29,35.0,24.89,40.11,99.26,29.39,43.36,60.76,5.88,1,12,Kharif
Maize,26.245,16.245,72.12,97.07,45.86,29.23,24.91,101.25,48.75,39.41,58.95,5.83,1,8,Kharif
Rice,26.22,16.22,131.6,166.9,28.19,38.66,33.15,106.31,42.01,50.27,77.36,5.39,1,3,Kharif
Wheat,20.045,10.045000000000002,37.59,89.8,41.05,24.68,34.27,92.5,53.35,42.21,64.59,6.65,0,5,Rabi
Sugarcane,27.555,17.555,110.52,145.19,32.07,32.62,35.31,139.39,59.4,71.69,70.06,6.48,1,9,Kharif
Sugarcane,27.75,17.75,87.32,120.93,27.18,37.6,35.22,101.53,68.32,43.92,85.0,6.35,1,4,Kharif
Wheat,20.235,10.235,65.08,77.5,42.94,24.71,32.35,110.36,54.2,39.16,53.04,6.52,0,5,Rabi
Wheat,17.28,7.280000000000001,55.47,71.39,38.72,24.34,36.94,74.26,34.5,46.07,52.95,6.88,0,5,Rabi
Maize,25.26,15.260000000000002,79.23,94.35,46.17,24.42,29.41,93.0,43.06,40.63,63.65,6.61,1,5,Kharif
Maize,25.54,15.54,59.41,95.56,48.98,22.03,28.99,101.66,50.49,35.46,65.29,6.51,1,5,Kharif
Maize,24.01,14.010000000000002,75.3,101.74,40.1,25.06,34.84,86.73,38.0,42.57,70.2,6.06,1,7,Kharif
Sugarcane,27.035,17.035,94.64,135.55,34.15,36.59,29.26,84.34,57.9,55.01,77.52,6.51,1,5,Kharif
Wheat,20.04,10.04,45.62,91.35,33.11,27.22,39.67,81.64,46.51,44.91,49.57,6.94,0,13,Rabi
Wheat,19.18,9.18,65.38,96.25,37.23,25.92,36.85,114.28,46.5,44.67,44.18,6.34,0,5,Rabi
Sugarcane,25.15,15.149999999999999,117.52,111.96,30.66,34.77,34.57,131.23,55.09,53.48,66.94,6.6,1,3,Kharif
Sugarcane,25.17,15.170000000000002,100.53,125.48,36.8,38.66,24.54,106.29,59.86,63.11,77.98,6.5,1,4,Kharif
Wheat,20.3,10.3,51.91,90.29,40.32,27.69,31.99,101.06,45.92,51.75,59.47,6.62,0,2,Rabi
Sugarcane,25.665,15.665,78.26,155.38,34.95,32.74,32.31,115.9,64.54,60.73,74.44,6.6,1,5,Kharif
Maize,22.495,12.495000000000001,73.46,102.38,41.3,17.57,41.13,98.25,31.2,34.66,67.74,6.56,1,6,Kharif
Wheat,20.945,10.945,65.22,69.59,44.05,29.57,26.38,102.46,40.43,58.5,57.83,6.45,0,5,Rabi
Maize,26.924999999999997,16.924999999999997,67.35,106.23,41.58,20.49,37.93,78.55,32.99,43.34,59.03,6.55,1,12,Kharif
Sugarcane,26.92,16.92,97.71,128.83,35.83,39.38,24.79,130.02,71.15,58.78,68.87,6.96,1,8,Kharif
Maize,23.700000000000003,13.700000000000003,67.15,111.67,48.87,30.0,21.13,93.58,43.56,44.64,70.89,6.71,1,5,Kharif
Maize,25.205,15.204999999999998,73.4,107.79,47.57,20.26,32.17,106.22,41.34,50.63,56.56,6.71,1,6,Kharif
Maize,23.795,13.795000000000002,82.65,92.13,47.91,24.69,27.4,84.0,43.81,36.75,62.75,6.2,1,6,Kharif
Wheat,21.78,11.780000000000001,47.74,79.59,36.68,32.6,30.72,83.84,43.08,47.26,50.48,6.63,0,7,Rabi
Wheat,17.75,7.75,66.6,89.95,40.84,27.96,31.2,103.32,47.47,42.3,65.7,6.72,0,5,Rabi
Sugarcane,26.9,16.9,110.56,122.37,34.33,36.67,29.0,106.24,44.01,53.51,62.1,6.16,1,4,Kharif
Maize,23.715,13.715,65.57,108.06,46.84,26.58,26.58,98.08,43.22,36.35,64.22,6.01,1,4,Kharif
Maize,26.185000000000002,16.185000000000002,69.41,86.94,42.37,20.73,36.9,93.88,37.78,46.02,63.85,6.22,1,5,Kharif
Wheat,21.85,11.850000000000001,50.37,73.94,49.79,25.63,24.58,86.14,47.76,42.48,70.0,6.25,0,4,Rabi
Sugarcane,26.424999999999997,16.424999999999997,82.86,140.86,28.72,36.2,35.08,102.29,63.39,70.14,68.87,6.25,1,2,Kharif
Sugarcane,27.91,17.91,93.91,123.12,26.09,44.58,29.33,147.69,66.56,64.35,71.35,6.8,1,3,Kharif
Sugarcane,25.28,15.280000000000001,103.16,123.34,35.56,36.44,28.0,140.8,71.9,63.0,77.7,6.88,1,10,Kharif
Maize,23.93,13.93,80.26,96.1,39.33,18.59,42.08,82.57,52.36,52.51,62.78,6.09,1,7,Kharif
Maize,24.895,14.895,78.9,105.39,38.32,23.31,38.37,95.78,41.08,29.52,69.94,5.92,1,9,Kharif
Maize,24.715,14.715,67.03,102.82,49.91,22.34,27.75,82.68,42.86,37.46,58.46,6.32,1,3,Kharif
Maize,25.419999999999998,15.419999999999998,71.55,94.73,47.01,25.2,27.79,81.02,40.24,39.68,70.01,5.75,1,3,Kharif
Rice,28.22,18.22,124.89,181.9,34.45,39.8,25.75,119.53,42.29,37.66,84.61,4.95,1,6,Kharif
Sugarcane,27.155,17.155,75.0,125.82,30.36,34.43,35.21,92.84,46.14,49.38,70.53,6.22,1,12,Kharif
Rice,28.93,18.93,116.92,183.08,36.87,42.0,21.13,99.54,45.34,42.23,75.69,5.49,1,3,Kharif
Maize,22.979999999999997,12.979999999999997,83.49,106.37,43.26,20.67,36.07,87.28,39.35,36.88,67.07,6.29,1,8,Kharif
Rice,30.755,20.755,148.4,191.34,32.31,44.3,23.39,119.18,43.99,48.77,83.01,5.36,1,2,Kharif
Rice,32.265,22.265,130.26,198.16,30.64,44.45,24.91,121.57,43.54,44.36,80.93,5.39,1,3,Kharif
Maize,24.825,14.825,70.17,92.96,45.89,25.54,28.57,89.91,30.89,40.86,65.04,6.25,1,9,Kharif
Rice,29.79,19.79,135.86,166.22,25.68,35.38,38.94,96.13,43.78,43.51,74.2,4.87,1,2,Kharif
Sugarcane,23.79,13.79,102.72,124.6,35.4,34.11,30.49,143.7,68.78,61.78,74.82,6.26,1,5,Kharif
Sugarcane,25.985,15.985,110.16,145.51,21.48,35.11,43.41,109.5,64.83,61.41,74.05,6.57,1,5,Kharif
Rice,26.490000000000002,16.490000000000002,138.94,183.27,32.33,41.68,25.99,120.13,49.25,48.32,82.83,6.38,1,3,Kharif
Sugarcane,26.04,16.04,102.82,119.78,40.23,28.14,31.63,126.54,61.03,67.58,78.2,6.74,1,10,Kharif
Sugarcane,27.415,17.415,106.64,131.26,34.73,27.27,38.0,120.28,73.23,67.75,75.48,7.13,1,4,Kharif
Sugarcane,26.4,16.4,82.02,136.49,35.75,26.23,38.02,105.29,72.45,56.5,76.21,6.5,1,10,Kharif
Wheat,20.425,10.425,51.35,70.03,39.42,26.98,33.6,92.79,51.98,48.94,55.66,6.53,0,3,Rabi
Sugarcane,26.82,16.82,81.81,148.48,27.13,39.69,33.18,109.55,56.98,75.2,65.34,6.85,1,4,Kharif
Wheat,22.025,12.024999999999999,50.65,72.37,33.51,23.82,42.67,118.1,46.36,47.91,54.29,7.09,0,5,Rabi
Maize,25.475,15.475000000000001,65.31,109.11,43.93,25.29,30.78,97.01,42.79,36.87,71.1,6.19,1,5,Kharif
Sugarcane,25.585,15.585,111.69,133.79,32.0,36.37,31.63,128.64,52.67,54.24,63.74,6.91,1,5,Kharif
Rice,29.575000000000003,19.575000000000003,149.87,172.19,21.98,47.47,30.55,118.96,48.01,43.07,81.67,5.32,1,9,Kharif
Rice,25.799999999999997,15.799999999999997,122.36,193.1,32.28,36.09,31.63,114.46,47.43,47.32,75.91,4.76,1,2,Kharif
Sugarcane,25.369999999999997,15.369999999999997,95.95,129.7,38.41,32.49,29.1,117.58,64.24,49.88,71.12,6.62,1,4,Kharif
Rice,29.75,19.75,132.4,190.24,33.83,35.65,30.52,125.49,48.44,43.91,80.74,5.48,1,2,Kharif
Sugarcane,25.61,15.61,100.82,159.97,31.09,36.5,32.41,119.49,45.97,59.63,68.38,6.65,1,3,Kharif
Wheat,19.22,9.219999999999999,57.15,78.68,41.75,28.43,29.82,93.86,37.36,45.53,55.49,6.49,0,4,Rabi
Sugarcane,25.405,15.405000000000001,90.72,147.94,31.75,42.9,25.35,116.65,55.71,77.16,69.18,6.32,1,5,Kharif
Rice,29.755000000000003,19.755000000000003,120.1,177.03,29.56,36.01,34.43,111.64,56.42,44.15,76.98,5.5,1,9,Kharif
Wheat,21.33,11.329999999999998,50.58,80.44,33.2,27.36,39.44,108.66,41.23,47.25,61.79,6.66,0,5,Rabi
Sugarcane,28.064999999999998,18.064999999999998,92.98,136.22,38.64,28.33,33.03,143.79,48.46,66.68,64.57,6.83,1,9,Kharif
Sugarcane,24.325,14.325,99.55,133.94,39.1,35.82,25.08,136.77,53.84,77.33,76.59,7.08,1,3,Kharif
Sugarcane,26.775,16.775,112.56,121.44,21.36,39.63,39.01,137.57,69.71,63.03,79.51,6.68,1,3,Kharif
Wheat,19.295,9.295000000000002,60.47,85.03,40.39,23.78,35.83,88.53,46.94,55.47,44.91,7.05,0,4,Rabi
Rice,30.065,20.065,150.4,186.32,31.31,35.09,33.6,106.78,48.62,36.14,82.17,6.5,1,2,Kharif
Maize,23.79,13.79,70.45,88.09,49.64,27.47,22.89,85.05,32.83,47.76,67.0,6.35,1,4,Kharif
Sugarcane,27.37,17.37,100.99,129.88,33.68,42.97,23.35,119.16,54.4,65.05,74.7,7.02,1,2,Kharif
Rice,24.96,14.96,159.56,212.45,29.21,34.82,35.97,117.45,46.99,60.0,87.04,5.18,1,10,Kharif
Rice,28.935000000000002,18.935000000000002,129.15,187.5,28.87,43.2,27.93,107.06,48.47,45.14,89.12,4.91,1,9,Kharif
Rice,26.995,16.995,159.51,194.75,29.89,44.21,25.9,97.77,39.76,43.38,79.3,6.21,1,3,Kharif
Rice,29.64,19.64,118.31,171.49,30.76,34.05,35.19,111.94,46.37,44.83,75.46,5.52,1,2,Kharif
Maize,23.68,13.68,79.5,101.16,45.6,28.03,26.37,73.72,40.46,51.71,55.43,6.22,1,5,Kharif
Maize,25.725,15.725000000000001,69.51,112.08,42.46,22.64,34.9,84.8,38.77,48.17,72.61,6.8,1,7,Kharif
Sugarcane,26.66,16.66,114.87,137.17,32.62,39.45,27.93,123.13,55.29,59.49,71.43,6.58,1,3,Kharif
Maize,24.759999999999998,14.759999999999998,73.21,91.77,43.45,25.66,30.89,89.81,45.8,35.26,72.7,6.0,1,6,Kharif
Sugarcane,27.619999999999997,17.619999999999997,91.42,145.72,20.0,30.11,49.89,108.7,51.43,74.7,73.51,6.74,1,10,Kharif
Maize,25.15,15.149999999999999,73.13,95.35,40.83,23.74,35.43,88.29,42.01,44.37,74.25,6.15,1,0,Kharif
Rice,30.725,20.725,125.22,185.22,27.06,40.24,32.7,117.16,46.99,47.7,83.8,5.39,1,11,Kharif
Sugarcane,24.96,14.96,106.74,121.01,23.88,34.53,41.59,112.46,61.51,57.16,72.85,6.67,1,9,Kharif
Maize,23.39,13.39,76.75,82.65,40.63,19.82,39.55,86.79,49.3,41.14,67.45,6.71,1,9,Kharif
Sugarcane,27.655,17.655,101.55,129.87,27.21,29.25,43.54,127.34,69.27,68.81,64.94,6.91,1,4,Kharif
Wheat,20.68,10.68,67.4,85.8,40.52,29.08,30.4,100.87,35.59,55.73,60.22,6.81,0,3,Rabi
Sugarcane,25.92,15.920000000000002,88.2,134.49,35.45,27.19,37.36,112.38,60.78,69.77,68.68,7.24,1,3,Kharif
Wheat,18.72,8.719999999999999,39.74,83.45,46.96,24.59,28.45,86.59,50.49,48.3,47.13,6.87,0,4,Rabi
Sugarcane,24.915,14.915,92.2,127.8,33.85,31.12,35.03,150.91,53.85,50.57,71.81,6.5,1,3,Kharif
Sugarcane,26.225,16.225,89.02,132.25,35.09,35.43,29.48,124.99,63.32,60.01,76.04,6.99,1,4,Kharif
Wheat,19.41,9.41,59.72,84.46,36.62,25.19,38.19,85.64,50.67,30.0,57.17,6.72,0,3,Rabi
Sugarcane,24.335,14.335,101.64,141.83,35.72,28.59,35.69,122.79,62.71,65.66,73.78,7.02,1,5,Kharif
Sugarcane,27.259999999999998,17.259999999999998,105.11,104.23,30.34,35.07,34.59,115.65,56.65,65.25,69.64,7.16,1,3,Kharif
Wheat,21.924999999999997,11.924999999999997,62.38,102.12,43.88,32.13,23.99,72.63,50.9,42.92,54.83,6.58,0,8,Rabi
Sugarcane,27.240000000000002,17.240000000000002,101.02,152.89,25.61,41.47,32.92,122.78,70.19,71.71,69.43,6.79,1,10,Kharif
Sugarcane,29.165,19.165,98.14,126.9,30.16,29.57,40.27,135.43,67.43,57.22,72.8,6.73,1,4,Kharif
Wheat,19.52,9.52,61.62,89.14,43.35,23.06,33.59,105.4,47.68,36.74,55.85,6.61,0,4,Rabi
Rice,28.725,18.725,118.4,176.93,34.9,33.67,31.43,116.49,49.15,55.64,82.44,5.45,1,9,Kharif
Rice,29.345,19.345,118.94,191.49,27.63,42.86,29.51,106.91,45.62,45.83,92.46,5.08,1,3,Kharif
Sugarcane,25.695,15.695,103.34,125.32,31.61,31.01,37.38,126.16,72.06,58.45,69.94,6.63,1,5,Kharif
Sugarcane,26.369999999999997,16.369999999999997,103.17,121.98,30.97,43.74,25.29,142.85,55.86,56.95,71.04,6.17,1,5,Kharif
Wheat,18.74,8.739999999999998,45.66,84.96,39.19,27.43,33.38,85.46,46.66,48.85,45.41,6.8,0,7,Rabi
Maize,23.83,13.829999999999998,69.5,92.19,46.96,19.99,33.05,92.09,37.57,46.02,76.83,6.23,1,4,Kharif
Rice,28.68,18.68,124.89,179.23,22.89,41.93,35.18,102.63,47.88,46.58,76.68,5.33,1,3,Kharif
Maize,22.43,12.43,73.69,101.93,45.69,22.47,31.84,90.36,44.99,34.62,60.76,6.34,1,8,Kharif
Wheat,20.354999999999997,10.354999999999997,48.42,102.4,38.21,27.81,33.98,112.49,48.34,43.1,51.86,6.55,0,5,Rabi
Wheat,20.744999999999997,10.744999999999997,61.65,84.17,39.67,24.85,35.48,101.04,45.13,57.01,57.87,6.98,0,3,Rabi
Maize,24.255,14.254999999999999,73.49,99.53,38.21,24.16,37.63,111.48,35.22,44.82,65.43,5.93,1,6,Kharif
Wheat,20.72,10.719999999999999,32.24,86.61,42.03,26.42,31.55,103.71,44.09,42.43,57.19,6.63,0,7,Rabi
Sugarcane,24.189999999999998,14.189999999999998,105.94,122.48,32.13,35.89,31.98,116.92,61.4,57.52,71.98,6.67,1,3,Kharif
Wheat,20.68,10.68,54.63,91.38,45.1,23.4,31.5,86.35,52.62,48.88,47.96,7.16,0,5,Rabi
Rice,28.34,18.34,129.71,171.94,35.87,48.16,15.97,136.81,49.67,48.52,85.86,4.87,1,1,Kharif
Rice,27.83,17.83,163.05,197.17,26.22,32.64,41.14,105.89,49.25,50.75,80.55,4.84,1,10,Kharif
Maize,24.685000000000002,14.685000000000002,71.42,92.14,48.44,24.83,26.73,86.36,34.63,34.57,56.59,5.97,1,4,Kharif
Maize,27.875,17.875,67.58,90.12,53.06,19.94,27.0,97.58,29.26,28.17,66.06,6.65,1,8,Kharif
Wheat,20.25,10.25,46.47,91.95,37.66,30.61,31.73,92.53,45.22,51.81,56.37,6.66,0,7,Rabi
Rice,28.674999999999997,18.674999999999997,139.38,153.46,30.22,39.23,30.55,97.15,48.74,42.67,87.32,5.7,1,10,Kharif
Sugarcane,27.215000000000003,17.215000000000003,101.02,120.59,30.36,30.2,39.44,119.26,57.77,52.21,73.78,6.54,1,10,Kharif
Wheat,18.95,8.95,47.35,80.79,46.62,23.2,30.18,94.62,45.75,50.87,58.13,6.88,0,7,Rabi
Maize,26.145000000000003,16.145000000000003,78.85,103.75,52.96,25.45,21.59,77.86,49.21,42.49,73.82,6.43,1,4,Kharif
Rice,26.79,16.79,128.83,194.09,26.96,43.2,29.84,106.68,44.9,48.07,86.82,4.67,1,6,Kharif
Wheat,20.35,10.350000000000001,48.08,77.62,36.08,25.26,38.66,86.83,38.58,49.96,60.08,6.76,0,7,Rabi
Sugarcane,24.689999999999998,14.689999999999998,94.6,138.9,28.33,40.52,31.15,134.08,72.87,59.69,68.72,7.1,1,4,Kharif
Sugarcane,26.8,16.8,96.82,103.82,35.89,39.5,24.61,122.16,67.87,68.02,73.85,6.76,1,10,Kharif
Maize,26.315,16.315,68.82,94.6,42.36,22.01,35.63,80.85,31.29,36.62,67.48,5.79,1,3,Kharif
Wheat,19.595,9.594999999999999,66.69,84.7,37.1,27.09,35.81,86.48,39.48,47.5,54.6,6.88,0,3,Rabi
Maize,27.455,17.455,82.86,97.15,42.99,23.4,33.61,97.37,46.0,37.1,72.89,6.45,1,4,Kharif
Maize,22.619999999999997,12.619999999999997,64.33,105.96,38.79,23.91,37.3,93.08,34.55,34.47,68.42,6.1,1,8,Kharif
Sugarcane,23.14,13.14,107.14,123.73,31.76,30.07,38.17,130.72,55.8,68.7,78.93,6.16,1,4,Kharif
Maize,25.425,15.425,75.79,94.7,43.43,23.71,32.86,87.74,40.6,44.4,63.58,5.89,1,7,Kharif
Maize,24.105,14.105,62.53,98.21,53.46,22.78,23.76,101.5,38.02,39.9,64.61,6.38,1,9,Kharif
Maize,24.47,14.469999999999999,84.46,101.22,47.21,17.56,35.23,99.21,35.18,47.38,57.47,6.37,1,12,Kharif
Sugarcane,26.83,16.83,107.68,142.28,31.53,31.14,37.33,107.86,51.73,55.67,72.49,6.22,1,5,Kharif
Sugarcane,27.585,17.585,89.13,120.15,32.57,32.62,34.81,126.82,65.05,58.41,78.19,6.71,1,4,Kharif
Sugarcane,24.9,14.899999999999999,94.99,126.57,34.04,36.85,29.11,124.33,48.49,53.04,69.95,6.85,1,4,Kharif
Sugarcane,25.855,15.855,88.62,146.75,29.42,36.88,33.7,121.47,52.27,70.01,72.02,7.28,1,10,Kharif
Maize,24.0,14.0,62.57,110.35,38.7,24.06,37.24,82.28,35.11,35.63,64.89,5.8,1,9,Kharif
Maize,25.535,15.535,67.15,104.96,42.97,18.86,38.17,95.99,34.27,40.37,72.01,5.96,1,4,Kharif
Maize,25.060000000000002,15.060000000000002,70.59,113.66,44.09,28.16,27.75,91.1,49.73,44.15,61.11,6.04,1,3,Kharif
Rice,28.475,18.475,139.61,182.68,31.91,34.88,33.21,109.73,49.96,49.96,84.27,5.69,1,10,Kharif
Wheat,19.525,9.524999999999999,44.68,87.28,34.26,21.84,43.9,82.31,43.04,44.68,60.94,6.53,0,2,Rabi
Rice,27.725,17.725,129.08,186.11,26.72,39.49,33.79,108.94,49.0,48.85,83.2,5.83,1,10,Kharif
Sugarcane,25.86,15.86,90.52,123.26,26.62,34.91,38.47,110.25,64.96,60.46,73.35,6.36,1,2,Kharif
Sugarcane,25.915,15.915,78.31,110.87,26.99,35.93,37.08,133.13,64.99,53.75,78.6,6.58,1,10,Kharif
Rice,28.37,18.37,119.76,211.41,32.27,40.75,26.98,102.47,52.66,44.63,81.17,5.09,1,3,Kharif
Maize,24.39,14.39,58.68,102.31,45.74,20.27,33.99,95.07,39.99,39.12,58.15,6.38,1,9,Kharif
Maize,22.035,12.035,62.3,110.14,44.82,24.81,30.37,81.2,39.69,37.35,70.14,6.39,1,7,Kharif
Maize,22.925,12.925,70.69,99.19,49.14,20.54,30.32,102.51,39.76,44.25,62.56,6.01,1,6,Kharif
Rice,27.47,17.47,138.34,174.83,33.7,48.0,18.3,98.31,44.85,53.85,82.18,4.96,1,10,Kharif
Rice,29.43,19.43,122.76,167.95,31.01,37.27,31.72,127.6,39.86,49.89,89.08,5.95,1,2,Kharif
Sugarcane,25.405,15.405000000000001,89.46,117.97,37.06,37.71,25.23,127.07,63.12,62.81,72.68,6.69,1,5,Kharif
Wheat,22.015,12.015,50.46,92.72,39.38,23.45,37.17,82.39,39.37,47.0,56.12,6.35,0,2,Rabi
Wheat,18.03,8.030000000000001,54.35,86.3,36.58,30.23,33.19,79.08,52.56,48.79,58.22,6.81,0,4,Rabi
Wheat,21.38,11.379999999999999,33.36,73.16,46.24,25.26,28.5,81.4,41.45,47.46,54.55,6.59,0,7,Rabi
Rice,27.915,17.915,160.72,187.55,26.89,36.89,36.22,109.34,41.9,53.19,80.13,4.98,1,2,Kharif
Maize,24.634999999999998,14.634999999999998,71.66,101.63,40.53,28.87,30.6,83.15,36.56,47.02,59.52,6.28,1,12,Kharif
Rice,28.15,18.15,151.0,168.5,32.16,40.69,27.15,103.48,49.06,44.27,76.44,5.31,1,9,Kharif
Sugarcane,26.785,16.785,104.54,125.71,35.31,33.49,31.2,141.91,48.8,65.92,72.58,6.85,1,10,Kharif
Sugarcane,25.810000000000002,15.810000000000002,99.54,132.2,32.24,30.28,37.48,118.36,53.99,40.0,79.57,7.19,1,4,Kharif
Wheat,18.805,8.805,55.57,92.53,39.68,22.05,38.27,90.9,46.1,52.07,57.28,6.8,0,4,Rabi
Sugarcane,28.28,18.28,87.91,120.44,27.6,34.95,37.45,116.9,80.0,56.48,69.33,6.45,1,5,Kharif
Wheat,17.57,7.57,40.35,101.42,45.38,25.29,29.33,83.84,40.3,43.91,53.56,7.2,0,12,Rabi
Wheat,19.4,9.399999999999999,52.49,79.51,45.23,26.0,28.77,93.74,48.25,45.2,61.16,6.04,0,12,Rabi
Maize,25.770000000000003,15.770000000000003,56.11,89.28,44.86,17.29,37.85,84.57,41.62,39.13,73.07,6.51,1,4,Kharif
Rice,27.845,17.845,140.67,179.19,35.76,42.11,22.13,112.25,46.92,44.97,83.75,5.34,1,3,Kharif
Rice,29.39,19.39,117.72,180.72,25.51,46.33,28.16,99.51,54.18,52.23,85.82,5.22,1,10,Kharif
Maize,26.1,16.1,69.16,102.97,45.97,16.58,37.45,85.45,39.8,27.44,67.08,5.88,1,4,Kharif
Wheat,21.795,11.795000000000002,45.77,85.26,35.16,29.67,35.17,99.9,48.92,51.78,68.5,6.65,0,4,Rabi
Wheat,22.130000000000003,12.130000000000003,71.68,68.63,39.99,27.69,32.32,97.23,37.99,44.43,68.78,7.24,0,3,Rabi
Maize,23.799999999999997,13.799999999999997,52.63,106.91,47.16,21.91,30.93,94.86,37.21,43.46,69.04,6.1,1,8,Kharif
Maize,26.895000000000003,16.895000000000003,70.55,94.85,48.36,25.66,25.98,74.03,52.35,44.91,62.37,6.38,1,12,Kharif
Sugarcane,26.095,16.095,96.53,124.1,40.04,31.58,28.38,127.63,70.53,53.58,68.12,6.85,1,3,Kharif
Sugarcane,25.11,15.11,102.65,117.94,30.43,31.78,37.79,107.64,69.72,56.28,72.23,6.98,1,5,Kharif
Rice,31.25,21.25,132.12,187.8,32.57,37.68,29.75,114.15,39.53,54.82,80.81,5.6,1,9,Kharif
Sugarcane,26.284999999999997,16.284999999999997,103.94,144.78,23.75,44.74,31.51,136.49,59.41,63.28,73.63,6.48,1,9,Kharif
Rice,29.415,19.415,146.65,192.6,28.57,35.1,36.33,100.62,46.12,49.49,79.95,6.19,1,3,Kharif
Sugarcane,26.689999999999998,16.689999999999998,96.56,127.25,42.19,44.68,13.13,130.73,65.8,46.65,72.62,6.87,1,3,Kharif
Rice,28.49,18.49,137.27,191.09,23.29,45.66,31.05,124.64,43.94,53.7,76.64,5.41,1,2,Kharif
Wheat,20.189999999999998,10.189999999999998,73.35,100.07,39.87,29.36,30.77,73.82,31.47,33.56,54.57,6.72,0,5,Rabi
Wheat,21.064999999999998,11.064999999999998,48.36,93.43,42.34,26.44,31.22,89.09,46.62,48.15,40.92,6.47,0,5,Rabi
Rice,28.45,18.45,125.75,200.62,30.05,47.45,22.5,107.85,42.46,44.11,79.64,6.19,1,6,Kharif
Rice,28.29,18.29,149.9,190.9,26.16,36.17,37.67,116.45,48.25,40.32,83.13,5.6,1,2,Kharif
Sugarcane,27.705000000000002,17.705000000000002,82.88,141.11,28.46,44.37,27.17,125.92,60.01,63.97,69.46,6.64,1,4,Kharif
Wheat,18.875,8.875,41.82,83.67,37.16,22.08,40.76,103.46,43.03,50.36,59.59,6.44,0,5,Rabi
Maize,24.265,14.265,62.46,102.53,40.98,23.31,35.71,86.26,32.25,45.08,68.55,6.46,1,5,Kharif
Sugarcane,26.73,16.73,92.99,144.61,34.51,31.32,34.17,148.52,60.58,68.77,75.19,6.73,1,4,Kharif
Rice,26.630000000000003,16.630000000000003,100.0,178.94,34.82,40.53,24.65,118.08,39.93,38.23,93.7,5.8,1,10,Kharif
Rice,29.7,19.7,149.42,179.76,36.99,38.02,24.99,115.93,40.34,50.75,75.78,5.59,1,10,Kharif
Rice,26.689999999999998,16.689999999999998,107.83,187.81,34.82,41.39,23.79,112.49,46.22,39.39,93.41,6.38,1,11,Kharif
Wheat,20.770000000000003,10.770000000000003,46.9,99.98,47.31,28.59,24.1,93.54,48.86,51.82,57.62,6.48,0,5,Rabi
Wheat,20.985,10.985,59.67,80.29,41.58,28.05,30.37,104.19,41.65,44.57,61.12,6.84,0,4,Rabi
Wheat,18.68,8.68,57.45,82.03,47.02,25.23,27.75,69.95,37.66,39.09,54.85,7.41,0,3,Rabi
Rice,27.945,17.945,160.06,177.14,26.83,42.1,31.07,87.66,46.21,58.51,78.9,5.49,1,3,Kharif
Rice,27.545,17.545,110.69,192.85,21.93,38.71,39.36,108.57,41.14,40.48,81.79,5.82,1,2,Kharif
Sugarcane,26.255,16.255,99.05,125.34,25.09,30.07,44.84,124.17,74.59,60.72,70.91,6.57,1,3,Kharif
Maize,26.125,16.125,86.96,101.73,50.16,21.81,28.03,78.13,41.68,35.51,71.01,5.74,1,8,Kharif
Sugarcane,25.990000000000002,15.990000000000002,87.22,140.69,32.0,30.08,37.92,140.37,49.92,60.15,74.11,6.99,1,9,Kharif
Wheat,20.86,10.86,62.72,89.25,33.19,26.1,40.71,75.2,47.78,44.82,59.83,6.31,0,4,Rabi
Wheat,21.41,11.41,44.47,109.55,39.58,27.27,33.15,89.83,51.73,40.06,44.96,6.64,0,4,Rabi
Maize,23.685000000000002,13.685000000000002,62.89,107.08,42.98,27.1,29.92,104.96,44.19,42.46,59.59,6.03,1,3,Kharif
Maize,23.45,13.45,79.44,97.83,48.27,18.34,33.39,94.82,32.29,36.57,59.41,6.17,1,4,Kharif
Rice,25.89,15.89,136.68,190.36,28.98,37.28,33.74,114.65,50.02,48.22,89.07,4.95,1,6,Kharif
Rice,30.12,20.12,147.95,185.86,30.27,45.19,24.54,115.4,47.12,48.83,88.27,5.4,1,3,Kharif
Sugarcane,28.15,18.15,118.42,134.01,21.86,31.29,46.85,113.37,60.99,72.45,81.07,6.32,1,9,Kharif
Sugarcane,27.095,17.095,101.96,140.13,37.16,44.25,18.59,137.45,57.5,70.7,74.0,6.9,1,4,Kharif
Maize,25.67,15.670000000000002,69.57,118.05,48.45,22.59,28.96,107.81,42.52,39.84,73.41,6.8,1,7,Kharif
Maize,24.3,14.3,61.2,106.17,41.14,18.59,40.27,71.62,27.94,40.38,66.95,6.48,1,12,Kharif
Wheat,17.32,7.32,53.69,86.45,41.96,29.3,28.74,94.19,49.48,52.17,62.58,6.85,0,2,Rabi
Rice,30.005,20.005,127.88,185.64,34.02,43.09,22.89,107.54,45.89,53.16,84.64,5.87,1,3,Kharif
Rice,29.305,19.305,144.34,186.72,24.64,35.53,39.83,106.61,52.71,39.39,82.2,5.97,1,9,Kharif
Maize,25.025,15.024999999999999,67.92,96.62,45.1,20.03,34.87,84.21,30.07,29.21,66.11,5.94,1,7,Kharif
Maize,25.795,15.795000000000002,66.83,94.44,49.32,22.49,28.19,92.62,48.57,40.2,65.93,6.25,1,4,Kharif
Wheat,18.175,8.175,62.63,110.0,37.03,20.56,42.41,97.37,47.35,46.43,62.2,7.42,0,5,Rabi
Rice,29.605,19.605,155.08,169.52,20.88,36.56,42.56,83.81,51.58,56.65,75.32,5.4,1,10,Kharif
Maize,25.835,15.835,53.27,96.73,42.02,19.87,38.11,85.43,30.83,47.97,61.51,5.82,1,7,Kharif
Sugarcane,24.755,14.754999999999999,101.86,137.47,21.52,42.78,35.7,106.28,59.29,57.63,73.53,6.89,1,3,Kharif
Maize,25.685000000000002,15.685000000000002,64.3,96.54,47.23,23.21,29.56,97.42,40.71,35.32,74.53,6.18,1,5,Kharif
Sugarcane,25.35,15.350000000000001,110.46,124.33,38.13,41.96,19.91,97.65,63.23,52.18,71.16,6.89,1,5,Kharif
Rice,28.34,18.34,132.82,160.99,29.47,41.89,28.64,112.04,50.46,44.01,84.91,5.61,1,9,Kharif
Maize,24.005000000000003,14.005000000000003,61.2,105.6,44.5,19.79,35.71,81.87,36.49,39.05,64.26,6.16,1,5,Kharif
Sugarcane,25.365000000000002,15.365000000000002,108.97,129.62,43.44,32.62,23.94,138.29,65.62,53.01,69.59,6.8,1,4,Kharif
Maize,25.93,15.93,85.67,98.36,54.98,27.39,17.63,84.91,46.26,42.58,63.2,6.09,1,5,Kharif
Rice,27.630000000000003,17.630000000000003,154.42,200.35,33.39,41.43,25.18,118.92,36.03,51.79,71.41,6.27,1,6,Kharif
Maize,23.060000000000002,13.060000000000002,69.21,100.58,45.28,22.74,31.98,100.9,34.35,42.16,69.04,6.13,1,7,Kharif
Maize,21.91,11.91,72.01,97.57,47.58,23.96,28.46,86.61,43.6,42.29,58.33,6.56,1,3,Kharif
Rice,27.825000000000003,17.825000000000003,115.37,211.75,33.96,36.93,29.11,114.27,53.4,45.42,84.93,4.82,1,10,Kharif
Maize,22.765,12.765,71.44,107.3,38.42,27.54,34.04,68.2,43.27,43.07,62.63,6.78,1,3,Kharif
Wheat,19.025,9.024999999999999,57.15,89.92,45.79,27.37,26.84,105.29,48.66,46.72,67.92,6.82,0,2,Rabi
Wheat,18.985,8.985,39.0,100.6,42.92,26.52,30.56,91.74,53.72,44.92,54.73,6.59,0,7,Rabi
Maize,25.09,15.09,81.77,100.69,50.51,29.25,20.24,60.0,51.19,39.09,57.07,6.66,1,3,Kharif
Sugarcane,25.02,15.02,93.25,133.54,30.23,33.08,36.69,102.71,60.26,59.06,75.42,6.68,1,2,Kharif
Rice,28.355,18.355,142.52,175.66,32.42,42.9,24.68,116.72,43.72,49.81,75.85,6.03,1,2,Kharif
Wheat,19.67,9.670000000000002,62.08,75.76,41.77,24.93,33.3,84.07,50.95,41.22,58.04,7.21,0,3,Rabi
Wheat,20.509999999999998,10.509999999999998,45.79,90.23,39.22,23.05,37.73,81.45,47.29,45.02,68.6,6.19,0,4,Rabi
Rice,28.3,18.3,138.78,200.31,29.6,40.93,29.47,114.53,39.04,52.13,79.7,5.95,1,6,Kharif
Sugarcane,26.505000000000003,16.505000000000003,98.66,118.22,33.56,40.79,25.65,134.99,60.18,78.59,71.6,6.57,1,5,Kharif
Rice,26.4,16.4,143.11,192.18,31.41,40.76,27.83,100.75,49.89,49.01,74.94,5.45,1,2,Kharif
