Crop,Temp_min_C,Temp_max_C,Rain_min_cm,Rain_max_cm,Sow_temp_min,Sow_temp_max,Harvest_temp_min,Harvest_temp_max,Sand_pct,Clay_pct,Silt_pct,Nitrogen_N_kg_ha,Phosphorus_P_kg_ha,Potassium_K_kg_ha,Humidity_pct,pH
Wheat,14.09,28,47.08,79.88,16.25,19.65,21.97,24.99,38.86,27.69,33.45,79.89,41.43,33.64,51.67,6.07
Sugarcane,24.0,33.38,90.3,134.06,21.09,25.22,26.64,29.32,27.86,32.81,39.33,121.53,47.55,53.01,73.66,6.82
Sugarcane,21.61,29.33,104.98,121.71,22.52,26.8,24.15,31.07,31.24,30.19,38.57,120.37,52.28,45.73,74.06,7.04
Sugarcane,24.04,29.29,104.49,108.33,21.31,25.66,26.78,31.23,31.75,38.34,29.91,125.71,64.69,57.64,61.91,6.79
Wheat,15.31,22.81,52.85,88.16,15.9,21.84,22.7,24.28,33.64,28.31,38.05,95.02,34.57,47.74,43.8,6.94
Sugarcane,22.67,28.07,102.89,120.08,22.32,26.38,23.12,31.5,34.06,43.93,22.01,107.9,62.21,67.19,73.96,6.55
Rice,22.69,32.65,130.39,166.74,21.36,26.54,24.41,33.31,26.77,36.85,36.38,113.79,49.45,45.63,84.57,5.77
Maize,20.3,28.67,72.59,97.03,20.84,24.99,20.11,27.05,44.47,22.6,32.93,81.97,29.4,48.88,70.46,6.27
Rice,24.68,33.84,153.33,190.65,21.07,26.93,24.71,34.79,26.44,44.91,28.65,112.51,47.73,55.32,86.62,5.22
Maize,20.89,28.42,67.64,109.58,18.32,25.54,23.64,31.08,47.01,19.59,33.4,77.02,45.84,46.09,64.01,5.98
Maize,20.01,29.58,55.68,111.41,17.84,24.98,22.28,26.7,42.73,22.18,35.09,105.35,42.44,36.43,56.24,6.41
Sugarcane,21.63,29.17,111.11,135.68,20.01,26.9,24.52,30.7,31.55,35.36,33.09,117.89,62.09,50.27,66.41,7.13
Rice,21.72,30.53,119.25,182.23,19.27,25.15,26.01,33.17,33.22,47.9,18.88,129.67,51.77,52.57,79.86,5.36
Wheat,13.26,24.15,44.07,77.81,16.62,22.15,22.53,25.8,35.15,32.32,32.53,91.85,48.75,38.82,62.26,6.91
Wheat,10.18,24.29,58.48,81.88,15.21,21.75,21.42,26.31,36.22,27.05,36.73,90.22,40.86,42.23,56.09,7.22
Rice,23.03,34.59,135.19,220,22.28,23.85,23.35,30.57,23.41,42.85,33.74,104.86,39.24,41.87,82.58,4.87
Wheat,18.57,27.65,43.1,77.47,18.53,21.76,20.48,24.17,42.9,28.3,28.8,101.25,48.36,57.05,54.45,7.02
Rice,20.22,32.54,121.47,185.88,22.86,23.68,25.33,30.05,34.32,37.05,28.63,139.79,47.76,49.88,77.28,4.65
Sugarcane,21.25,31.16,111.48,138.65,21.1,26.48,23.94,29.94,32.41,34.58,33.01,140.39,65.96,64.02,73.01,6.69
Sugarcane,21.18,31.93,86.49,128.53,20.3,27.16,24.08,30.91,32.63,38.68,28.69,118.6,65.71,54.88,79.12,6.38
Rice,24.03,30.34,112.46,186.03,20.98,26.52,26.25,32.67,31.95,41.85,26.2,98.48,50.67,44.45,84.5,5.74
Wheat,15.37,20,50.44,103.03,14.21,21.12,19.21,25.77,38.87,24.41,36.72,87.3,56.64,46.24,52.77,6.92
Sugarcane,22.7,30.08,103.56,137.27,25.04,28.19,20.52,29.77,33.92,39.04,27.04,138.17,56.04,61.62,73.89,6.33
Rice,26.6,32.16,125.79,212.0,21.63,25.11,24.6,33.37,28.38,43.96,27.66,108.96,47.97,41.05,78.61,5.95
Sugarcane,23.31,32.3,85.67,133.18,19.13,24.58,23.28,30.45,30.06,42.03,27.91,118.22,80,60.83,67.36,6.67
Rice,22.74,33.05,110.03,203.4,21.17,25.78,25.15,33.06,27.83,34.04,38.13,117.86,43.7,43.89,92.34,4.66
Sugarcane,18.89,31.77,96.72,147.57,21.44,25.31,23.25,32.68,34.4,28.95,36.65,136.91,52.28,46.72,65.31,6.94
Sugarcane,22.38,32.07,112.93,125.57,22.32,26.34,24.52,28.53,36.6,35.51,27.89,128.69,58.5,55.42,70.71,6.29
Wheat,16.68,23.98,42.68,76.59,15.71,22.07,19.74,25.59,37.36,25.19,37.45,80.11,60,39.35,50.26,6.81
Sugarcane,21.09,31.73,94.71,153.56,22.17,26.2,22.09,31.88,34.47,34.61,30.92,122.46,64.04,61.51,75.28,6.8
Maize,20.01,27.95,59.87,117.58,20.01,23.74,22.29,25.14,48.41,30,21.59,83.03,40.93,43.39,65.02,6.44
Wheat,11.59,22.13,41.82,81.01,17.81,21.49,21.18,23.87,36.45,26.0,37.55,93.45,55.17,44.48,50.05,6.4
Wheat,18.23,23.46,45.39,82.96,18.52,20.12,19.47,26.53,36.16,33.52,30.32,86.61,45.6,48.15,52.66,6.02
Sugarcane,20.92,28.98,103.2,149.19,20.47,27.88,24.73,29.63,31.03,29.92,39.05,102.16,71.87,63.37,72.8,7.09
Maize,19.76,24,61.61,110.21,20.03,27.74,19.33,24.82,42.01,22.53,35.46,102.96,33.69,45.28,61.12,6.6
Rice,23.45,33.06,156.58,187.62,20.34,25.44,25.28,31.29,27.92,45.84,26.24,103.9,52.24,46.53,91.19,5.44
Wheat,17.0,20,49.12,70.09,16.41,21.03,21.98,24.76,38.96,22.5,38.54,87.44,51.72,42.21,54.82,7.18
Wheat,15.01,22.48,58.08,75.22,16.35,21.67,21.07,24.0,35.33,27.38,37.29,87.68,52.36,48.26,60.78,6.73
Rice,24.34,31.68,150.91,196.42,23.6,25.34,24.62,34.36,27.04,44.46,28.5,123.34,48.79,43.25,77.26,4.93
Maize,21.54,28.77,69.45,103.17,18.56,26.79,20.48,28.33,47.59,25.87,26.54,82.64,33.24,41.08,69.83,6.42
Wheat,11.97,24.19,47.77,71.58,13.17,21.64,21.71,25.47,45.48,29.95,24.57,86.33,40.21,39.08,51.67,6.44
Rice,25.7,31.95,128.51,186.12,20.94,27.59,24.79,32.85,32.71,39.04,28.25,121.26,39.36,47.23,83.1,4.76
Wheat,12.1,24.04,48.52,75.79,17.4,21.68,21.06,25.67,32.89,24.13,42.98,102.44,35.38,49.24,44.15,6.51
Sugarcane,21.26,30.63,90.2,137.93,22.77,26.6,21.65,29.38,26.12,35.31,38.57,113.76,59.45,60.91,65.28,6.02
Sugarcane,20.32,32.36,106.51,144.23,21.28,22.79,22.03,30.45,26.42,34.16,39.42,137.54,64.56,60.98,73.16,6.85
Rice,22.16,32.22,137.89,176.74,23.96,26.5,24.25,31.35,29.63,41.73,28.64,112.92,39.54,49.91,82.3,5.86
Rice,25.07,32.34,119.14,187.03,21.88,26.03,25.34,33.98,25.29,39.07,35.64,129.96,51.06,45.75,84.31,4.94
Sugarcane,20.25,28.29,95.54,116.42,21.31,25.47,23.4,27.62,30.46,29.51,40.03,115.59,51.16,49.2,73.62,6.78
Maize,19.31,30.34,77.82,99.41,19.46,23.51,19.92,28.44,53.71,21.63,24.66,103.11,33.54,42.79,55.28,6.27
Maize,20.86,28.93,73.19,93.26,16.88,20.49,19.65,26.39,45.36,21.55,33.09,83.07,40.05,42.89,68.26,5.9
Maize,20.78,31.48,77.2,101.98,17.7,24.39,24.75,26.57,39.18,30,30.82,103.19,38.84,45.3,61.1,6.56
Maize,18.92,31.66,72.12,86.29,20.92,22.91,23.3,27.47,48.74,20.82,30.44,90.67,50.01,29.07,63.07,6.03
Wheat,15.77,24.72,54.72,91.75,16.12,21.71,20.06,24.8,44.83,26.96,28.21,105.04,43.77,43.99,52.05,6.99
Maize,19.77,30.11,53.8,103.82,20.59,25.41,24.17,26.07,38.3,19.47,42.23,78.37,31.54,48.19,78.1,5.77
Sugarcane,20.32,33.76,100.05,137.56,22.36,24.9,23.49,33.03,35.74,36.76,27.5,101.01,56.9,69.26,65.43,6.37
Wheat,14.12,22.13,34.83,65.94,18.6,22.7,20.84,24.82,46.98,28.25,24.77,89.38,44.93,53.35,57.34,6.16
Maize,21.39,30.05,79.84,113.33,18.56,24.27,20.91,27.54,45.46,26.59,27.95,93.5,39.27,35.54,69.49,5.88
Maize,20.6,31.25,76.17,111.74,19.05,23.89,21.78,29.47,41.99,23.34,34.67,81.55,46.53,37.43,57.68,6.1
Maize,19.19,26.28,70.75,99.99,17.95,25.68,26,28.47,42.99,22.56,34.45,79.22,39.9,42.92,64.3,6.26
Maize,19.16,25.95,73.14,94.45,18.78,21.5,23.77,25.7,45.61,23.07,31.32,112.84,34.51,42.97,64.33,5.93
Rice,25.98,35.89,144.32,162.07,20.44,25.2,25.48,32.61,35.18,39.21,25.61,94.04,51.42,42.43,80.73,5.6
Rice,25.67,35.7,118.84,175.6,24.1,27.55,24.6,31.73,29.95,31.43,38.62,114.82,54.6,51.37,85.33,5.42
Rice,23.58,32.57,139.74,185.93,23.12,24.49,22.24,31.11,25.66,45.52,28.82,100.46,44.32,39.18,77.79,4.92
Sugarcane,20.59,30.62,98.93,145.09,21.72,29.83,24.14,31.23,26.77,28.33,44.9,110.77,62.0,62.39,68.11,6.82
Rice,23.63,32.26,150.31,158.31,23.13,24.7,25.68,32.0,26.62,43.22,30.16,118.74,52.46,42.44,86.69,5.7
Rice,20.85,30.21,136.6,172.53,21.15,28.26,25.1,30.06,38.81,42.14,19.05,127.17,46.48,47.24,83.56,5.71
Maize,21.57,30.32,67.21,91.33,18.11,27.28,22.1,29.39,39.65,19.72,40.63,97.01,41.63,42.68,63.05,6.59
Wheat,15.14,22.44,48.52,92.17,15.74,21.42,22.04,25.59,41.21,28.0,30.79,72.3,44.52,39.77,54.67,6.87
Wheat,16.99,27.34,53.06,81.58,17.96,21.41,21.5,22,41.5,29.88,28.62,95.44,44.55,42.39,51.06,7.02
Rice,25.44,32.72,100,160.95,23.42,28.13,24.85,30.72,31.45,39.8,28.75,106.4,41.07,46.23,91.23,5.25
Wheat,18.12,24.24,55.12,84.36,14.05,21.46,19.64,25.25,40.66,27.7,31.64,75.82,50.5,49.5,56.68,6.72
Sugarcane,20.22,30.79,90.27,141.49,21.81,28.13,21.36,28.93,30.48,34.0,35.52,128.45,62.39,53.82,67.29,7.03
Maize,20.89,30.18,67.71,85.67,19.76,22.84,22.57,27.89,43.16,23.16,33.68,78.22,42.03,41.34,70.16,6.31
Sugarcane,21.08,26,92.33,146.54,22.53,24.18,23.67,31.29,32.43,29.55,38.02,130.85,68.46,67.11,78.45,6.51
Wheat,14.38,24.64,57.25,71.48,14.38,21.01,20.38,25.2,32.68,28.38,38.94,76.13,45.28,34.87,42.07,6.96
Wheat,13.73,22.14,47.12,82.38,14.39,21.72,21.16,24.02,40.2,32.75,27.05,109.24,36.65,37.34,57.26,6.69
Maize,19.83,29.87,81.3,97.07,19.33,23.71,22.52,26.13,39.23,20.36,40.41,85.12,39.33,27.84,67.0,6.23
Wheat,16.97,22.54,61.25,93.45,14.32,20.54,20.37,23.62,40.18,30.41,29.41,102.78,43.06,43.33,48.77,6.63
Maize,21.84,30.76,63.87,94.51,17.0,24.06,22.66,27.68,52.24,22.34,25.42,75.13,42.72,44.86,66.01,6.06
Rice,24.53,35.41,144.56,182.34,21.8,27.46,25.56,33.44,27.6,39.01,33.39,105.18,52.04,45.71,82.97,5.73
Sugarcane,20.03,32.81,108.26,128.02,25.06,25.85,21.04,31.45,30.24,34.97,34.79,126.46,65.43,68.82,73.57,6.56
Rice,25.0,33.35,126.63,181.67,23.47,23.81,27.72,29.6,31.9,46.1,22.0,120.34,44.15,45.26,71.74,5.88
Maize,23.52,29.73,68.35,96.48,18.09,23.22,21.96,29.08,43.5,21.81,34.69,69.82,41.85,41.47,62.57,6.37
Rice,22.68,33.62,141.03,175.42,21.04,22.79,25.85,33.36,35.63,45.41,18.96,123.81,54.24,44.48,81.7,6.12
Sugarcane,24.28,29.43,98.42,136.24,21.61,24.16,24.49,29.33,32.92,36.25,30.83,128.5,55.79,59.53,71.08,6.78
Rice,22.43,32.39,137.2,183.78,19.7,25.5,26.14,32.63,32.55,36.42,31.03,114.59,43.7,46.09,76.25,5.73
Wheat,16.61,24.3,62.26,72.07,15.18,19.48,21.29,24.87,31.37,26.85,41.78,84.23,45.25,40.76,48.87,7.22
Sugarcane,22.34,27.31,94.98,129.7,25.47,26.59,24.54,28.04,37.39,38.26,24.35,133.03,64.76,60.29,70.34,6.94
Maize,17.29,30.87,80.7,103.93,19.5,24.28,18,26.75,46.46,21.34,32.2,95.69,47.77,51.37,66.2,6.4
Rice,25.55,31.44,124.12,206.09,19.52,27.36,25.52,30.84,24.42,40.65,34.93,108.36,43.2,44.17,81.74,5.22
Wheat,18.05,25.71,52.97,82.39,18.53,22.5,20.21,25.88,35.76,20.8,43.44,75.08,41.65,38.69,41.8,6.4
Rice,21.46,32.46,144.77,167.21,21.29,26.23,25.94,29.59,31.81,39.66,28.53,107.79,46.32,47.52,84.59,5.85
Maize,21.19,28.7,70.08,97.08,20.02,24.56,21.76,25.79,39.27,21.67,39.06,92.02,37.77,40.86,55.52,6.74
Rice,24.37,36.14,175,178.41,21.53,23.83,25.67,32.77,33.25,34.04,32.71,113.4,42.08,51.41,91.64,6.04
Wheat,16.9,24.96,55.5,79.34,17.2,23.78,22.4,23.12,37.08,24.65,38.27,120,37.05,37.64,56.83,6.72
Sugarcane,20.52,30.13,108.69,136.57,22.51,28.45,23.73,29.91,34.08,32.56,33.36,109.52,47.63,63.71,65.43,6.77
Maize,21.58,28.28,66.95,101.31,19.56,24.11,19.97,27.18,42.48,23.14,34.38,77.12,55,41.34,54.79,6.13
Maize,18.37,26.33,75.95,109.03,18.52,26.68,21.63,28.16,47.11,16.42,36.47,94.62,41.02,42.62,62.88,6.07
Sugarcane,22.54,30.94,110.14,142.27,22.67,25.74,24.31,29.97,24.01,30.06,45.93,113.66,65.89,71.33,69.82,7.19
Wheat,13.6,26.15,65.99,65.28,13.68,22.63,19.44,24.53,39.68,27.72,32.6,91.55,49.15,43.66,55.57,6.52
Rice,23.83,33.65,128.39,182.22,18.96,25.84,24.62,32.67,26.27,43.58,30.15,104.36,42.53,47.89,89.8,5.44
Maize,20.26,26.41,59.93,113.05,19.46,23.32,22.16,26.92,39.29,23.66,37.05,91.15,41.26,30.71,58.08,6.32
Maize,20.52,26.19,65.94,103.32,19.23,23.47,23.25,27.71,47.84,21.82,30.34,94.81,38.08,39.06,50.61,6.44
Wheat,14.89,23.19,61.34,83.45,19.18,19.53,20.7,23.65,40.71,28.84,30.45,80.56,40.26,42.12,59.7,6.41
Rice,26.88,31.35,128.34,198.22,22.76,26.89,25.17,28.6,20.4,33.29,46.31,136.62,45.61,52.95,83.21,5.29
Rice,24.02,33.77,127.17,176.68,20.81,26.29,23.23,32.44,29.08,36.87,34.05,113.14,48.53,44.69,83.9,5.06
Rice,20.44,29.78,137.66,189.3,20.82,25.31,22.93,31.38,27.21,42.68,30.11,108.14,48.96,50.37,72.76,6.13
Sugarcane,24.42,31.5,94.59,131.39,19.45,26.91,23.59,31.49,35.57,34.59,29.84,114.62,64.82,59.04,75.84,6.68
Wheat,16.72,23.72,54.0,88.75,15.18,22.09,23.09,23.67,37.98,23.48,38.54,110.85,43.54,40.4,69.56,6.8
Sugarcane,21.89,31.96,102.01,129.2,21.74,24.36,26.23,30.04,24.83,36.08,39.09,123.46,67.46,61.12,69.91,6.99
Rice,23.82,31.02,118.49,191.31,20.51,25.97,24.7,33.55,30.24,41.27,28.49,113.36,49.03,46.07,81.81,5.36
Sugarcane,22.82,30.07,97.98,140.34,22.29,25.39,22.05,28.57,26.44,30.58,42.98,119.08,65.34,56.87,75.64,7.27
Rice,22.09,34.44,100,173.78,20.55,26.97,25.63,30.03,26.04,39.17,34.79,112.74,42.28,48.96,76.4,5.55
Rice,24.04,30.91,141.19,209.95,20.27,26.85,22.73,32.8,28.83,38.03,33.14,113.15,42.95,50.26,83.02,6.22
Rice,22.03,34.75,125.44,181.06,21.36,22.5,25.97,32.06,26.68,39.58,33.74,83.41,45.55,45.83,77.33,5.64
Sugarcane,20.51,29.17,106.33,135.86,21.15,27.43,27.12,32.04,30.48,25.6,43.92,109.38,45.13,57.36,78.33,6.33
Sugarcane,20.01,32.81,92.65,156.0,22.19,28.02,26.09,28.99,36.12,36.68,27.2,115.74,57.39,57.51,72.4,6.44
Maize,20.89,29.77,55.08,102.48,18.62,24.19,23.17,29.13,43.39,21.58,35.03,112.1,38.79,44.11,58.67,6.45
Maize,20.3,26.22,75.11,104.25,18.96,26.4,19.34,29.23,42.2,23.05,34.75,83.65,33.74,44.41,64.29,6.1
Maize,19.76,29.96,71.32,110.77,18.58,25.0,25.37,26.68,51.16,24.97,23.87,89.84,49.35,51.06,70.03,6.37
Wheat,19.56,24.19,57.17,96.96,15.18,19.08,21.36,25.28,38.82,27.84,33.34,82.7,50.23,48.65,49.03,6.91
Sugarcane,21.09,29.21,104.51,129.14,21.39,22.72,22.55,29.07,28.75,40.42,30.83,134.16,78.51,61.97,79.21,7.01
Wheat,17.61,22.2,75,73.01,15.41,20.52,22.95,25.5,48.59,31.66,19.75,72.87,46.61,48.28,53.09,6.38
Rice,23.01,34.78,129.85,175.83,24.12,27.25,25.32,35.86,27.94,39.45,32.61,102.4,43.44,43.53,88.52,5.25
Wheat,16.53,25.46,44.66,94.92,16.27,21.55,20.5,24.95,41.17,28.37,30.46,96.95,37.97,34.68,53.35,6.96
Wheat,20.75,24.3,44.36,76.34,16.67,20.22,20.96,26.31,35.62,33.74,30.64,71.92,57.03,54.4,47.58,6.33
Sugarcane,22.66,29.01,94.69,143.33,22.71,24.79,24.15,29.18,32.23,37.12,30.65,124.96,56.34,64.28,68.54,6.98
Rice,25.94,33.3,152.38,180.49,22.91,27.21,27.0,33.33,33.25,43.27,23.48,118.14,49.08,44.99,79.26,5.84
Sugarcane,23.39,30.88,109.49,133.46,21.7,23.66,20,28.86,38.25,42.08,19.67,99.99,52.9,53.36,72.31,7.18
Rice,24.48,35.19,167.16,154.58,24.75,27.64,25.02,31.31,28.55,39.12,32.33,87.58,53.47,42.03,85.76,5.33
Maize,20.27,30.09,73.53,114.92,17.29,26.66,19.4,26.5,41.66,28.46,29.88,71.51,41.46,39.31,67.69,5.65
Sugarcane,21.87,33.43,85.35,152.65,24.01,25.46,23.54,30.0,29.98,40.73,29.29,141.61,59.58,41.12,72.81,7.09
Wheat,13.36,26.18,49.88,91.42,16.24,21.98,19.76,24.96,34.79,27.73,37.48,84.87,44.39,45.75,59.09,6.61
Rice,24.94,33.97,116.74,197.28,23.95,27.8,24.69,35.15,30.54,42.02,27.44,112.97,53.36,50.91,89.71,4.86
Sugarcane,24.24,29.8,94.45,139.23,22.92,25.89,23.72,30.84,31.59,36.36,32.05,102.89,70.54,59.55,76.29,6.85
Wheat,16.31,24.72,55.98,77.54,16.32,22.39,22.8,25.39,37.06,25.58,37.36,74.96,45.17,41.28,62.91,6.25
Rice,23.44,31.4,157.09,192.52,23.1,24.59,23.0,32.72,23.49,37.76,38.75,110.41,51.82,50.8,83.28,5.82
Rice,27.33,34.99,141.97,200.74,21.94,25.58,25.13,31.46,26.36,44.06,29.58,83.54,43.29,43.35,84.92,5.31
Sugarcane,22.89,32.37,92.72,141.67,22.85,27.79,22.69,33.09,32.7,25,42.3,115.98,65.94,58.3,62.71,6.52
Rice,23.25,31.78,125.19,176.51,22.19,26.68,25.06,35.0,23.65,43.9,32.45,95.02,48.93,40.86,85.32,5.73
Rice,26.51,33.04,119.0,169.06,23.0,25.12,25.11,32.17,33.51,37.9,28.59,108.65,52.4,45.09,76.95,4.58
Rice,20.65,33.41,158.59,210.36,20.17,26.44,26.25,33.93,30.83,44.44,24.73,87.92,37.45,48.27,84.99,5.45
Sugarcane,22.19,31.81,93.68,134.47,22.36,28.72,20,30.21,33.53,40.76,25.71,132.87,63.55,50.66,78.07,6.99
Sugarcane,23.21,27.66,95.14,133.5,20.05,25.16,23.34,28.12,34.3,39.49,26.21,107.5,61.8,65.3,68.85,6.9
Sugarcane,22.51,33.59,98.24,127.27,24.15,28.31,22.04,32.09,30.92,38.27,30.81,139.9,50.16,63.11,69.97,6.34
Rice,23.33,37.01,118.23,169.56,21.4,27.38,25.82,31.13,29.88,30.87,39.25,130.37,47.21,53.19,90.47,5.11
Sugarcane,20.67,32.16,97.35,153.67,21.81,23.67,22.97,28.76,32.13,35.09,32.78,99.06,63.2,56.14,77.42,6.67
Maize,21.64,28.48,70.94,100.0,16.97,23.37,22.17,27.2,45.95,21.36,32.69,87.99,48.32,38.86,64.89,6.19
Maize,19.37,33.59,88.86,96.22,19.11,24.41,25.0,29.09,38.48,19.18,42.34,108.65,41.55,35.81,60.18,6.04
Wheat,16.59,22.75,60.39,88.81,18.41,19.59,22.69,24.86,39.12,23.43,37.45,97.43,50.34,50.77,55.37,6.89
Sugarcane,20.41,32.86,101.74,145.17,22.29,27.29,25.89,28.4,27.27,25.64,47.09,124.42,68.91,52.78,74.1,6.94
Maize,22.52,26.94,84.61,115.85,19.52,24.42,21.74,26.45,43.3,20.23,36.47,101.32,36.52,39.44,77.74,6.31
Maize,21.46,30.02,80.42,98.9,17.61,21.96,24.65,26.07,44.2,25.03,30.77,96.06,40.3,39.36,72.6,6.7
Wheat,13.62,25.09,65.64,83.91,14.41,21.12,21.43,26.05,35.29,34.62,30.09,90.68,36.6,45.25,50.96,6.1
Rice,24.86,35.21,119.16,172.63,22.72,27.92,24.3,34.8,34.32,36.68,29.0,106.74,49.41,53.87,78.8,6.17
Sugarcane,23.62,29.8,97.83,128.06,22.56,24.35,25.64,29.94,35.63,39.76,24.61,119.21,64.77,61.21,70.66,6.67
Wheat,21.66,22.41,68.96,75.83,18.07,21.61,23.68,27.14,36.27,29.62,34.11,82.23,60,38.26,53.12,7.29
Maize,18.89,30.33,72.15,90.94,18.19,22.06,22.44,28.27,43.73,25.49,30.78,79.69,37.36,37.04,66.86,6.33
Wheat,20.32,23.38,54.05,79.82,16.0,23.5,22.07,23.91,36.39,29.98,33.63,108.55,51.97,47.92,51.04,6.77
Sugarcane,23.99,32.35,99.81,135.23,23.89,30,23.65,32.87,31.55,34.28,34.17,96.6,49.93,59.79,76.78,6.7
Wheat,17.12,24.52,56.43,96.42,16.5,20.49,20.08,25.7,41.61,26.73,31.66,77.14,49.31,49.29,54.74,6.52
Rice,23.58,33.85,124.18,172.2,20.79,23.83,24.13,31.97,32.29,35.18,32.53,91.3,47.54,47.88,83.43,5.5
Rice,23.69,31.41,165.78,180.51,20.77,23.78,25.5,32.97,34.56,47.86,17.58,120.12,48.62,50.22,85.27,5.71
Sugarcane,19.99,33.13,80.11,119.21,24.13,26.31,26.68,32.74,34.22,31.0,34.78,142.2,72.23,60.66,67.81,7.0
Sugarcane,18.85,29.75,92.9,121.23,24.99,23.43,22.4,30.11,33.07,35.05,31.88,115.87,64.38,73.07,81.94,6.81
Sugarcane,21.51,28.53,90.8,160,19.23,25.74,24.09,29.16,39.96,40.83,19.21,85.83,64.32,67.31,79.83,6.72
Wheat,11.79,24.68,53.39,86.19,18.2,18.01,22.52,26.64,39.96,25.23,34.81,78.24,51.09,40.13,48.74,6.72
Maize,20.58,28.81,72.8,102.12,19.72,23.06,20.56,28.42,50.48,21.16,28.36,86.71,40.2,47.36,61.87,6.19
Maize,19.91,27.36,59.72,107.77,18.25,23.59,24.15,27.48,40.57,23.41,36.02,93.92,36.92,36.29,55.72,6.75
Wheat,16.86,24.5,54.41,91.33,15.84,23.2,21.56,26.79,39.61,26.03,34.36,89.04,46.63,40.91,55.09,7.0
Rice,22.11,35.25,160.3,192.34,23.67,25.6,25.01,34.19,31.16,41.72,27.12,107.95,44.44,56.42,81.73,5.18
Maize,20.03,27.93,81.82,104.12,19.29,24.79,21.54,29.05,47.12,21.37,31.51,99.42,51.52,42.22,69.5,6.17
Sugarcane,24.62,31.61,94.16,122.58,22.85,24.4,23.62,30.43,28.69,37.67,33.64,116.54,45.96,66.73,73.72,6.26
Rice,22.08,32.59,130.61,166.84,23.25,27.64,22.56,28.58,28.91,36.99,34.1,91.76,48.28,60,76.59,5.37
Maize,20.48,30.72,71.38,112.19,19.36,25.01,20.79,27.3,45.75,25.87,28.38,88.68,36.86,32.26,55.51,6.89
Maize,18.4,32.3,81.67,99.6,19.89,22.74,20.39,30.91,51.15,23.79,25.06,97.48,40.27,41.75,65.85,6.46
Maize,20.37,31.37,71.38,109.25,20.97,24.84,22.74,27.47,35.87,22.76,41.37,97.47,38.02,25.91,64.24,6.59
Wheat,16.65,21.27,42.75,92.58,14.77,19.97,20.78,24.79,39.44,30.95,29.61,77.86,43.04,42.13,40,6.9
Maize,21.3,27.23,70.97,94.93,18.87,24.94,20.86,31.02,37.88,28.66,33.46,85.96,37.28,47.07,58.04,6.29
Rice,25.1,31.72,152.79,207.05,21.78,25.75,26.17,32.66,30.73,40.22,29.05,105.5,45.79,48.13,86.31,5.3
Rice,24.3,33.07,141.52,183.59,23.69,22,26.52,32.41,24.02,42.14,33.84,108.47,42.63,53.66,76.7,5.54
Wheat,13.24,21.47,63.19,69.15,14.98,22.34,20.6,23.01,36.75,31.41,31.84,92.26,43.83,52.7,58.53,7.5
Rice,25.68,35.37,130.3,185.53,20.57,23.91,24.38,30.08,28.73,35.52,35.75,86.71,48.98,42.52,82.29,4.5
Sugarcane,21.85,31.83,112.8,132.93,21.99,28.18,25.73,30.64,29.26,35.46,35.28,125.42,45.11,49.58,72.67,7.04
Sugarcane,22.99,28.23,84.97,137.44,22.49,25.11,24.84,30.82,30.11,33.68,36.21,113.95,67.82,66.12,73.22,6.85
Wheat,15.95,25.37,44.64,97.97,15.72,18.76,19.93,23.32,36.51,30.28,33.21,72.43,48.06,47.19,58.54,6.53
Sugarcane,20.1,28.78,111.8,144.27,22.7,25.72,23.62,28.51,30.94,31.55,37.51,142.75,61.85,40.13,71.02,7.11
Maize,18.57,31.14,66.09,97.8,19.24,23.75,21.27,24.49,44.69,17.27,38.04,94.86,39.88,41.48,62.55,6.45
Sugarcane,22.78,30.02,103.78,137.89,21.33,25.79,25.18,29.47,41.14,32.27,26.59,128.43,66.32,66.36,71.73,7.0
Wheat,15.42,23.09,66.28,82.72,13.63,22.03,21.82,25.06,36.0,27.45,36.55,80.7,42.41,41.47,51.97,6.54
Rice,20.8,30.82,145.57,186.78,20.6,24.51,25.32,31.76,31.6,38.39,30.01,108.09,44.98,48.25,83.91,5.25
Wheat,15.05,23.05,66.02,97.15,14.17,23.26,19.05,24.02,37.56,26.52,35.92,108.3,31.56,48.45,47.48,6.71
Rice,23.34,35.77,151.94,193.64,20.76,28.35,26.25,29.93,32.03,39.34,28.63,123.06,48.34,48.89,72.41,4.91
Wheat,17.41,27.11,69.23,79.27,15.25,22.46,22.27,24.5,37.21,23.2,39.59,88.29,58.24,44.36,52.09,6.79
Wheat,17.88,24.35,38.26,75.45,14.07,20.8,20.5,25.03,47.81,25.96,26.23,105.33,47.53,60,53.54,6.99
Rice,24.61,33.01,131.44,168.88,20.22,23.85,25.56,33.36,37.34,39.4,23.26,107.73,44.32,52.55,93.58,4.8
Sugarcane,20.7,31.54,102.63,149.37,21.8,25.69,23.04,29.15,37.08,42.67,20.25,127.78,40,70.36,75.23,7.1
Sugarcane,21.52,29.78,87.59,135.39,22.08,26.79,23.84,29.73,39.73,33.28,26.99,136.59,55.5,65.51,69.63,6.94
Rice,24.75,34.25,124.37,164.31,22.71,26.09,27.18,30.97,33.37,38.9,27.73,121.95,51.65,49.96,82.64,5.12
Wheat,18.67,27.08,48.62,75.96,14.08,21.33,22.22,27.07,43.86,29.53,26.61,92.63,45.09,44.2,62.36,6.52
Wheat,14.16,24.2,52.72,99.25,16.19,19.81,20.33,24.31,45.27,24.52,30.21,98.7,47.3,44.28,60.22,6.59
Maize,21.1,29.66,77.98,97.46,18.24,25.27,21.56,26.72,47.72,27.27,25.01,83.75,42.66,32.79,68.48,5.84
Wheat,16.06,24.51,37.0,76.66,16.86,22.59,20.1,25.44,39.69,29.93,30.38,81.47,38.09,45.43,56.3,6.87
Sugarcane,22.89,32.4,103.01,137.77,22.69,23.14,23.09,31.79,27.63,39.45,32.92,125.07,62.3,56.26,74.43,6.3
Wheat,14.05,23.89,58.14,82.48,14.68,21.42,21.11,26.06,39.28,32.59,28.13,78.68,42.31,46.94,54.0,6.69
Sugarcane,20.27,30.94,81.31,132.77,23.34,23.87,25.34,31.35,30.87,37.46,31.67,133.67,59.52,67.71,77.91,6.87
Wheat,16.18,21.11,47.04,87.46,15.44,20.28,22.7,26.92,47.0,26.89,26.11,77.18,45.59,42.43,63.91,6.82
Maize,17.88,29.48,80.78,100.86,17.86,22.41,24.52,25.95,47.02,22.26,30.72,77.18,47.43,35.58,67.5,6.4
Maize,16.73,29.61,54.41,108.8,18.07,25.85,23.58,27.96,45.32,20.93,33.75,87.57,51.71,38.42,63.21,6.11
Maize,20.94,31.69,59.75,119.03,18.29,22.31,19.06,26.45,47.26,23.82,28.92,90.4,36.82,32.21,69.15,5.63
Maize,20.19,30.55,69.05,103.19,16.73,22.83,20.6,25.8,42.17,26.87,30.96,91.32,42.33,42.08,64.63,6.46
Wheat,16.43,24.23,47.36,98.92,17.55,21.13,20.9,24.53,44.36,20.47,35.17,83.85,37.15,53.28,61.17,6.99
Maize,18.76,31.46,64.15,102.95,17.31,25.94,25.94,28.88,46.03,25.61,28.36,83.68,41.69,35.31,54.64,6.13
Rice,25.53,34.23,109.08,177.07,23.54,25.15,24.9,36,29.29,43.22,27.49,109.11,54.62,56.69,86.29,5.33
Sugarcane,21.47,31.52,85.11,123.57,22.29,28.51,24.49,32.46,37.63,30.36,32.01,115.97,54.86,61.2,77.8,6.84
Wheat,17.32,23.67,42.11,91.73,16.78,19.5,21.49,26.07,39.54,26.52,33.94,88.17,46.13,40.41,44.5,6.91
Wheat,13.09,25.01,57.27,84.01,16.47,19.32,22.03,24.44,35.66,26.98,37.36,91.55,51.69,40.46,62.18,6.79
Wheat,17.21,23.26,32.77,89.94,14.83,23.34,21.22,26.8,40.04,27.98,31.98,79.71,51.79,35.21,60.63,6.68
Maize,19.61,28.73,73.7,95.82,16.77,22.4,22.58,27.74,42.19,16.89,40.92,113.91,49.72,39.58,69.17,6.44
Sugarcane,20.67,28.58,103.92,108.43,23.51,25.8,24.05,29.31,37.3,41.84,20.86,126.08,58.22,59.14,70.99,7.36
Wheat,17.46,22.96,64.1,102.19,19.16,21.55,21.39,25.5,40.74,29.52,29.74,89.97,48.72,44.27,53.84,7.28
Wheat,16.06,26.53,43.06,82.23,15.21,22.91,21.77,24.91,38.54,31.98,29.48,84.53,44.84,49.35,60.01,6.73
Maize,21.67,29.84,74.12,106.18,18.2,23.58,19.47,25.34,41.51,21.87,36.62,86.58,50.99,45.37,59.14,6.11
Wheat,12.57,22.48,51.3,96.83,16.53,21.82,23.14,25.29,32.46,28.18,39.36,78.6,36.64,39.76,55.67,6.29
Wheat,13.55,24.11,54.71,84.23,14.81,22.6,23.25,24.28,38.43,28.2,33.37,104.81,50.34,30,50.43,6.56
Maize,20.7,26.16,67.01,104.07,19.32,23.84,20.71,27.94,50.26,20.61,29.13,95.56,42.32,32.36,65.54,5.98
Sugarcane,20.02,29.77,90.38,144.02,22.99,25.48,21.31,28.9,31.32,33.5,35.18,144.59,68.73,70.08,66.75,6.84
Maize,17.65,32.12,76.48,97.29,17.12,27.15,24.11,30.37,46.03,20.28,33.69,99.0,39.61,36.94,64.25,6.77
Wheat,14.97,25.55,59.26,85.23,16.47,23.76,18.88,25.9,36.51,26.36,37.13,102.96,52.29,49.82,50.36,6.59
Sugarcane,21.14,30.93,100.84,107.71,21.98,24.05,24.22,30.74,28.98,36.17,34.85,116.97,66.35,66.06,80.18,6.25
Sugarcane,23.37,29.99,115.93,108.84,22.15,24.61,23.79,27.79,37.09,31.36,31.55,120.13,65.75,50.71,67.06,7.08
Maize,22.89,28.57,69.36,94.16,19.6,23.42,24.1,26.32,38.32,23.25,38.43,86.16,41.05,37.74,63.09,6.32
Maize,19.9,32.28,65.71,89.22,19.06,26.45,21.56,28.12,42.24,21.58,36.18,78.23,35.19,43.27,67.12,6.3
Wheat,15.76,27.04,52.42,107.41,15.29,21.99,20.41,24.17,42.78,26.58,30.64,90.75,43.3,46.21,42.37,7.35
Wheat,19.64,23.5,43.08,93.44,17.27,21.04,19.48,26.49,42.34,29.66,28.0,96.91,36.76,49.68,46.35,6.61
Rice,24.42,35.08,135.34,194.48,21.98,26.71,25.89,31.49,32.56,46.46,20.98,106.15,38.49,48.64,76.64,5.19
Maize,22.71,27.12,87.02,90.07,17.73,25.71,20.31,28.16,46.58,27.23,26.19,85.06,51.93,40.65,76.1,6.44
Maize,17.22,31.83,69.8,90.96,19.08,25.88,20.11,28.16,43.66,26.99,29.35,86.87,52.51,42.29,70.6,6.65
Rice,23.16,33.04,150.08,170.12,22.64,25.96,24.45,30.51,30.66,36.77,32.57,104.34,49.03,46.53,86.27,4.86
Maize,19.92,27.07,67.82,111.44,18.91,24.41,22.64,28.61,38.52,16.17,45.31,63.17,43.72,53.24,63.6,6.56
Rice,23.77,32.48,129.96,175.94,20.34,26.58,25.69,29.46,27.54,40.4,32.06,128.98,49.71,50.27,81.09,5.6
Wheat,15.2,25.01,57.71,75.21,17.06,23.23,19.85,24.78,40.42,27.12,32.46,95.56,49.34,42.48,51.83,6.61
Rice,23.23,34.32,142.65,163.35,20.46,23.76,24.1,31.85,24.74,38.88,36.38,102.55,53.33,49.59,78.25,6.01
Wheat,13.36,23.85,61.87,88.95,16.9,19.4,19.25,26.34,41.58,24.42,34.0,89.58,37.12,50.29,56.55,7.5
Wheat,20.66,21.23,56.87,70.29,12,18.67,19.34,26.28,39.86,27.53,32.61,79.58,43.64,38.02,58.67,6.42
Wheat,12.96,26.05,46.85,88.23,14.16,22.18,21.56,26.36,37.79,30.31,31.9,106.25,52.52,46.25,47.64,7.15
Wheat,14.16,22.79,68.58,83.4,14.67,20.98,22.15,24.18,41.15,26.12,32.73,95.78,49.37,49.49,63.4,6.58
Sugarcane,21.73,29.52,99.39,120.02,22.38,25.52,23.97,29.59,37.19,43.94,18.87,152.91,64.21,49.4,76.05,6.73
Maize,19.06,30.08,73.34,91.74,18.21,25.7,19.9,27.33,45.23,23.31,31.46,102.22,44.03,45.86,68.62,6.14
Maize,19.57,27.11,70.27,104.2,17.98,23.66,22.02,31.62,47.03,23.54,29.43,103.54,48.12,44.22,61.31,6.43
Wheat,15.5,24.91,53.16,95.44,17.7,20.6,20.67,24.36,34.54,29.4,36.06,70.54,49.05,52.13,54.96,6.6
Wheat,18.11,24.34,52.99,79.73,15.32,22.08,22.01,23.2,44.23,22.15,33.62,92.62,41.64,39.3,57.36,6.65
Wheat,15.74,24.86,45.24,76.76,14.25,21.3,21.55,28,41.12,23.09,35.79,103.98,37.43,35.78,54.34,7.22
Sugarcane,22.01,30.84,90.69,151.13,22.25,25.37,25.56,28.23,30.64,33.72,35.64,140.26,50.95,74.27,64.63,6.52
Maize,19.65,27.53,69.97,98.27,19.9,25.12,20.53,29.12,42.0,26.41,31.59,104.05,42.19,46.14,61.26,6.57
Sugarcane,24.39,33.35,90.16,120.39,23.31,27.39,24.54,27.71,36.44,27.83,35.73,110.53,63.32,58.89,60.39,6.38
Sugarcane,18.28,26.67,100.69,147.01,22.97,25.3,26.26,28.3,25.86,40.18,33.96,91.6,61.9,70.56,75.44,6.52
Wheat,16.15,23.39,46.72,86.22,17.6,19.33,21.29,24.46,41.3,27.2,31.5,91.03,40.49,45.86,48.57,6.74
Rice,24.29,33.42,133.0,206.84,23.76,24.73,25.36,31.59,30.72,43.39,25.89,106.85,44.69,41.75,81.14,5.88
Sugarcane,21.84,27.69,93.31,110.58,22.14,25.08,23.28,27.32,38.17,37.42,24.41,133.42,67.03,52.94,79.43,6.34
Sugarcane,21.43,31.92,100.79,121.01,22.34,25.58,22.72,33.92,41.8,36.54,21.66,128.07,64.69,56.65,74.48,6.58
Sugarcane,22.96,32.36,95.36,131.65,21.74,26.11,24.82,29.55,35.0,40.9,24.1,142.74,65.96,55.74,71.81,7.35
Wheat,15.95,21.82,42.69,91.37,14.05,21.82,20.57,24.28,41.54,28.79,29.67,90.32,55.06,46.73,53.23,6.31
Maize,21.75,29.38,79.35,91.0,18.32,21.74,23.28,29.13,44.98,28.71,26.31,77.98,46.43,42.15,58.6,6.2
Sugarcane,22.47,28.53,112.43,110.88,23.88,24.87,24.17,31.38,26.63,38.09,35.28,105.3,55.28,56.39,79.41,6.96
Wheat,13.52,22.97,46.35,90.25,15.23,22.57,21.71,26.25,41.67,25.64,32.69,100.81,49.71,49.62,51.9,6.67
Rice,24.46,31.71,135.17,203.35,22.33,23.5,25.49,32.96,26.64,36.22,37.14,108.29,42.76,49.31,81.22,5.61
Wheat,14.88,20.86,63.03,91.96,14.18,21.71,19.7,23.37,41.86,27.2,30.94,64.82,49.68,50.28,53.14,6.73
Sugarcane,20.75,29.07,95.06,145.87,20.37,29.47,24.91,27.95,30.51,33.77,35.72,131.27,59.69,62.6,83.58,7.06
Rice,24.86,30.35,130.8,155.81,20.57,26.87,25.11,32.05,27.5,32.81,39.69,112.87,39.05,51.87,80.4,5.51
Sugarcane,22.92,31.33,93.24,144.74,20.72,25.07,24.17,30.72,34.13,37.5,28.37,141.98,66.22,47.73,75.4,6.44
Wheat,16.17,22.44,52.71,66.12,15.99,22.08,22.48,25.18,40.85,30.09,29.06,101.14,45.0,38.86,46.53,6.46
Maize,20.58,32.66,80.48,104.14,17.16,24.72,21.01,28.61,45.83,29.66,24.51,79.98,44.48,39.25,63.23,6.28
Maize,23.18,28.89,77.51,103.56,18.88,26.53,24.01,29.91,41.44,17.1,41.46,81.06,34.08,46.79,66.02,6.21
Maize,18.11,30.93,64.45,87.87,19.99,25.55,21.54,29.89,55,26.16,18.84,92.57,51.06,34.13,79.01,6.09
Maize,20.56,31.52,87.95,99.24,18.98,23.72,22.25,29.7,37.99,25.2,36.81,81.33,49.5,28.42,68.15,6.64
Wheat,17.46,25.87,56.79,71.97,15.93,22.23,21.87,24.41,42.05,30.91,27.04,89.24,47.2,52.63,61.03,6.94
Maize,20.38,27.78,60.2,94.44,18.6,23.06,23.25,24.85,48.85,27.18,23.97,82.19,44.74,37.78,64.33,6.44
Maize,19.13,30.12,82.91,105.76,19.49,25.52,20.92,27.57,35,25.85,39.15,93.86,42.56,39.73,64.14,6.74
Rice,23.39,31.33,135.71,208.34,20.49,26.35,26.09,31.84,33.38,39.07,27.55,94.28,49.19,55.13,83.26,5.48
Rice,24.23,35.69,136.32,183.28,19.64,27.9,26.22,30.48,35.5,43.78,20.72,94.91,57.46,48.63,77.12,5.38
Sugarcane,21.13,32.54,93.9,135.98,21.95,26.01,24.8,30.93,29.62,33.49,36.89,111.39,61.88,71.12,73.15,6.67
Wheat,15.93,23.19,48.84,69.99,18.04,24.47,18.92,24.7,37.6,32.1,30.3,88.68,41.43,52.31,62.48,6.68
Sugarcane,22.12,30.22,92.21,153.11,21.15,22,23.71,31.95,27.26,37.79,34.95,120.65,57.92,74.08,73.03,6.56
Rice,25.72,30.29,139.19,207.31,20.55,24.33,23.89,33.27,30.31,40.71,28.98,94.81,47.6,44.15,79.62,5.38
Rice,24.23,35.86,133.56,189.5,22.42,24.4,23.69,29.8,28.14,41.7,30.16,114.89,46.49,48.76,83.11,5.58
Maize,20.06,31.97,76.18,94.33,16.84,22.63,21.24,27.23,47.12,22.96,29.92,104.18,33.23,38.7,74.09,5.98
Maize,21.29,30.93,68.16,81.92,17.72,21.19,22.06,28.62,41.55,26.9,31.55,114.62,35.83,37.03,55.22,7.0
Sugarcane,18.07,34.12,106.92,140.07,20.54,24.7,24.64,28.86,33.58,37.28,29.14,140.05,64.33,59.28,79.67,6.71
Sugarcane,18.51,28.71,94.25,139.38,18.6,23.03,21.56,29.89,29.02,40.5,30.48,135.09,58.15,65.92,70.19,7.01
Maize,19.98,28.98,80.19,93.16,21.52,20.93,19.36,29.53,45.43,22.57,32.0,94.48,46.9,48.76,66.0,5.71
Rice,24.78,33.08,175,188.7,22.11,25.15,23.97,30.14,29.33,41.96,28.71,94.52,50.25,48.31,79.35,5.36
Rice,23.03,30.94,137.33,172.17,21.12,28.05,24.79,31.78,26.79,41.68,31.53,104.35,39.89,48.39,87.58,6.01
Rice,24.17,34.32,130.1,191.49,21.32,25.6,26.83,28.74,33.38,38.42,28.2,110.56,40.53,46.59,78.96,6.5
Rice,25.93,34.93,151.18,202.38,20.43,26.91,26.74,32.56,35.56,44.5,19.94,107.86,43.11,46.18,80.17,4.5
Sugarcane,23.21,30.81,103.0,137.28,20.08,24.61,23.63,30.07,29.31,32.35,38.34,112.42,47.6,60.52,71.6,6.31
Sugarcane,25.69,31.89,113.75,113.63,21.85,26.51,22.46,30.34,27.45,35.95,36.6,110.28,52.99,53.89,69.79,6.41
Maize,19.68,26.85,69.37,96.37,18.08,23.2,22.0,26.55,42.49,23.28,34.23,85.69,34.88,44.48,62.24,6.59
Maize,21.05,30.39,81.07,83.68,17.73,25.73,20.75,27.95,50.56,17.26,32.18,102.9,33.59,33.74,59.07,6.24
Maize,21.37,27.58,64.97,92.46,17.24,24.81,19.97,29.47,50.0,20.93,29.07,100.95,37.97,44.24,67.89,6.55
Rice,22.42,29.87,118.61,194.39,21.38,24.47,25.94,32.29,28.95,36.27,34.78,115.33,42.53,45.18,84.25,5.39
Maize,19.91,27.59,83.38,89.87,17.83,23.53,19.75,24,44.17,19.09,36.74,78.4,32.34,41.7,72.87,6.39
Rice,26.36,34.02,143.59,173.07,23.31,23.55,25.17,34.48,26.56,43.7,29.74,101.73,50.2,43.87,85.79,4.93
Rice,21.76,35.17,148.69,186.0,21.3,24.46,24.87,30.55,26.89,37.59,35.52,111.04,49.47,46.26,84.49,5.73
Rice,25.82,30.36,120.61,201.1,21.66,27.01,25.03,33.97,29.48,46.28,24.24,119.26,51.43,44.12,85.54,4.86
Maize,19.14,26.82,64.22,94.9,18.61,23.28,20.93,27.84,42.52,29.02,28.46,75.67,33.76,35.47,64.45,5.57
Sugarcane,21.89,28.39,77.58,127.76,24.7,27.38,21.89,27.48,42.25,31.19,26.56,136.8,53.42,61.74,70.45,6.88
Sugarcane,20.71,29.58,103.92,131.52,22.0,25.41,25.59,30.1,39.62,32.35,28.03,141.52,57.05,73.53,70.88,7.21
Rice,24.33,34.23,152.05,188.51,21.39,22.56,25.43,32.9,24.87,46.26,28.87,92.4,48.46,46.98,87.7,4.82
Sugarcane,22.57,32.4,114.29,138.92,24.37,26.76,22.99,30.8,37.31,40.81,21.88,137.76,52.24,61.96,78.45,7.18
Maize,20.81,29.62,58.59,108.92,20.45,23.92,22.67,30.29,42.01,22.28,35.71,98.6,40.48,33.8,76.25,6.3
Wheat,16.23,22.13,41.97,83.91,15.88,21.78,22.34,24.52,36.94,26.28,36.78,98.17,44.13,43.84,56.54,6.13
Wheat,18.34,24.54,51.66,80.49,16.02,21.36,18.38,24.14,34.41,26.67,38.92,66.6,52.75,49.94,50.27,6.99
Wheat,16.33,24.38,42.74,99.03,18.22,21.45,21.02,25.78,45.04,28.81,26.15,87.9,43.8,42.04,52.92,6.61
Wheat,12.58,23.15,61.08,70.56,16.05,21.85,20.62,25.87,45.71,27.22,27.07,96.97,58.93,48.72,51.34,6.58
Sugarcane,20.29,30.99,93.84,112.78,22.87,27.02,21.76,28.32,27.56,44.24,28.2,139.65,66.82,65.14,67.05,6.67
Maize,19.9,25.92,74.03,105.3,17.72,25.51,23.09,28.19,41.89,23.43,34.68,84.81,47.51,39.43,74.57,6.22
Maize,19.51,32.58,78.21,91.4,18.28,24.16,23.0,24,45.74,18.52,35.74,108.18,45.87,42.18,67.87,6.44
Wheat,13.01,24.95,53.05,95.36,15.65,20.99,21.44,24.93,40.11,29.17,30.72,75.91,43.84,52.61,54.44,6.49
Sugarcane,21.58,27.83,110.31,136.59,20.5,26.21,23.49,28.52,37.8,38.53,23.67,114.94,53.0,62.93,73.37,6.71
Wheat,16.83,23.07,49.95,83.96,14.88,19.1,20.55,26.49,41.94,32.09,25.97,80.07,33.42,44.47,61.62,6.23
Rice,22.31,32.02,116.63,178.43,19.56,25.03,24.6,31.77,23.58,44.91,31.51,113.05,48.82,47.11,88.98,5.57
Wheat,13.37,23.76,55.61,84.21,14.39,21.69,20.46,23.72,41.67,21.61,36.72,93.95,43.74,52.18,58.99,6.97
Sugarcane,21.68,32.09,104.29,138.45,21.13,24.2,23.02,31.03,29.23,30.37,40.4,113.92,68.66,71.8,72.54,6.61
Sugarcane,19.47,27.98,105.72,127.17,22.07,24.81,22.55,31.47,37.02,34.78,28.2,129.17,66.03,62.53,73.25,7.13
Rice,27.54,33.6,132.94,182.9,20.0,28.88,24.9,31.3,32.35,33.45,34.2,131.08,52.66,46.53,84.68,5.37
Maize,20.3,27.94,76.67,106.84,19.29,23.54,18,27.6,41.66,19.72,38.62,81.73,38.17,40.25,53.52,6.11
Rice,25.77,32.72,138.06,193.29,22.42,25.15,23.29,31.43,24.12,35.85,40.03,91.66,47.16,43.67,83.94,5.58
Maize,18.07,30.22,75.14,107.11,18.69,22.8,20.91,31.0,40.79,23.08,36.13,96.53,41.46,42.28,75.99,6.68
Maize,20.94,27.54,84.35,94.91,16.87,25.25,19.98,32,46.33,19.64,34.03,104.87,44.36,34.79,69.33,6.48
Rice,25.39,32.07,128.47,181.31,20.51,26.48,26.64,30.67,29.05,40.61,30.34,96.13,47.15,44.59,75.35,4.97
Wheat,14.6,25.49,49.02,87.25,13.88,22.42,20.51,25.49,37.25,28.15,34.6,93.96,43.96,46.3,52.69,7.15
Maize,18.54,26.97,82.65,92.26,19.51,23.66,19.41,28.72,40.99,18.25,40.76,92.03,32.68,46.2,59.81,5.72
Sugarcane,24.31,30.64,90.42,139.22,22.67,26.71,26.19,32.48,33.32,39.1,27.58,129.91,64.51,63.37,75.28,6.61
Sugarcane,21.61,28.57,96.96,151.77,20.23,27.24,20.57,28.31,22.05,30.8,47.15,100.33,65.35,65.76,63.07,6.44
Wheat,20.09,26.07,44.61,98.18,15.02,21.48,21.02,26.29,40.83,28.37,30.8,76.45,47.71,48.14,59.87,6.69
Maize,20.53,29.21,63.88,93.93,19.15,25.66,20.38,28.52,48.73,24.1,27.17,94.77,38.45,39.29,68.84,6.01
Maize,20.92,30.54,76.21,103.56,18.9,24.87,26,26.24,44.96,17.1,37.94,97.25,42.94,45.05,56.44,6.85
Wheat,11.5,25.08,44.69,95.08,17.62,21.19,21.1,25.24,38.04,25.62,36.34,87.54,36.25,53.67,51.59,6.91
Sugarcane,21.76,32.0,100.35,134.88,23.15,26.8,25.03,30.21,38.01,42.51,19.48,119.07,61.86,52.6,70.42,7.21
Rice,25.44,33.56,142.2,172.75,21.95,24.45,24.32,30.78,25.94,36.44,37.62,101.28,42.48,48.54,83.97,5.17
Sugarcane,24.38,30.52,85.36,128.58,23.33,25.13,24.8,29.99,36.79,40.74,22.47,135.71,58.99,60.98,74.47,6.89
Wheat,16.59,24.15,64.88,65.21,14.66,19.43,19.03,26.21,34.47,26.38,39.15,92.19,54.34,52.11,55.41,6.46
Rice,25.01,32.96,127.63,193.12,19.59,27.13,23.17,33.46,29.69,41.71,28.6,99.18,55.29,45.37,79.41,5.09
Sugarcane,22.75,31.44,108.89,126.04,20.53,23.93,24.13,29.77,31.61,28.97,39.42,128.51,63.39,67.91,78.82,6.88
Rice,24.68,34.05,154.35,195.23,23.08,22.76,25.04,32.64,32.01,45.31,22.68,108.38,43.23,46.84,78.81,5.63
Sugarcane,24.56,31.25,83.01,123.97,20.91,26.01,24.29,30.25,35.31,39.82,24.87,137.03,51.07,60.74,62.4,6.88
Rice,22.73,33.31,140.94,180.29,22.1,24.58,26.18,32.31,35.01,31.44,33.55,131.78,51.73,50.26,89.58,5.18
Wheat,17.14,25.02,44.41,77.53,14.04,21.26,20.86,25.21,43.13,28.07,28.8,81.27,50.44,50.5,64.28,6.96
Maize,19.59,32.09,65.43,101.38,21.07,26.89,24.29,30.26,47.49,24.0,28.51,79.11,38.13,36.18,73.79,5.85
Maize,19.93,29.21,60.25,91.98,18.62,24.63,24.18,27.69,39.14,21.38,39.48,70.91,38.19,39.5,60.49,5.84
Sugarcane,22.55,27.97,102.26,141.57,21.98,25.12,24.45,30.04,40.27,34.48,25.25,138.28,71.95,69.44,72.46,7.07
Rice,24.05,33.58,144.96,174.41,18.05,22.88,25.42,31.08,34.24,39.17,26.59,105.89,38.91,43.5,83.1,5.52
Wheat,15.09,25.35,67.16,77.79,15.88,22.21,20.48,23.95,41.66,32.02,26.32,111.99,43.62,55.4,51.95,6.69
Rice,25.53,32.62,164.52,204.56,22.52,28.31,24.23,34.78,33.88,40.24,25.88,95.31,47.9,44.43,72.97,4.98
Wheat,16.58,24.76,30,78.46,12.53,20.9,21.45,24.19,38.14,32.28,29.58,96.22,38.86,48.45,45.68,6.67
Rice,22.96,31.38,112.05,191.74,20.33,24.97,25.61,33.73,31.68,39.9,28.42,97.57,45.74,45.53,85.03,5.08
Wheat,16.78,24.98,55.31,92.48,16.32,21.25,20.34,24.39,45.96,28.34,25.7,86.54,50.94,42.98,54.33,6.72
Wheat,17.29,24.89,57.97,69.16,16.99,23.43,20.73,25.45,40.76,28.73,30.51,77.83,52.82,41.29,64.9,6.64
Rice,22.78,35.73,125.26,186.89,25,24.45,24.39,31.6,29.21,30,40.79,86.02,43.16,40.36,85.22,5.4
Maize,19.75,29.04,70.12,102.51,19.07,25.28,22.09,29.74,39.3,23.62,37.08,90.0,37.96,25,69.71,6.41
Wheat,13.44,25.85,59.9,92.54,14.76,20.46,18.56,27.05,33.42,27.43,39.15,96.1,43.43,50.6,59.51,7.04
Wheat,15.92,26.24,71.64,90.62,16.49,19.76,19.99,25.06,41.86,21.63,36.51,96.04,48.48,42.13,48.09,6.52
Maize,18.78,25.22,70.36,91.81,18.42,22.67,23.78,27.19,50.95,26.15,22.9,87.64,45.78,42.6,63.36,6.33
Maize,23.24,30.43,66.92,89.28,18.85,25.06,24.84,31.32,43.47,19.14,37.39,92.41,49.8,41.41,70.62,6.32
Sugarcane,19.49,32.85,91.59,159.41,21.17,27.27,23.36,30.98,29.43,36.5,34.07,138.54,49.91,55.49,71.92,6.13
Sugarcane,21.37,28.59,85.06,141.85,20.8,24.96,24.79,30.61,23.21,38.6,38.19,118.14,56.45,45.08,82.12,6.0
Wheat,13.84,23.96,35.23,80.66,19.02,22.11,19.64,25.66,40.64,25.95,33.41,91.06,43.08,41.49,55.0,6.57
Sugarcane,23.72,29.97,101.79,138.11,25.11,28.94,26.48,31.43,34.34,31.09,34.57,140.83,47.03,64.45,66.37,6.43
Sugarcane,21.34,28.61,96.36,124.88,21.55,25.83,28,31.56,29.29,41.14,29.57,113.73,64.97,45.81,70.52,6.58
Maize,19.41,30.43,72.49,107.14,18.64,21.08,24.09,30.72,45.53,19.56,34.91,76.44,42.58,42.46,56.98,6.06
Sugarcane,22.64,28.87,89.57,145.03,25.09,26.67,25.6,30.34,34.12,33.86,32.02,105.05,69.89,57.82,72.76,6.69
Sugarcane,19.33,34.78,100.96,127.12,22.38,25.61,23.48,29.57,38.95,38.32,22.73,115.46,59.79,57.33,69.89,6.85
Wheat,17.33,25.45,61.19,84.72,17.43,21.3,20.33,25.6,39.66,24.05,36.29,98.71,58.22,49.37,48.39,6.46
Wheat,15.52,21.59,41.77,88.47,15.32,20.44,20.77,25.36,42.65,25.73,31.62,86.87,46.04,45.53,53.49,6.75
Wheat,15.05,25.91,59.9,85.02,14.09,22.29,20.24,23.89,44.53,25.12,30.35,82.22,46.48,32.27,57.16,6.8
Sugarcane,23.51,32.6,92.32,116.72,22.7,25.77,24.09,31.37,35.6,32.03,32.37,145.85,59.85,62.47,66.91,6.8
Maize,19.16,32.39,57.32,101.78,19.52,23.72,20.26,29.86,48.91,27.59,23.5,77.9,39.81,41.27,63.0,6.21
Wheat,19.56,21.29,53.5,96.75,17.16,20.55,20.09,26.15,46.7,30.0,23.3,87.45,48.89,45.94,54.29,6.79
Wheat,17.62,24.57,52.77,99.0,15.12,20.99,21.8,25.64,35.95,29.14,34.91,100.23,43.3,37.11,47.57,6.62
Rice,28,29.31,173.9,171.38,19.6,24.46,25.88,32.35,28.54,42.54,28.92,102.56,44.6,43.7,85.46,6.0
Sugarcane,23.47,29.04,86.05,122.45,22.37,25.28,23.18,28.05,22.67,33.13,44.2,145.76,67.41,50.83,60.32,6.8
Sugarcane,20.41,30.29,114.82,119.42,20.05,27.79,24.56,29.4,29.27,40.93,29.8,112.52,51.21,48.2,78.56,6.81
Maize,17.44,29.78,73.03,112.0,18.57,22.91,25.07,28.63,42.53,25.17,32.3,106.61,38.29,34.88,62.92,6.48
Wheat,14.05,22.64,43.76,70.87,15.66,21.03,22.03,22.9,37.64,24.04,38.32,84.65,39.65,47.05,54.69,7.0
Wheat,13.93,23.42,59.39,94.13,17.84,21.71,22.0,27.71,36.52,23.84,39.64,100.92,54.62,35.94,50.55,6.52
Wheat,15.01,25.44,66.7,77.63,17.93,19.05,19.99,25.64,42.23,26.36,31.41,93.09,45.71,50.19,53.78,6.98
Wheat,16.05,23.17,59.12,75.5,13.23,20.46,22.62,24.31,37.1,26.19,36.71,118.09,47.95,38.01,49.99,6.82
Maize,18.89,30.06,78.52,80.4,18.74,23.01,25.06,28.01,45.02,19.69,35.29,99.63,35.22,38.06,50,6.55
Maize,20.3,29.41,81.01,98.3,17.83,26.09,23.55,28.92,45.7,23.77,30.53,83.49,42.89,50.13,62.15,6.45
Rice,25.32,31.61,132.72,184.82,22.08,25.21,24.99,31.47,32.63,44.88,22.49,103.59,49.56,52.05,91.36,5.91
Maize,19.4,31.01,73.31,99.67,19.95,22.59,18.95,30.29,42.7,28.35,28.95,97.9,39.96,42.28,61.41,6.74
Sugarcane,24.3,30.51,90.92,110.62,20.33,27.81,25.75,28.42,25.09,33.79,41.12,138.11,50.08,50.05,77.63,6.59
Maize,16.67,26.67,67.36,94.54,18.58,20.37,20.81,27.84,49.52,29.2,21.28,71.82,41.63,33.24,59.79,6.76
Maize,19.13,29.61,72.98,96.1,18.17,25.37,19.6,27.63,40.92,21.22,37.86,87.28,41.56,47.44,68.27,6.5
Rice,28,30.52,157.79,161.23,21.38,24.67,25.23,32.84,21.67,44.05,34.28,94.49,46.68,51.19,77.86,6.0
Maize,20.97,27.8,80.99,111.01,19.31,24.74,23.29,24,55,20.8,24.2,106.57,55,42.37,58.46,6.13
Wheat,15.4,22.13,50.0,103.77,17.19,21.37,19.88,24.63,42.32,24.44,33.24,102.61,41.63,53.7,46.76,6.66
Wheat,16.45,23.22,30,98.81,12,23.4,19.41,23.37,50,26.71,23.29,88.69,58.18,46.92,53.85,6.52
Sugarcane,21.66,28.73,81.13,137.31,18.82,26.97,25.19,29.36,33.84,37.84,28.32,119.17,51.33,62.11,79.15,6.81
Rice,21.1,31.4,141.81,201.69,23.32,26.59,25.82,28,34.76,37.48,27.76,113.15,47.69,45.96,79.17,5.85
Maize,21.76,28.83,74.03,97.76,17.9,23.66,23.4,29.79,42.2,20.71,37.09,104.37,53.96,52.4,64.93,6.21
Sugarcane,21.56,32.29,94.46,133.71,22.28,27.29,25.74,30.56,27.79,38.44,33.77,118.82,65.8,63.24,76.42,6.95
Maize,19.86,27.99,78.16,98.57,19.85,26.71,20.99,27.78,44.73,23.58,31.69,90.97,38.74,43.29,58.78,5.92
Maize,19.26,30.79,69.09,94.64,19.16,25.02,23.11,31.06,42.09,24.34,33.57,81.01,32.98,46.13,60.57,6.28
Rice,23.18,29.95,143.75,180.05,19.24,24.07,24.66,34.44,33.57,42.6,23.83,114.57,43.1,42.1,77.54,5.09
Wheat,15.2,22.77,55.34,86.56,14.29,22.1,21.47,26.57,32.81,28.08,39.11,82.68,53.82,43.82,43.14,6.91
Sugarcane,24.31,31.68,98.31,106.32,21.14,25.07,25.21,30.02,21.04,32.41,46.55,125.9,59.95,60.51,71.06,6.48
Wheat,13.74,22.81,43.64,93.66,15.93,23.7,23.74,25.03,39.53,24.92,35.55,71.42,42.71,44.55,46.07,6.67
Sugarcane,22.8,31.82,99.5,135.93,24.29,26.67,22.69,30.31,29.89,38.01,32.1,108.83,64.17,52.21,65.83,7.26
Sugarcane,23.06,28.47,96.26,138.86,22.35,26.69,24.03,32.29,39.2,40.88,19.92,120.17,57.02,59.81,72.62,6.23
Rice,20.93,30.22,122.83,172.96,23.34,28.89,25.4,32.55,33.52,43.43,23.05,133.3,49.74,50.3,84.36,5.65
Maize,18.34,25.71,71.85,103.16,18.36,24.16,22.83,29.07,41.83,18.9,39.27,86.96,42.33,41.32,54.69,6.61
Maize,19.28,30.54,69.74,104.02,18.94,24.38,20.15,26.6,46.64,26.42,26.94,77.79,39.55,40.7,66.61,6.42
Wheat,17.65,20.2,58.9,90.56,15.12,20.62,21.0,27.07,45.69,29.95,24.36,77.34,42.43,53.17,52.32,6.64
Sugarcane,23.24,31.39,104.97,146.16,21.04,25.68,20.35,31.68,37.92,35.03,27.05,143.16,68.3,59.25,69.47,6.35
Sugarcane,20.49,33.01,86.61,107.06,22.47,24.83,23.82,27.2,34.6,34.5,30.9,133.97,79.45,65.76,71.54,7.33
Maize,20.94,28.64,60.48,96.23,20.04,24.52,22.61,27.33,40.72,22.56,36.72,88.17,37.99,38.49,57.36,6.71
Maize,18.45,27.98,72.44,110.88,18.42,23.77,21.5,30.69,39.91,18.5,41.59,99.66,37.5,43.6,62.12,6.37
Maize,20.11,27.33,66.24,103.85,18.57,24.46,23.93,30.28,50.11,27.16,22.73,79.93,38.5,47.5,61.47,6.24
Rice,26.14,32.93,143.81,175.32,21.21,23.41,25.02,33.42,32.89,36.37,30.74,87.78,42.45,45.12,80.95,5.46
Wheat,19.34,23.14,54.26,76.46,15.21,21.9,19.57,26.41,30,27.72,42.28,66.97,46.93,42.05,63.93,6.98
Wheat,17.96,21.93,48.28,101.07,18.87,22.02,22.93,26.45,39.31,29.72,30.97,88.42,33.02,44.63,47.31,6.79
Rice,23.41,34.88,132.58,172.04,23.4,27.93,24.7,29.42,28.26,41.95,29.79,96.92,44.92,47.88,88.49,5.53
Rice,25.8,34.76,127.07,197.08,20.03,23.15,25.38,32.87,29.98,35.86,34.16,101.13,50.13,57.3,95,5.15
Maize,23.39,29.94,61.54,90.92,18.01,22.04,23.51,25.76,47.08,21.37,31.55,95.56,41.44,48.43,74.69,6.68
Maize,17.08,30.55,50,96.12,19.0,22.86,21.13,28.83,45.72,15.27,39.01,86.6,25.06,43.62,66.54,6.25
Sugarcane,21.0,32.9,101.78,127.96,23.34,26.22,26.41,29.5,35.48,37.48,27.04,145.58,72.54,60.8,66.38,6.66
Rice,24.51,33.62,143.9,178.49,22.32,27.66,24.64,35.33,34.55,33.38,32.07,96.36,44.11,53.51,81.42,5.13
Maize,21.35,31.79,81.35,100.32,16.49,25.61,21.65,27.23,47.43,24.66,27.91,92.01,32.24,38.64,56.31,5.55
Rice,25.2,32.09,152.18,190.88,22.04,25.96,25.21,30.62,27.79,41.14,31.07,99.94,48.75,51.97,81.35,5.7
Maize,21.35,25.98,71.87,106.58,20.57,22.5,23.95,27.83,42.6,20.67,36.73,91.09,41.67,32.08,72.87,6.46
Wheat,19.93,20,46.72,97.59,12,23.58,21.1,22.55,43.29,28.49,28.22,98.71,38.68,39.52,63.79,6.63
Wheat,15.45,24.45,46.34,83.5,15.0,21.91,20.74,27.24,34.29,28.64,37.07,81.74,51.71,38.67,52.21,6.5
Maize,18.14,27.49,72.43,99.91,18.92,22.51,20.44,28.52,51.84,18.65,29.51,68.35,43.54,38.33,71.63,6.38
Maize,18.03,26.19,62.43,103.95,19.79,24.28,23.51,27.14,47.4,21.29,31.31,97.56,43.31,38.8,60.46,6.0
Rice,27.71,33.12,129.74,167.65,22.84,26.93,26.39,32.55,28.9,35.26,35.84,104.38,43.86,43.68,80.47,5.77
Rice,24.49,32.67,120.46,207.08,23.23,23.8,24.81,32.86,20.61,36.39,43.0,129.38,36.86,50.68,80.56,5.56
Maize,19.83,29.36,64.7,104.26,20.46,23.44,22.26,29.83,43.23,23.58,33.19,87.9,33.7,43.35,63.85,6.35
Wheat,19.78,23.83,46.02,91.82,17.51,20.84,21.87,26.29,41.71,26.93,31.36,60,34.65,47.4,49.42,7.26
Sugarcane,24.42,29.52,108.11,121.13,24.68,25.48,24.95,29.95,30.03,36.68,33.29,109.37,68.14,58.05,69.45,7.25
Maize,19.75,25.47,73.74,110.25,18.6,25.31,21.65,27.97,43.18,21.45,35.37,88.78,43.99,39.22,73.73,6.01
Maize,18.72,29.28,90,104.06,20.61,25.36,19.47,27.26,42.88,30,27.12,87.04,29.18,27.53,70.99,6.83
Rice,25.46,31.47,143.98,188.87,21.62,28.5,25.64,32.43,32.99,39.29,27.72,123.18,49.43,46.25,87.35,6.39
Rice,27.12,32.44,123.5,220,22.1,24.28,26.35,31.67,28.8,46.63,24.57,105.99,52.78,38.88,87.18,5.57
Wheat,18.85,21.04,51.69,83.27,17.32,18,18.7,24.32,46.97,21.48,31.55,90.44,39.64,43.67,47.88,6.63
Sugarcane,19.05,30.17,92.16,128.14,22.46,26.29,25.29,31.99,38.03,35.74,26.23,148.42,62.47,57.52,70.89,7.39
Maize,22.59,30.18,73.72,90.84,20.16,22.14,21.85,25.98,45.82,22.39,31.79,109.36,43.29,37.86,59.01,6.1
Wheat,15.64,24.37,51.58,70.61,17.48,21.88,18,24.24,45.0,28.54,26.46,80.06,50.89,44.74,63.92,6.27
Rice,21.25,36.45,131.11,198.44,20.02,22.25,27.05,29.41,26.07,37.52,36.41,97.59,53.51,47.95,81.57,6.03
Sugarcane,20.63,30.36,105.71,140.73,22.01,24.11,25.1,28.95,29.84,37.31,32.85,120.6,40.42,71.48,74.69,6.52
Sugarcane,21.17,26.09,91.37,116.72,21.49,28.05,25.51,29.64,31.69,41.01,27.3,120.19,60.59,52.23,72.78,6.85
Wheat,15.24,20.42,60.84,86.91,17.73,21.31,21.23,26.34,36.82,28.9,34.28,94.65,46.73,60,53.99,6.8
Wheat,16.53,25.16,48.65,81.05,18.82,23.46,20.2,23.42,41.9,26.04,32.06,74.6,38.31,43.3,54.55,6.33
Rice,23.64,33.14,157.85,191.45,19.81,23.93,25.8,33.22,32.54,33.97,33.49,102.79,44.37,50.05,83.95,4.5
Sugarcane,21.59,30.04,95.57,137.93,23.02,24.13,24.11,27.43,27.83,33.07,39.1,103.18,70.47,48.1,67.12,7.36
Wheat,19.67,23.84,49.34,74.54,17.1,20.68,21.41,22.72,39.46,28.04,32.5,102.52,37.01,40.34,61.35,6.35
Rice,25.39,36.31,130.22,167.96,23.07,24.82,24.39,34.46,28.83,33.0,38.17,105.7,46.57,55.56,85.45,5.07
Wheat,14.82,22.03,60.71,102.05,17.08,19.55,21.25,23.97,36.7,23.91,39.39,93.36,40.06,50.9,59.21,6.65
Sugarcane,22.39,31.42,91.85,137.48,21.42,25.27,25.8,30.08,38.04,31.81,30.15,126.99,71.04,63.75,75.15,6.02
Maize,18.85,30.33,70.77,101.41,18.16,21.27,23.93,27.11,45.08,20.88,34.04,100.56,51.56,54.27,62.3,5.68
Maize,20.23,29.72,76.12,100.75,19.99,21.16,22.27,26.83,42.13,18.13,39.74,97.07,37.32,40.32,74.42,6.65
Rice,23.15,33.95,117.07,187.28,22.13,27.92,25.77,32.22,35.29,41.12,23.59,107.65,46.24,53.62,88.68,5.72
Rice,22.25,33.45,124.95,194.14,23.72,25.65,24.22,30.05,23.44,39.24,37.32,114.74,42.87,52.15,90.79,6.19
Wheat,13.75,21.65,75,74.21,15.66,21.0,20.66,24.3,41.29,24.96,33.75,67.58,39.01,36.66,54.24,6.54
Rice,23.28,34.97,145.78,182.35,21.06,23.33,24.89,30.83,21.55,42.07,36.38,98.68,41.91,47.55,80.39,5.85
Wheat,18.22,25.36,42.69,73.86,15.92,19.16,20.29,26.04,42.64,32.81,24.55,82.02,48.2,36.89,52.04,7.06
Wheat,10.45,23.47,56.55,100.22,16.11,22.9,20.52,24.11,35.37,29.43,35.2,81.91,54.16,50.97,57.92,7.5
Rice,24.66,37.3,126.68,201.1,22.62,24.04,25.68,32.98,28.38,42.42,29.2,102.69,35.19,51.23,76.02,5.43
Maize,18.65,31.68,71.48,93.71,19.08,22.64,19.2,30.2,41.19,26.34,32.47,82.86,35.39,31.34,66.55,5.64
Wheat,19.48,23.68,50.72,97.77,14.96,19.37,22.56,25.5,43.34,27.38,29.28,64.02,45.27,42.58,65.47,6.53
Wheat,14.0,23.02,59.02,87.95,17.01,23.03,20.55,25.1,35.51,25.59,38.9,96.46,55.24,50.39,63.29,7.06
Maize,19.71,28.27,77.97,99.85,18.96,23.99,23.49,27.34,45.83,21.67,32.5,113.24,34.79,31.15,66.43,6.36
Rice,25.19,34.21,116.65,181.65,23.66,30,24.95,32.04,32.52,38.38,29.1,90.31,48.06,47.16,79.66,6.21
Rice,24.18,33.12,139.74,162.49,21.49,22.36,25.15,35.95,30.95,37.72,31.33,98.33,43.45,51.65,78.29,5.09
Maize,17.75,26.7,56.09,99.06,17.42,23.89,21.38,28.92,45.77,22.14,32.09,91.5,38.65,39.13,59.19,6.37
Maize,22.31,26.87,66.56,108.26,18.19,24.01,22.3,26.4,45.59,29.03,25.38,90.22,34.74,45.41,68.32,6.38
Sugarcane,22.71,29.44,102.83,125.88,22.14,24.51,24.59,28.91,31.83,33.73,34.44,110.01,71.53,55.53,74.68,6.84
Rice,25.15,31.41,151.36,166.51,23.15,22.1,24.79,30.87,27.99,43.29,28.72,118.11,48.76,36.54,75.77,5.27
Rice,24.0,35.88,126.26,161.07,21.14,28.02,26.91,33.65,30.72,37.4,31.88,84.56,46.31,45.11,81.62,5.06
Maize,23.96,25.54,84.74,93.52,18.87,26.8,24.98,30.49,48.14,20.84,31.02,99.56,42.44,31.66,57.86,6.23
Rice,20.97,35.99,139.46,213.25,21.21,28.23,24.3,35.44,32.11,44.74,23.15,103.84,39.92,48.69,88.21,6.01
Sugarcane,21.81,31.43,75.63,118.03,22.93,26.9,23.93,30.89,29.23,34.85,35.92,112.12,44.06,47.8,79.17,6.49
Sugarcane,20.49,33.25,101.2,127.2,21.63,26.43,25.59,31.26,39.42,35.85,24.73,103.92,49.64,50.5,79.46,6.79
Maize,22.58,29.85,65.58,99.03,19.09,26.21,24.3,28.72,44.89,20.59,34.52,62.43,33.34,42.42,55.97,6.36
Sugarcane,22.12,27.6,106.84,123.78,24.85,25.86,24.56,29.52,31.99,37.38,30.63,108.45,59.87,59.9,72.47,6.52
Wheat,13.6,23.2,50.8,85.3,17.08,19.59,18.84,25.3,31.66,20.23,48.11,85.67,44.38,41.15,53.96,7.2
Wheat,13.58,24.47,75,76.3,13.61,20.73,21.57,25.83,39.33,32.73,27.94,105.48,43.46,35.39,52.39,7.12
Rice,23.17,33.58,112.12,192.0,22.45,26.3,25.85,32.03,35.39,38.73,25.88,112.07,54.44,48.06,90.62,5.84
Wheat,19.19,23.52,69.27,95.92,14.96,22.24,21.29,24.73,42.39,24.69,32.92,99.0,44.85,45.17,51.21,6.53
Sugarcane,21.46,29.13,116.67,123.3,22.67,26.1,22.82,31.15,30.45,31.74,37.81,117.53,66.51,46.94,68.3,6.08
Wheat,18.3,26.97,62.32,107.9,13.52,20.73,20.68,24.52,43.52,26.73,29.75,94.47,42.79,51.64,60.91,6.87
Maize,20.44,29.76,78.49,114.87,21.21,25.42,21.15,29.07,46.36,19.68,33.96,73.08,39.96,39.26,61.99,6.4
Wheat,17.4,26.29,46.59,81.82,16.08,21.09,20.94,23.13,36.61,28.23,35.16,94.46,39.51,39.26,45.47,7.1
Sugarcane,20.39,30.17,87.44,143.61,20.77,27.31,23.5,26.47,37.41,28.3,34.29,108.35,57.53,55.72,77.3,6.21
Rice,22.45,33.48,136.38,156.84,22.82,24.96,25.7,30.73,33.66,43.2,23.14,119.34,53.74,48.81,85.22,5.24
Rice,21.63,33.41,141.79,187.94,21.5,25.81,22,29.65,27.09,44.44,28.47,121.97,50.97,54.29,82.81,6.17
Wheat,16.75,24.38,55.8,68.02,13.49,23.46,20.97,26.61,40.83,26.6,32.57,96.33,41.8,34.87,58.07,6.91
Rice,25.32,34.56,145.54,186.22,19.76,26.53,27.02,31.31,30.08,43.64,26.28,101.87,50.59,55.87,77.29,4.53
Sugarcane,20.92,30.73,94.19,127.06,22.88,25.82,24.87,30.27,37.68,35.13,27.19,126.31,64.45,68.99,77.65,6.65
Wheat,12.63,25.73,73.82,64.96,17.44,22.18,21.21,25.41,46.8,28.31,24.89,95.9,40.84,53.47,46.9,7.34
Maize,18.08,30.95,76.49,105.19,18.75,24.17,20.01,28.55,39.07,22.7,38.23,100.17,40.35,32.23,54.97,6.19
Rice,25.11,31.14,143.88,191.98,23.83,26.55,25.95,32.12,29.08,36.24,34.68,93.11,51.78,55.9,81.88,6.34
Rice,24.54,31.71,129.16,182.95,20.5,24.48,25.04,31.33,38.85,38.91,22.24,135.52,46.59,44.2,85.58,6.2
Maize,19.74,29.98,71.81,97.52,20.14,26.97,26,28.61,41.61,28.74,29.65,72.75,45.12,38.74,61.49,5.54
Wheat,12.51,24.04,59.92,91.2,15.97,21.49,22.37,25.88,38.1,27.99,33.91,82.5,41.52,40.92,54.79,6.4
Rice,26.97,34.0,159.76,193.0,19.48,24.99,24.99,34.14,20.32,40.12,39.56,109.25,45.1,44.8,83.44,5.58
Sugarcane,23.36,27.87,75.72,142.68,20.81,25.64,24.16,30.94,32.88,32.71,34.41,93.62,48.71,67.54,69.79,6.7
Wheat,19.05,25.23,54.47,90.05,15.46,22.45,20.94,25.88,42.24,24.3,33.46,90.7,30.11,41.92,64.1,7.19
Wheat,12.3,23.66,57.67,86.7,17.61,23.22,20.9,24.44,43.24,26.95,29.81,84.07,42.52,50.43,52.46,6.25
Wheat,16.87,22.87,41.27,92.19,16.42,22.39,21.88,23.24,44.27,26.98,28.75,91.44,32.97,48.12,48.49,6.89
Maize,18.66,30.4,77.57,106.79,18.4,25.3,22.2,30.95,49.54,20.86,29.6,94.61,45.65,31.58,75.39,6.73
Sugarcane,20.43,31.17,95.05,126.34,22.11,24.23,21.9,26,34.89,36.2,28.91,117.83,61.77,61.88,72.59,6.72
Maize,19.01,29.44,66.75,98.0,17.31,23.28,23.73,28.61,40.62,23.61,35.77,100.85,39.13,49.37,58.58,6.69
Maize,19.68,29.37,64.18,89.1,17.89,26.48,23.7,25.77,38.65,26.93,34.42,80.83,43.02,48.95,61.64,5.92
Wheat,13.86,24.65,66.35,105.06,17.71,23.55,21.63,26.26,39.63,29.68,30.69,113.34,44.67,35.47,53.98,6.81
Maize,18.02,32.73,74.45,99.51,18.08,25.9,21.9,24.88,41.44,16.79,41.77,60.47,32.63,42.94,54.2,5.81
Maize,19.2,27.08,77.4,112.16,19.39,21.78,19.65,29.67,47.02,20.03,32.95,90.62,35.6,47.47,75.72,6.64
Rice,22.02,34.24,141.58,187.45,20.5,26.75,24.42,31.14,39.19,39.45,21.36,102.94,52.39,40.33,82.05,5.39
Wheat,15.4,24.64,46.44,79.06,15.73,20.74,20.06,23.7,45.58,21.91,32.51,71.28,39.2,44.39,61.04,6.55
Maize,20.53,25.55,71.5,88.36,18.56,27.69,20.41,26.36,42.07,22.0,35.93,85.08,38.66,32.19,67.05,6.44
Rice,22.95,32.68,126.02,183.42,19.25,26.28,26.17,33.92,32.71,40.39,26.9,125.77,48.26,46.73,81.22,5.66
Maize,22.0,25.74,70.42,88.94,21.09,24.47,24.48,30.6,46.11,22.5,31.39,82.48,37.68,48.42,60.33,6.21
Sugarcane,21.0,28.61,89.05,110.18,19.95,24.7,24.96,27.39,34.26,31.71,34.03,120.87,74.69,54.17,74.11,6.99
Wheat,16.27,23.26,64.86,70.77,16.51,24.04,20.01,25.25,41.17,25.31,33.52,92.42,40.86,48.89,55.58,6.47
Rice,25.92,30.9,127.3,200.04,21.63,26.3,26.45,29.07,30.8,42.34,26.86,127.9,48.49,41.13,88.57,6.22
Sugarcane,22.41,31.01,102.79,131.02,20.65,25.04,25.81,28.37,37.61,37.82,24.57,119.13,51.0,52.11,77.24,6.86
Rice,21.71,33.83,129.11,177.29,24.27,25.33,25.3,32.95,28.43,45.08,26.49,109.7,40.7,49.14,80.79,5.46
Maize,16.99,27.09,81.78,95.99,19.96,25.05,20.66,30.13,44.34,18.48,37.18,76.87,36.88,42.66,63.18,6.17
Rice,23.97,33.74,143.4,169.92,20.91,25.39,24.35,30.05,31.0,33.1,35.9,96.96,47.55,49.43,83.24,5.15
Rice,24.69,29.73,164.35,201.5,23.0,22.7,26.07,29.71,32.47,39.89,27.64,115.15,53.31,52.86,86.13,6.24
Rice,24.84,31.3,124.47,179.79,22.1,27.42,26.48,31.47,25.49,35.27,39.24,122.2,43.56,56.05,85.6,5.61
Wheat,16.79,23.91,36.63,92.36,14.52,23.52,22.16,24.66,39.24,24.01,36.75,90.43,43.54,42.26,70,6.47
Rice,23.64,35.99,123.6,187.76,21.66,22.69,25.15,33.27,20,45.37,34.63,98.52,50.13,50.79,82.61,5.95
Sugarcane,20.56,28.73,95.14,100,21.36,27.4,23.48,27.99,34.68,33.24,32.08,104.32,59.94,46.65,67.44,6.7
Sugarcane,20.86,31.01,89.18,134.6,22.29,25.42,22.32,29.01,37.44,26.94,35.62,132.05,49.16,57.98,72.7,7.05
Wheat,15.6,22.98,45.44,97.31,15.77,22.14,20.78,25.74,47.05,29.87,23.08,88.61,49.58,43.9,59.98,6.95
Sugarcane,23.41,27.85,97.31,143.76,20.15,26.69,22.05,28.1,39.22,37.66,23.12,129.58,55.38,59.58,78.3,6.45
Sugarcane,21.78,31.11,109.02,131.12,22.71,26.53,25.49,29.82,37.92,35.7,26.38,121.89,45.08,51.67,75.96,7.0
Maize,18.29,26.41,74.69,105.89,21.03,23.46,21.18,27.89,39.55,25.14,35.31,74.93,35.09,40.74,57.49,5.59
Wheat,17.71,24.08,47.81,72.52,16.31,21.23,23.42,24.27,42.37,32.1,25.53,93.84,35.59,42.63,56.57,7.0
Maize,21.7,31.71,69.93,97.84,16.12,23.45,23.08,26.36,40.8,25.19,34.01,84.28,44.85,43.12,64.45,5.63
Maize,19.86,26.57,73.35,106.93,18.17,20.66,25.19,30.27,48.71,17.07,34.22,104.77,34.07,43.63,66.79,6.37
Maize,20.56,25.32,76.72,100.36,18.72,22.25,18.74,26.31,47.18,22.42,30.4,100.38,46.68,32.6,70.77,6.55
Rice,21.84,32.09,149.13,187.24,23.29,25.7,23.05,30.9,30.14,36.56,33.3,120.0,48.73,48.11,82.27,5.3
Rice,24.16,29.6,160.11,189.34,20.82,28.38,24.97,32.41,28.35,37.45,34.2,113.46,55.45,48.29,77.16,5.54
Wheat,22,21.56,55.65,81.14,16.81,20.71,20.46,22.81,46.83,26.28,26.89,91.3,36.01,37.14,55.52,6.71
Sugarcane,23.17,28.18,107.2,141.44,23.16,26.42,22.98,30.84,32.03,32.83,35.14,141.2,61.95,46.87,85,7.14
Sugarcane,22.86,29.03,107.92,138.23,23.94,27.26,24.81,30.47,40.5,39.27,20.23,138.56,52.42,48.06,67.74,6.5
Maize,17.21,28.82,74.39,101.61,18.66,24.05,24.27,26.61,49.35,23.41,27.24,109.81,36.65,40.37,64.25,6.51
Sugarcane,21.99,31.66,84.31,130.26,19.99,27.51,23.62,30.76,42.1,36.53,21.37,100.61,78.48,53.86,74.54,7.08
Sugarcane,21.2,26,86.09,150.32,21.4,25.07,24.09,30.97,33.48,31.41,35.11,102.48,49.42,48.39,75.23,6.88
Wheat,13.12,22.16,53.6,97.66,16.08,23.21,21.11,24.49,43.97,25.43,30.6,120,55.93,46.18,50.01,6.27
Maize,18.19,27.64,51.65,105.55,18.93,22.1,22.59,27.35,42.9,21.71,35.39,80.43,28.9,34.79,68.16,6.19
Rice,27.17,35.58,121.72,162.85,23.4,25.3,24.84,31.22,30.31,40.82,28.87,113.93,45.43,41.55,73.58,4.54
Sugarcane,19.97,32.7,99.58,140.05,21.0,26.68,23.71,31.12,26.26,31.33,42.41,105.45,54.68,78.5,74.28,6.77
Rice,25.56,32.28,151.7,193.22,20.22,26.45,25.22,30.66,21.47,43.24,35.29,97.68,49.54,59.03,82.31,5.58
Sugarcane,23.39,30.3,86.42,133.04,23.54,25.77,24.64,31.62,24.26,38.52,37.22,135.59,53.67,56.24,78.77,6.72
Sugarcane,23.57,28.22,116.88,122.71,20.55,24.77,24.08,28.58,34.07,43.18,22.75,106.33,65.7,51.82,72.48,6.18
Maize,21.68,31.52,79.72,96.62,17.94,24.58,21.9,27.69,46.57,21.77,31.66,71.77,38.55,38.12,62.87,6.01
Sugarcane,22.5,31.41,92.26,134.22,20.55,30,25.33,28.24,34.5,38.35,27.15,139.26,54.4,50.33,70.12,6.6
Rice,23.18,34.3,102.9,178.92,19.12,25.76,25.22,32.65,22.28,44.27,33.45,110.25,41.24,54.01,75.77,5.37
Maize,21.8,29.56,77.54,94.94,18.52,23.82,21.59,25.5,44.06,22.54,33.4,101.67,36.9,39.97,60.54,6.33
Maize,21.44,27.57,63.7,96.7,22,23.55,20.89,29.39,46.68,26.5,26.82,69.74,39.21,32.74,62.69,6.28
Wheat,17.2,22.82,51.42,84.59,16.63,23.22,20.44,26.58,36.82,28.03,35.15,74.35,46.8,34.68,55.43,6.97
Sugarcane,21.94,28.05,114.79,139.16,20.83,23.52,23.9,30.04,33.09,34.73,32.18,114.17,49.17,57.02,83.02,6.35
Rice,20,33.16,138.91,174.76,19.64,26.84,25.48,34.53,32.12,39.07,28.81,100.32,53.43,47.59,80.02,5.7
Rice,23.32,28,122.57,175.43,22.69,25.94,24.74,33.08,26.19,41.3,32.51,111.55,46.68,50.84,75.62,5.42
Sugarcane,19.99,32.91,118.33,119.7,20.54,25.1,24.28,30.14,29.88,36.44,33.68,113.6,52.06,71.71,71.22,6.63
Wheat,13.21,25.44,41.53,87.01,17.04,22.55,21.44,23.56,40.41,24.3,35.29,96.48,44.17,39.13,43.07,6.89
Sugarcane,21.16,32.79,101.31,132.95,20.83,26.91,22.18,30.63,30.94,45,24.06,110.68,68.6,57.57,73.8,6.86
Rice,21.78,35.1,131.32,162.06,22.9,25.33,22.6,33.27,30.58,44.97,24.45,89.76,45.61,41.87,78.45,5.94
Rice,25.98,31.59,152.85,180.95,23.91,24.44,24.52,33.09,29.53,38.94,31.53,124.26,51.72,40.82,87.94,5.5
Maize,22.79,25.55,78.3,89.59,19.45,24.01,20.98,27.61,44.46,24.45,31.09,95.45,45.62,39.52,70.85,5.88
Sugarcane,23.86,31.13,94.16,114.79,21.95,26.44,24.58,29.07,26.79,35.54,37.67,114.98,66.64,53.18,73.78,6.68
Rice,21.86,33.18,119.77,170.15,21.87,22.95,25.76,30.69,25.55,38.98,35.47,129.16,44.87,43.09,83.04,5.9
Maize,19.98,29.48,72.44,105.66,18.72,21.52,23.66,27.3,45.03,21.07,33.9,88.59,40.52,38.8,67.99,6.28
Maize,16.12,24.99,70.16,86.34,18.12,24.54,18.85,28.99,52.71,26.05,21.24,88.79,31.32,47.77,68.84,6.05
Rice,21.06,31.83,129.03,184.9,19.42,26.74,25.58,31.42,22.9,42.37,34.73,106.59,35,55.53,81.37,5.76
Sugarcane,20.71,28.93,86.04,129.29,22.91,24.66,21.19,27.39,33.94,36.74,29.32,89.91,50.89,58.03,84.71,6.69
Wheat,14.43,22.31,47.76,77.4,16.86,23.07,19.1,24.65,35.7,30.7,33.6,90.17,45.49,50.0,55.72,6.58
Maize,19.72,32.8,72.32,92.05,19.14,27.43,21.76,28.14,43.28,28.54,28.18,96.63,44.77,44.52,54.85,6.03
Maize,20.1,29.26,74.49,109.33,18.76,23.75,26,27.23,51.1,19.53,29.37,73.53,40.84,36.63,63.99,6.21
Wheat,13.8,22.73,49.6,71.9,18.79,20.63,20.18,24.0,31.37,33.25,35.38,95.24,53.38,46.64,50.35,7.15
Sugarcane,22.77,32.16,91.44,121.44,24.39,24.53,25.7,28.45,32.25,28.23,39.52,121.58,72.43,45.5,69.33,7.12
Rice,23.25,31.9,151.07,164.75,23.63,28.95,24.99,34.21,29.44,44.12,26.44,103.57,46.26,48.69,79.73,5.78
Maize,18.68,24.48,67.83,91.97,20.1,21.6,20.47,30.01,40.04,24.02,35.94,85.53,47.54,46.86,59.25,6.59
Wheat,16.66,22.38,60.63,88.81,17.96,21.46,23.34,24.57,44.34,30.18,25.48,109.12,45.69,41.9,48.23,6.7
Wheat,19.58,26.46,53.31,97.19,12,20.84,21.3,26.06,40.31,28.17,31.52,95.08,44.66,42.23,50.2,7.32
Rice,26.36,31.82,139.87,168.8,23.93,23.75,23.72,30.58,28.69,45.11,26.2,97.42,53.89,59.11,83.8,5.37
Maize,16.86,27.33,56.48,92.58,18.05,24.63,21.58,28.91,43.93,25.12,30.95,103.69,48.62,38.26,50,6.34
Sugarcane,22.58,33.09,101.4,143.75,21.09,27.35,21.04,28.1,30.83,34.59,34.58,117.16,65.89,62.55,70.47,6.37
Wheat,15.51,24.02,46.64,74.15,18.18,22.34,20.2,25.82,38.84,25.29,35.87,98.1,52.6,38.67,59.68,6.57
Sugarcane,24.41,30.37,96.66,128.25,19.56,30,26.25,29.06,31.12,37.08,31.8,112.45,62.57,70.42,75.71,6.86
Sugarcane,21.39,28.91,103.45,127.17,21.75,23.68,22.52,29.8,31.75,31.78,36.47,136.85,54.88,55.82,71.64,6.73
Rice,21.28,31.84,142.15,194.39,24.41,26.32,23.93,30.78,31.68,44.04,24.28,93.92,54.22,46.73,79.29,5.96
Rice,23.0,34.74,135.67,189.19,21.57,26.77,24.05,31.98,30.35,37.23,32.42,107.2,51.04,44.62,86.27,5.71
Maize,19.8,27.24,63.58,99.71,18.02,22.6,22.42,25.53,51.24,25.04,23.72,79.19,52.53,27.28,70.66,6.32
Sugarcane,22.67,32.33,102.01,126.1,19.72,28.88,25.15,28.76,27.8,33.23,38.97,110.16,60.04,62.33,69.12,7.12
Rice,24.92,33.93,134.79,188.94,20.25,28.46,26.95,31.04,28.47,42.62,28.91,95.09,41.7,42.86,77.84,5.62
Rice,22.87,30.68,124.75,169.06,23.05,25.86,23.83,30.71,22.43,46.2,31.37,97.99,53.12,40.36,82.91,5.7
Wheat,18.5,20.59,57.6,89.59,19.28,21.96,18.53,24.0,37.51,23.99,38.5,90.78,47.13,50.88,43.24,6.65
Sugarcane,19.92,29.47,99.71,148.18,24.97,24.92,25.84,27.23,39.22,27.06,33.72,129.15,73.02,48.02,71.77,7.23
Wheat,20.74,21.77,50.45,90.73,13.3,23.94,20.86,24.05,42.14,29.45,28.41,101.65,31.81,46.27,49.05,6.75
Sugarcane,21.12,32.39,95.26,143.13,23.45,25.49,23.3,29.62,20,29.92,50.08,109.29,63.37,71.85,65.87,6.48
Maize,18.65,29.48,66.91,88.28,18.78,23.16,23.77,26.24,41.53,26.47,32.0,83.28,34.06,44.65,66.6,6.5
Sugarcane,23.53,31.73,92.43,137.07,20.83,26.11,22.03,28.3,30.63,30.92,38.45,120.73,48.69,55.32,80.98,7.14
Rice,24.79,34.36,153.86,187.22,21.2,27.89,24.82,30.69,28.05,41.88,30.07,121.38,36.83,53.1,86.73,5.5
Sugarcane,24.88,26.06,99.21,142.9,20.88,24.69,26.18,29.28,26.63,35.28,38.09,121.07,60.73,53.57,76.98,6.74
Sugarcane,22.23,26.33,101.54,145.87,21.94,25.56,22.47,29.26,26.5,27.25,46.25,109.66,68.46,55.29,67.84,7.14
Wheat,15.44,23.58,53.96,84.37,17.39,20.91,19.27,25.17,39.65,28.79,31.56,74.36,30,38.42,52.37,6.51
Wheat,16.78,23.36,53.04,97.97,14.55,18.49,20.97,25.56,38.22,21.38,40.4,72.85,42.79,42.92,55.17,6.57
Maize,19.01,29.61,63.53,98.09,20.07,24.82,23.75,29.52,46.2,29.38,24.42,81.74,25,27.49,77.39,5.91
Maize,16.6,30.4,75.35,98.56,18.8,24.22,22.07,29.12,40.84,27.06,32.1,96.5,37.55,34.07,66.88,6.42
Wheat,17.37,26.1,50.51,86.01,15.2,20.89,20.0,24.35,40.46,30.54,29.0,87.71,41.09,45.16,44.09,6.88
Sugarcane,18.75,28.62,89.46,103.06,23.56,26.55,22.32,29.61,32.31,44.78,22.91,100.24,46.96,56.76,76.82,6.82
Maize,19.32,31.34,59.02,106.99,19.08,22.6,21.29,26.23,45.36,21.96,32.68,93.89,45.89,38.48,65.68,6.0
Maize,20.38,30.06,56.51,89.55,19.08,22.27,20.05,24.03,45.44,25.98,28.58,77.05,41.41,32.74,68.49,5.7
Wheat,13.77,20.98,48.51,66.23,17.39,21.16,18.98,24.19,40.27,25.59,34.14,99.06,41.43,43.31,52.78,6.71
Maize,20.57,29.25,73.33,100.4,20.82,24.88,20.72,26.54,42.73,24.43,32.84,91.57,31.01,41.67,60.81,5.62
Rice,24.91,32.63,147.5,183.63,19.69,26.28,26.0,34.1,28.34,42.49,29.17,102.97,48.12,46.31,75.75,5.63
Rice,25.35,34.6,112.74,195.46,20.72,28.26,26.21,33.74,30.09,34.17,35.74,117.09,42.28,37.11,83.18,4.99
Wheat,20.19,22.08,48.72,85.72,16.11,20.07,20.15,25.97,33.79,22.38,43.83,86.65,44.86,32.02,51.56,7.01
Wheat,14.26,24.48,52.99,76.73,14.37,20.11,19.33,23.52,35.28,22.34,42.38,98.57,36.57,45.1,51.29,7.48
Sugarcane,25.4,28.86,103.37,142.03,21.21,27.49,28,32.01,41.5,37.61,20.89,106.79,64.21,62.26,69.94,6.89
Maize,21.11,30.65,62.76,117.24,18.69,22.25,20.5,28.73,48.05,20.24,31.71,87.6,40.76,25.94,59.55,5.81
Sugarcane,21.74,30.72,107.29,117.52,21.09,24.99,21.31,27.64,37.16,34.57,28.27,138.02,61.01,58.2,76.35,6.0
Rice,22.21,35.03,149.51,200.99,21.96,26.36,25.02,29.27,25.33,30.37,44.3,112.14,44.26,44.45,77.56,5.47
Sugarcane,19.03,29.03,102.41,132.57,19.46,27.45,24.57,29.68,29.04,41.55,29.41,128.52,63.57,59.03,69.38,7.32
Sugarcane,20.15,31.79,105.41,137.39,19.25,28.99,25.71,29.91,20,36.28,43.72,113.95,59.88,62.44,68.67,7.06
Maize,20.09,28.66,76.45,94.74,20.14,26.73,22.46,29.21,49.71,24.53,25.76,63.52,38.29,26.99,65.85,6.46
Rice,26.28,32.32,145.87,180.18,20.64,28.11,23.56,32.47,31.75,30,38.25,103.63,50.08,51.99,85.97,5.72
Maize,19.13,25.04,64.89,100.01,18.3,24.67,24.26,27.8,48.09,24.09,27.82,79.3,48.47,38.8,64.82,5.58
Rice,26.46,28.04,114.53,174.98,22.47,23.39,24.04,33.94,26.43,39.36,34.21,120.58,44.46,52.57,82.93,5.14
Rice,22.92,35.43,175,181.43,21.92,26.78,25.11,31.73,28.95,39.83,31.22,117.64,40.19,43.13,83.68,5.53
Wheat,20.51,20.84,55.82,64.21,14.07,24.15,22.09,22.59,42.71,25.9,31.39,89.93,41.28,48.42,66.1,6.95
Sugarcane,21.21,29.26,104.77,141.12,21.12,25.51,23.58,31.5,38.9,36.63,24.47,97.34,71.32,62.91,64.49,6.45
Rice,23.68,32.25,127.66,184.32,20.71,27.99,27.46,30.78,25.78,38.96,35.26,105.64,49.67,50.42,78.68,5.27
Maize,20.42,27.67,67.63,100.67,18.09,23.45,23.35,28.82,49.3,17.76,32.94,98.57,34.38,37.55,74.18,6.27
Rice,23.98,35.69,153.21,177.95,22.86,25.97,26.43,31.39,29.76,41.6,28.64,111.1,44.66,39.68,76.43,5.95
Wheat,15.94,25.96,37.61,91.44,16.19,22.83,19.02,25.0,42.9,25.88,31.22,103.25,53.15,40.38,53.32,7.3
Maize,19.39,29.68,76.5,104.76,18.96,22.59,20.39,26.47,43.94,22.15,33.91,81.5,38.6,46.17,69.41,5.81
Maize,20.0,27.23,71.31,91.84,19.4,24.75,21.68,29.02,46.65,23.53,29.82,97.66,42.36,30.87,60.51,6.23
Wheat,18.92,25.33,52.57,94.21,15.3,20.27,21.81,23.7,33.85,26.83,39.32,94.01,44.85,42.82,52.25,7.09
Wheat,21.21,23.81,52.24,98.65,16.95,21.91,18.63,24.5,39.15,31.22,29.63,92.58,35.92,42.8,65.25,6.67
Maize,19.15,32.54,65.16,98.67,18.86,24.24,20.97,30.03,44.95,25.22,29.83,80.7,36.81,49.57,67.24,6.25
Rice,20,33.35,141.25,178.01,23.04,27.81,26.29,33.81,21.4,43.4,35.2,113.93,45.6,48.82,88.01,5.48
Sugarcane,22.14,27.79,98.54,133.88,20.98,26.77,26.11,31.75,30.51,38.5,30.99,136.43,49.54,59.19,74.69,6.68
Maize,18.99,30.33,73.83,104.71,19.65,20.91,23.25,27.14,49.69,18.81,31.5,116.04,50.02,39.29,72.91,6.05
Rice,22.61,32.46,117.51,150,21.57,24.41,24.04,31.77,37.13,30,32.87,107.39,44.39,50.6,78.57,5.95
Sugarcane,23.01,30.98,96.81,134.78,21.15,27.28,20.59,29.23,20,34.82,45.18,87.29,51.96,76.46,68.19,6.71
Sugarcane,19.17,30.37,88.26,134.02,21.71,26.92,22.55,30.07,28.62,41.15,30.23,106.29,71.22,55.15,67.04,6.54
Wheat,13.47,22.88,39.58,74.69,13.43,19.4,19.13,24.37,37.68,24.77,37.55,81.8,37.64,47.87,54.71,6.62
Maize,18.81,27.28,64.64,90.94,19.76,24.38,21.27,25.31,48.81,26.25,24.94,85.14,33.35,44.36,68.01,6.43
Maize,20.13,27.33,79.32,89.26,19.53,24.22,21.62,28.8,42.03,18.56,39.41,79.79,35.99,39.03,63.36,5.99
Rice,24.01,31.03,140.29,171.07,21.38,27.01,25.45,32.95,32.37,39.57,28.06,101.89,37.79,48.89,77.17,5.37
Wheat,15.01,24.78,50.57,93.31,14.41,20.09,22.36,25.24,37.27,35,27.73,60.27,45.14,43.91,59.26,6.85
Maize,19.63,28.4,81.91,108.11,18.84,22.74,22.04,26.38,45.98,22.08,31.94,80.25,38.19,35.43,61.11,6.14
Maize,17.61,30.0,70.27,98.6,19.52,22.75,20.69,27.28,48.53,20.12,31.35,81.45,47.0,46.99,62.8,6.28
Maize,17.46,30.11,75.57,101.72,17.95,22.05,23.27,24,41.28,18.65,40.07,95.92,37.44,37.54,78.31,6.44
Rice,22.93,31.82,136.57,186.13,22.19,25.35,24.66,32.59,26.26,40.28,33.46,104.96,47.61,44.62,82.24,5.83
Rice,22.5,32.95,154.32,203.39,20.72,27.14,24.55,28.9,25.78,44.9,29.32,121.49,48.05,43.11,83.53,5.63
Sugarcane,22.99,32.56,90.44,113.0,21.21,26.52,24.08,31.67,29.43,32.72,37.85,116.84,52.5,58.48,66.44,6.81
Rice,22.59,32.3,114.73,184.98,20.45,25.73,22.06,33.47,33.1,45.61,21.29,87.85,40.75,46.3,72.4,4.85
Wheat,14.59,23.07,44.92,97.34,18.3,21.26,22.37,24.63,38.2,26.01,35.79,86.37,40.03,49.18,58.71,6.36
Rice,23.78,28.3,137.25,178.05,19.65,28.32,26.51,31.4,31.47,40.9,27.63,114.29,47.52,38.05,80.35,5.85
Maize,20.4,31.26,60.42,95.54,19.38,23.4,24.1,26.19,46.62,26.05,27.33,97.38,50.22,35.02,60.64,6.75
Wheat,17.18,24.14,64.12,90.84,18.4,21.42,21.13,26.04,34.84,28.47,36.69,103.9,43.0,56.32,55.69,6.75
Sugarcane,20.18,29.78,93.08,114.1,19.44,28.23,22.89,29.55,29.73,38.71,31.56,141.48,55.49,64.04,71.86,7.16
Sugarcane,21.17,32.68,104.4,140.16,21.73,27.73,25.01,31.18,45,39.72,15.28,126.75,60.79,58.57,65.81,6.75
Wheat,12.89,23.8,57.0,79.17,13.7,23.04,20.5,24.51,42.96,27.47,29.57,90.19,51.18,46.58,53.0,6.95
Maize,21.85,28.55,66.47,91.76,20.84,27.38,20.32,26.34,45.87,20.11,34.02,86.73,44.67,40.33,63.99,6.49
Rice,23.95,34.09,130.07,171.51,20.66,25.45,25.26,31.03,32.02,39.59,28.39,104.71,40.85,45.46,73.76,5.24
Wheat,17.15,23.0,46.04,80.3,16.8,21.15,23.8,24.02,41.4,29.45,29.15,76.81,49.61,53.53,58.03,7.0
Sugarcane,25.76,31.23,109.42,116.53,26,26.78,25.52,29.29,35.57,33.73,30.7,113.85,63.63,61.12,78.3,7.13
Wheat,18.77,24.59,69.6,87.75,14.57,22.94,19.04,25.72,31.83,35,33.17,104.38,48.21,36.29,56.23,6.71
Rice,20.48,34.19,168.51,190.19,22.7,28.6,26.25,35.64,24.17,41.82,34.01,99.55,45.79,49.92,74.43,5.5
Rice,24.15,32.36,133.85,189.79,21.98,25.44,24.87,31.03,40,39.16,20.84,101.21,45.5,50.96,84.93,5.29
Wheat,10.83,22.5,61.94,97.79,16.34,25,22.23,27.17,42.77,27.07,30.16,106.0,49.99,36.96,45.4,6.53
Rice,22.99,30.12,126.87,187.19,21.96,29.14,23.03,29.63,25.68,40.87,33.45,95.51,52.36,43.02,74.91,5.82
Sugarcane,22.91,29.98,104.03,133.74,22.78,26.24,21.64,31.91,24.76,27.86,47.38,134.48,67.17,59.21,72.41,6.59
Wheat,17.57,25.39,55.55,82.59,17.95,20.52,22.68,24.77,41.89,28.05,30.06,99.18,55.96,31.41,53.85,6.63
Wheat,14.16,23.6,52.74,90.62,15.66,22.13,20.55,25.65,38.94,24.06,37.0,94.84,48.42,53.62,53.3,6.27
Rice,24.25,33.57,164.74,183.46,20.68,25.07,26.24,32.94,34.2,41.7,24.1,115.76,44.26,50.23,85.5,5.54
Wheat,14.64,23.89,59.24,77.77,15.53,18.92,19.7,24.32,36.67,30.36,32.97,94.99,52.16,44.89,56.57,6.8
Wheat,15.69,27.1,48.77,80.49,12,23.98,20.56,23.59,41.68,29.11,29.21,105.85,52.41,45.65,46.39,6.88
Wheat,10,23.03,44.26,93.76,17.06,19.79,22.02,23.8,42.27,22.96,34.77,88.97,43.24,45.69,59.91,6.94
Wheat,16.03,23.14,57.49,84.75,15.8,21.47,20.24,23.95,44.49,31.42,24.09,87.09,36.69,48.59,60.03,6.52
Sugarcane,22.51,28.0,99.43,135.63,22.78,26.23,26.79,31.3,39.65,33.29,27.06,122.84,50.88,41.78,83.45,6.44
Rice,24.81,36.28,148.56,175.51,21.65,26.66,23.33,31.08,34.21,43.0,22.79,130.53,41.81,50.05,84.07,5.89
Rice,27.13,31.59,143.32,218.62,23.29,24.93,23.17,29.51,33.39,47.44,19.17,117.87,46.96,46.58,79.6,5.16
Rice,26.06,32.25,175,186.35,19.59,22.73,24.12,34.31,27.63,36.29,36.08,107.03,35,44.37,81.05,6.05
Sugarcane,22.08,34.93,91.51,112.01,23.61,23.68,24.55,29.01,30.05,33.35,36.6,138.73,56.33,68.5,68.72,6.99
Wheat,16.47,24.57,61.12,74.91,16.2,24.59,21.83,26.04,33.51,25.36,41.13,89.77,49.61,55.82,55.64,7.12
Sugarcane,21.54,32.51,93.71,107.62,20.31,26.43,22.79,31.34,30.38,31.29,38.33,116.69,63.39,61.18,69.48,6.73
Rice,22.24,32.22,164.53,159.56,20.02,26.88,24.83,30.18,36.17,42.33,21.5,80,45.84,53.4,77.5,5.04
Wheat,17.64,22.26,54.13,75.55,14.81,20.59,22.46,26.92,40.0,29.26,30.74,120,44.66,39.95,49.18,7.23
Wheat,18.28,23.42,60.96,70.32,16.16,22.97,21.81,25.99,42.92,32.53,24.55,112.92,40.56,49.77,54.44,7.08
Maize,21.35,26.28,67.76,105.53,20.28,20,22.87,26.73,41.74,24.29,33.97,65.87,48.76,38.68,68.94,6.51
Wheat,13.89,24.46,56.44,75.18,18.76,21.41,21.18,27.18,35.49,35,29.51,80.51,42.07,42.93,46.76,6.83
Maize,19.33,28.38,67.87,81.64,18.08,23.94,22.46,29.86,47.48,26.35,26.17,93.17,36.26,34.83,61.15,6.8
Wheat,10.55,24.06,36.44,82.83,15.91,20.94,19.22,23.66,44.62,26.92,28.46,79.86,43.51,52.73,59.25,6.61
Sugarcane,21.59,32.78,79.73,146.99,21.11,28.0,22.55,29.71,31.27,31.42,37.31,127.39,71.5,67.47,70.96,6.92
Rice,23.38,37.65,137.98,197.16,23.14,25.32,26.08,31.5,27.01,39.62,33.37,89.28,45.65,47.75,71.32,5.02
Wheat,20.15,20.96,56.22,97.43,15.41,20.8,21.21,23.9,42.02,27.69,30.29,83.56,38.85,43.93,42.45,6.57
Maize,18.71,29.19,65.98,99.51,19.16,23.15,23.58,28.96,46.21,20.9,32.89,65.35,34.52,37.76,59.11,6.03
Maize,21.48,29.86,66.22,112.05,20.01,22.59,21.4,26.91,43.9,21.56,34.54,92.56,37.69,44.47,61.82,6.25
Maize,18.73,28.47,69.72,90.64,17.79,23.87,22.35,28.92,48.54,21.7,29.76,80.34,28.43,38.84,70.88,5.81
Maize,17.11,29.06,80.1,112.63,16,22.77,22.13,27.33,48.24,25.95,25.81,98.64,42.9,43.26,63.57,6.2
Rice,23.36,31.72,125.49,169.96,21.94,25.69,24.63,33.37,27.68,42.91,29.41,120.58,48.05,37.82,84.93,4.72
Maize,17.34,30.84,73.31,99.65,20.75,25.72,22.09,29.87,44.95,26.07,28.98,75.07,35.19,48.3,71.35,6.15
Rice,24.95,32.87,146.04,178.81,19.93,24.79,23.36,33.54,33.16,47.85,18.99,104.27,38.25,50.05,84.31,5.62
Maize,20.69,28.09,76.96,94.19,18.55,22.05,19.53,31.51,44.74,23.81,31.45,88.0,37.53,51.25,54.55,6.62
Sugarcane,22.72,27.99,86.43,121.25,22.17,28.02,24.08,30.96,40.31,33.2,26.49,105.78,49.77,60.36,79.06,6.91
Wheat,13.5,21.71,57.3,91.26,17.19,19.61,22.21,26.44,46.94,25.08,27.98,88.83,45.2,49.05,57.2,6.94
Maize,19.71,28.48,59.37,93.65,16.42,24.19,21.74,28.92,38.05,26.91,35.04,87.3,45.21,42.69,67.21,6.35
Maize,22.18,24.83,84.27,94.91,18.45,21.03,20.28,27.31,36.86,21.31,41.83,94.42,31.15,34.0,62.72,6.21
Rice,22.99,34.22,135.47,202.11,21.19,28.75,24.72,32.14,32.59,41.26,26.15,104.41,47.37,42.6,76.76,4.84
Maize,21.37,28.55,78.08,106.81,20.57,22.65,19.5,27.0,50.32,19.44,30.24,78.26,38.56,38.66,61.24,6.59
Rice,25.12,34.07,116.96,220,20.11,29.31,24.96,32.42,36.02,38.99,24.99,106.95,54.49,56.45,83.41,5.25
Sugarcane,20.7,28.84,98.58,139.42,25.39,28.51,28,31.53,32.05,42.38,25.57,140.01,59.78,61.78,73.69,7.11
Maize,19.76,32.54,73.47,113.29,17.99,23.59,20.79,28.86,35,24.89,40.11,99.26,29.39,43.36,60.76,5.88
Maize,21.48,31.01,72.12,97.07,19.74,28,21.09,27.57,45.86,29.23,24.91,101.25,48.75,39.41,58.95,5.83
Rice,22.54,29.9,131.6,166.9,19.96,30,27.91,35.8,28.19,38.66,33.15,106.31,42.01,50.27,77.36,5.39
Wheat,17.71,22.38,37.59,89.8,13.93,22.35,22.24,24.29,41.05,24.68,34.27,92.5,53.35,42.21,64.59,6.65
Sugarcane,23.77,31.34,110.52,145.19,23.11,26.31,23.89,31.82,32.07,32.62,35.31,139.39,59.4,71.69,70.06,6.48
Sugarcane,23.25,32.25,87.32,120.93,21.16,25.34,23.76,31.79,27.18,37.6,35.22,101.53,68.32,43.92,85,6.35
Wheat,15.11,25.36,65.08,77.5,17.0,21.38,22.25,25.13,42.94,24.71,32.35,110.36,54.2,39.16,53.04,6.52
Wheat,13.91,20.65,55.47,71.39,14.03,18.73,19.66,25.68,38.72,24.34,36.94,74.26,34.5,46.07,52.95,6.88
Maize,18.17,32.35,79.23,94.35,16.74,22.49,21.11,24.83,46.17,24.42,29.41,93.0,43.06,40.63,63.65,6.61
Maize,20.17,30.91,59.41,95.56,17.92,26.53,22.71,27.89,48.98,22.03,28.99,101.66,50.49,35.46,65.29,6.51
Maize,19.6,28.42,75.3,101.74,19.99,22.87,22.58,29.03,40.1,25.06,34.84,86.73,38.0,42.57,70.2,6.06
Sugarcane,23.38,30.69,94.64,135.55,20.94,24.79,23.62,30.77,34.15,36.59,29.26,84.34,57.9,55.01,77.52,6.51
Wheat,15.35,24.73,45.62,91.35,16.66,20.46,22.13,24.59,33.11,27.22,39.67,81.64,46.51,44.91,49.57,6.94
Wheat,15.21,23.15,65.38,96.25,17.85,24.74,20.08,22.0,37.23,25.92,36.85,114.28,46.5,44.67,44.18,6.34
Sugarcane,21.31,28.99,117.52,111.96,20.84,22.5,25.65,28.38,30.66,34.77,34.57,131.23,55.09,53.48,66.94,6.6
Sugarcane,21.23,29.11,100.53,125.48,23.09,28.95,21.89,29.96,36.8,38.66,24.54,106.29,59.86,63.11,77.98,6.5
Wheat,15.19,25.41,51.91,90.29,16.67,22.91,19.84,24.59,40.32,27.69,31.99,101.06,45.92,51.75,59.47,6.62
Sugarcane,19.2,32.13,78.26,155.38,23.41,24.44,25.71,29.73,34.95,32.74,32.31,115.9,64.54,60.73,74.44,6.6
Maize,19.26,25.73,73.46,102.38,19.05,23.15,22.5,24.62,41.3,17.57,41.13,98.25,31.2,34.66,67.74,6.56
Wheat,17.6,24.29,65.22,69.59,15.51,21.57,23.44,26.23,44.05,29.57,26.38,102.46,40.43,58.5,57.83,6.45
Maize,22.63,31.22,67.35,106.23,18.15,23.95,19.06,26.43,41.58,20.49,37.93,78.55,32.99,43.34,59.03,6.55
Sugarcane,20.8,33.04,97.71,128.83,23.64,27.03,26.78,29.01,35.83,39.38,24.79,130.02,71.15,58.78,68.87,6.96
Maize,19.19,28.21,67.15,111.67,19.28,23.57,22.07,28.17,48.87,30,21.13,93.58,43.56,44.64,70.89,6.71
Maize,21.04,29.37,73.4,107.79,19.97,24.44,20.57,27.62,47.57,20.26,32.17,106.22,41.34,50.63,56.56,6.71
Maize,18.86,28.73,82.65,92.13,18.75,24.66,21.64,30.83,47.91,24.69,27.4,84.0,43.81,36.75,62.75,6.2
Wheat,17.32,26.24,47.74,79.59,15.49,20.29,21.81,25.86,36.68,32.6,30.72,83.84,43.08,47.26,50.48,6.63
Wheat,12.94,22.56,66.6,89.95,15.04,22.09,21.49,27.35,40.84,27.96,31.2,103.32,47.47,42.3,65.7,6.72
Sugarcane,25.35,28.45,110.56,122.37,21.94,24.34,23.19,30.97,34.33,36.67,29.0,106.24,44.01,53.51,62.1,6.16
Maize,19.97,27.46,65.57,108.06,17.7,26.13,18.48,25.99,46.84,26.58,26.58,98.08,43.22,36.35,64.22,6.01
Maize,23.77,28.6,69.41,86.94,18.72,24.84,21.13,28.23,42.37,20.73,36.9,93.88,37.78,46.02,63.85,6.22
Wheat,19.12,24.58,50.37,73.94,15.11,20.95,18.22,25.64,49.79,25.63,24.58,86.14,47.76,42.48,70,6.25
Sugarcane,20.74,32.11,82.86,140.86,21.31,22.2,21.01,28.51,28.72,36.2,35.08,102.29,63.39,70.14,68.87,6.25
Sugarcane,23.72,32.1,93.91,123.12,20.54,25.78,22.76,32.23,26.09,44.58,29.33,147.69,66.56,64.35,71.35,6.8
Sugarcane,20.51,30.05,103.16,123.34,23.22,28.75,25.31,31.99,35.56,36.44,28.0,140.8,71.9,63.0,77.7,6.88
Maize,20.01,27.85,80.26,96.1,19.61,23.0,25.77,27.01,39.33,18.59,42.08,82.57,52.36,52.51,62.78,6.09
Maize,21.84,27.95,78.9,105.39,19.61,22.39,20.68,28.53,38.32,23.31,38.37,95.78,41.08,29.52,69.94,5.92
Maize,20.33,29.1,67.03,102.82,17.16,22.77,24.89,29.44,49.91,22.34,27.75,82.68,42.86,37.46,58.46,6.32
Maize,18.11,32.73,71.55,94.73,20.41,25.31,25.06,29.54,47.01,25.2,27.79,81.02,40.24,39.68,70.01,5.75
Rice,24.16,32.28,124.89,181.9,19.59,26.98,25.14,31.3,34.45,39.8,25.75,119.53,42.29,37.66,84.61,4.95
Sugarcane,23.12,31.19,75,125.82,22.71,23.02,21.42,27.5,30.36,34.43,35.21,92.84,46.14,49.38,70.53,6.22
Rice,24.64,33.22,116.92,183.08,23.3,26.14,25.87,31.42,36.87,42.0,21.13,99.54,45.34,42.23,75.69,5.49
Maize,18.72,27.24,83.49,106.37,19.21,22.1,21.17,28.4,43.26,20.67,36.07,87.28,39.35,36.88,67.07,6.29
Rice,25.29,36.22,148.4,191.34,23.21,25.2,24.3,29.74,32.31,44.3,23.39,119.18,43.99,48.77,83.01,5.36
Rice,28,36.53,130.26,198.16,21.64,28.79,25.62,31.21,30.64,44.45,24.91,121.57,43.54,44.36,80.93,5.39
Maize,22.07,27.58,70.17,92.96,16.9,23.57,23.31,28.18,45.89,25.54,28.57,89.91,30.89,40.86,65.04,6.25
Rice,27.08,32.5,135.86,166.22,20.41,25.56,23.62,32.14,25.68,35.38,38.94,96.13,43.78,43.51,74.2,4.87
Sugarcane,18.35,29.23,102.72,124.6,22.37,25.01,23.86,29.42,35.4,34.11,30.49,143.7,68.78,61.78,74.82,6.26
Sugarcane,19.96,32.01,110.16,145.51,21.75,25.48,23.09,30.51,21.48,35.11,43.41,109.5,64.83,61.41,74.05,6.57
Rice,23.21,29.77,138.94,183.27,21.27,26.52,25.64,30.28,32.33,41.68,25.99,120.13,49.25,48.32,82.83,6.38
Sugarcane,22.85,29.23,102.82,119.78,23.26,25.43,20.54,31.04,40.23,28.14,31.63,126.54,61.03,67.58,78.2,6.74
Sugarcane,24.17,30.66,106.64,131.26,21.12,26.4,22.53,32.0,34.73,27.27,38.0,120.28,73.23,67.75,75.48,7.13
Sugarcane,22.35,30.45,82.02,136.49,22.89,23.4,23.36,28.63,35.75,26.23,38.02,105.29,72.45,56.5,76.21,6.5
Wheat,15.73,25.12,51.35,70.03,16.53,21.13,20.74,25.14,39.42,26.98,33.6,92.79,51.98,48.94,55.66,6.53
Sugarcane,23.25,30.39,81.81,148.48,20.75,30,26.22,29.33,27.13,39.69,33.18,109.55,56.98,75.2,65.34,6.85
Wheat,17.54,26.51,50.65,72.37,12.8,21.86,19.5,27.61,33.51,23.82,42.67,118.1,46.36,47.91,54.29,7.09
Maize,18.77,32.18,65.31,109.11,19.26,25.06,18.85,27.94,43.93,25.29,30.78,97.01,42.79,36.87,71.1,6.19
Sugarcane,19.89,31.28,111.69,133.79,21.75,24.49,24.11,27.29,32.0,36.37,31.63,128.64,52.67,54.24,63.74,6.91
Rice,25.13,34.02,149.87,172.19,22.14,27.74,22.35,32.95,21.98,47.47,30.55,118.96,48.01,43.07,81.67,5.32
Rice,22.08,29.52,122.36,193.1,21.1,24.89,25.71,32.88,32.28,36.09,31.63,114.46,47.43,47.32,75.91,4.76
Sugarcane,22.25,28.49,95.95,129.7,22.39,23.32,22.18,30.86,38.41,32.49,29.1,117.58,64.24,49.88,71.12,6.62
Rice,23.63,35.87,132.4,190.24,22.91,26.92,24.3,30.33,33.83,35.65,30.52,125.49,48.44,43.91,80.74,5.48
Sugarcane,22.13,29.09,100.82,159.97,22.37,25.9,26.48,30.68,31.09,36.5,32.41,119.49,45.97,59.63,68.38,6.65
Wheat,14.27,24.17,57.15,78.68,17.17,20.5,21.71,26.75,41.75,28.43,29.82,93.86,37.36,45.53,55.49,6.49
Sugarcane,22.33,28.48,90.72,147.94,22.75,26.81,25.1,29.79,31.75,42.9,25.35,116.65,55.71,77.16,69.18,6.32
Rice,25.81,33.7,120.1,177.03,20.91,24.43,25.91,31.13,29.56,36.01,34.43,111.64,56.42,44.15,76.98,5.5
Wheat,14.66,28,50.58,80.44,17.58,21.28,21.3,23.95,33.2,27.36,39.44,108.66,41.23,47.25,61.79,6.66
Sugarcane,24.77,31.36,92.98,136.22,21.3,25.07,24.82,29.78,38.64,28.33,33.03,143.79,48.46,66.68,64.57,6.83
Sugarcane,20.5,28.15,99.55,133.94,21.36,26.02,24.47,29.7,39.1,35.82,25.08,136.77,53.84,77.33,76.59,7.08
Sugarcane,22.65,30.9,112.56,121.44,22.15,24.79,25.76,27.98,21.36,39.63,39.01,137.57,69.71,63.03,79.51,6.68
Wheat,16.53,22.06,60.47,85.03,19.65,21.89,22.64,23.44,40.39,23.78,35.83,88.53,46.94,55.47,44.91,7.05
Rice,28,32.13,150.4,186.32,20.02,25.67,23.38,30.98,31.31,35.09,33.6,106.78,48.62,36.14,82.17,6.5
Maize,18.59,28.99,70.45,88.09,21.03,24.33,19.62,28.12,49.64,27.47,22.89,85.05,32.83,47.76,67.0,6.35
Sugarcane,22.46,32.28,100.99,129.88,20.16,22.04,23.19,30.31,33.68,42.97,23.35,119.16,54.4,65.05,74.7,7.02
Rice,21.92,28,159.56,212.45,19.09,27.36,25.48,31.68,29.21,34.82,35.97,117.45,46.99,60,87.04,5.18
Rice,22.02,35.85,129.15,187.5,20.49,24.7,24.66,33.47,28.87,43.2,27.93,107.06,48.47,45.14,89.12,4.91
Rice,23.32,30.67,159.51,194.75,23.66,25.93,25.41,33.44,29.89,44.21,25.9,97.77,39.76,43.38,79.3,6.21
Rice,25.25,34.03,118.31,171.49,22.09,27.42,25.28,30.89,30.76,34.05,35.19,111.94,46.37,44.83,75.46,5.52
Maize,18.2,29.16,79.5,101.16,20.65,25.51,21.53,27.54,45.6,28.03,26.37,73.72,40.46,51.71,55.43,6.22
Maize,18.21,33.24,69.51,112.08,20.1,23.32,20.72,27.7,42.46,22.64,34.9,84.8,38.77,48.17,72.61,6.8
Sugarcane,22.09,31.23,114.87,137.17,20.73,27.51,23.78,31.33,32.62,39.45,27.93,123.13,55.29,59.49,71.43,6.58
Maize,20.13,29.39,73.21,91.77,17.86,23.21,19.55,29.79,43.45,25.66,30.89,89.81,45.8,35.26,72.7,6.0
Sugarcane,22.3,32.94,91.42,145.72,23.94,24.73,25.56,28.85,20,30.11,49.89,108.7,51.43,74.7,73.51,6.74
Maize,21.79,28.51,73.13,95.35,21.65,25.36,21.64,30.17,40.83,23.74,35.43,88.29,42.01,44.37,74.25,6.15
Rice,25.99,35.46,125.22,185.22,23.63,25.58,23.39,30.96,27.06,40.24,32.7,117.16,46.99,47.7,83.8,5.39
Sugarcane,21.15,28.77,106.74,121.01,21.8,24.42,23.04,29.69,23.88,34.53,41.59,112.46,61.51,57.16,72.85,6.67
Maize,20.72,26.06,76.75,82.65,20.79,22.25,24.3,30.7,40.63,19.82,39.55,86.79,49.3,41.14,67.45,6.71
Sugarcane,22.49,32.82,101.55,129.87,21.31,27.23,25.06,30.69,27.21,29.25,43.54,127.34,69.27,68.81,64.94,6.91
Wheat,15.93,25.43,67.4,85.8,16.7,22.72,20.59,23.65,40.52,29.08,30.4,100.87,35.59,55.73,60.22,6.81
Sugarcane,22.49,29.35,88.2,134.49,20.57,25.24,23.54,30.92,35.45,27.19,37.36,112.38,60.78,69.77,68.68,7.24
Wheat,15.46,21.98,39.74,83.45,15.46,20.78,19.16,25.24,46.96,24.59,28.45,86.59,50.49,48.3,47.13,6.87
Sugarcane,22.8,27.03,92.2,127.8,22.93,25.16,21.94,29.27,33.85,31.12,35.03,150.91,53.85,50.57,71.81,6.5
Sugarcane,22.31,30.14,89.02,132.25,24.94,28.26,22.98,30.87,35.09,35.43,29.48,124.99,63.32,60.01,76.04,6.99
Wheat,17.03,21.79,59.72,84.46,16.64,20.35,22.02,25.62,36.62,25.19,38.19,85.64,50.67,30,57.17,6.72
Sugarcane,20.03,28.64,101.64,141.83,23.44,23.17,23.05,30.39,35.72,28.59,35.69,122.79,62.71,65.66,73.78,7.02
Sugarcane,26,28.52,105.11,104.23,23.35,24.98,24.94,30.54,30.34,35.07,34.59,115.65,56.65,65.25,69.64,7.16
Wheat,20.47,23.38,62.38,102.12,17.92,22.51,21.99,24.05,43.88,32.13,23.99,72.63,50.9,42.92,54.83,6.58
Sugarcane,22.3,32.18,101.02,152.89,20.45,22.69,26.1,28.93,25.61,41.47,32.92,122.78,70.19,71.71,69.43,6.79
Sugarcane,25.04,33.29,98.14,126.9,20.93,27.4,21.09,27.41,30.16,29.57,40.27,135.43,67.43,57.22,72.8,6.73
Wheat,12.59,26.45,61.62,89.14,17.48,22.58,20.78,23.24,43.35,23.06,33.59,105.4,47.68,36.74,55.85,6.61
Rice,22.6,34.85,118.4,176.93,21.72,27.6,26.41,31.77,34.9,33.67,31.43,116.49,49.15,55.64,82.44,5.45
Rice,22.91,35.78,118.94,191.49,22.05,26.57,25.35,33.45,27.63,42.86,29.51,106.91,45.62,45.83,92.46,5.08
Sugarcane,21.88,29.51,103.34,125.32,24.64,25.93,26.34,28.42,31.61,31.01,37.38,126.16,72.06,58.45,69.94,6.63
Sugarcane,21.86,30.88,103.17,121.98,20.96,27.57,26.28,31.15,30.97,43.74,25.29,142.85,55.86,56.95,71.04,6.17
Wheat,13.85,23.63,45.66,84.96,16.81,21.75,21.57,23.02,39.19,27.43,33.38,85.46,46.66,48.85,45.41,6.8
Maize,17.52,30.14,69.5,92.19,17.86,24.53,22.43,29.51,46.96,19.99,33.05,92.09,37.57,46.02,76.83,6.23
Rice,25.67,31.69,124.89,179.23,21.22,29.23,26.02,32.29,22.89,41.93,35.18,102.63,47.88,46.58,76.68,5.33
Maize,19.45,25.41,73.69,101.93,19.15,24.43,20.63,29.89,45.69,22.47,31.84,90.36,44.99,34.62,60.76,6.34
Wheat,16.31,24.4,48.42,102.4,14.99,23.62,22.67,26.14,38.21,27.81,33.98,112.49,48.34,43.1,51.86,6.55
Wheat,18.24,23.25,61.65,84.17,17.2,22.45,21.57,23.76,39.67,24.85,35.48,101.04,45.13,57.01,57.87,6.98
Maize,18.54,29.97,73.49,99.53,20.02,20.87,21.72,28.11,38.21,24.16,37.63,111.48,35.22,44.82,65.43,5.93
Wheat,17.54,23.9,32.24,86.61,15.81,21.99,20.07,24.74,42.03,26.42,31.55,103.71,44.09,42.43,57.19,6.63
Sugarcane,19.43,28.95,105.94,122.48,21.99,27.43,23.84,31.76,32.13,35.89,31.98,116.92,61.4,57.52,71.98,6.67
Wheat,17.64,23.72,54.63,91.38,14.91,22.62,20.99,27.89,45.1,23.4,31.5,86.35,52.62,48.88,47.96,7.16
Rice,25.74,30.94,129.71,171.94,20.65,23.2,24.24,33.79,35.87,48.16,15.97,136.81,49.67,48.52,85.86,4.87
Rice,22.87,32.79,163.05,197.17,18.06,25.66,23.96,32.73,26.22,32.64,41.14,105.89,49.25,50.75,80.55,4.84
Maize,20.09,29.28,71.42,92.14,17.34,25.57,22.85,28.76,48.44,24.83,26.73,86.36,34.63,34.57,56.59,5.97
Maize,23.29,32.46,67.58,90.12,18.47,23.49,22.92,28.98,53.06,19.94,27.0,97.58,29.26,28.17,66.06,6.65
Wheat,17.47,23.03,46.47,91.95,13.57,21.03,20.24,25.08,37.66,30.61,31.73,92.53,45.22,51.81,56.37,6.66
Rice,21.69,35.66,139.38,153.46,20.83,25.48,24.86,30.78,30.22,39.23,30.55,97.15,48.74,42.67,87.32,5.7
Sugarcane,20.48,33.95,101.02,120.59,19.88,26.56,22.6,28.67,30.36,30.2,39.44,119.26,57.77,52.21,73.78,6.54
Wheat,13.47,24.43,47.35,80.79,14.94,21.29,19.92,23.46,46.62,23.2,30.18,94.62,45.75,50.87,58.13,6.88
Maize,21.62,30.67,78.85,103.75,19.18,26.36,22.58,29.35,52.96,25.45,21.59,77.86,49.21,42.49,73.82,6.43
Rice,21.87,31.71,128.83,194.09,19.48,25.06,23.7,34.65,26.96,43.2,29.84,106.68,44.9,48.07,86.82,4.67
Wheat,16.68,24.02,48.08,77.62,16.56,20.8,19.75,24.82,36.08,25.26,38.66,86.83,38.58,49.96,60.08,6.76
Sugarcane,18.39,30.99,94.6,138.9,20.21,25.26,23.7,31.23,28.33,40.52,31.15,134.08,72.87,59.69,68.72,7.1
Sugarcane,23.96,29.64,96.82,103.82,23.88,24.62,25.68,30.08,35.89,39.5,24.61,122.16,67.87,68.02,73.85,6.76
Maize,22.37,30.26,68.82,94.6,16.97,24.48,21.99,25.09,42.36,22.01,35.63,80.85,31.29,36.62,67.48,5.79
Wheat,15.16,24.03,66.69,84.7,19.01,23.24,22.16,24.13,37.1,27.09,35.81,86.48,39.48,47.5,54.6,6.88
Maize,21.76,33.15,82.86,97.15,19.28,23.06,22.56,27.47,42.99,23.4,33.61,97.37,46.0,37.1,72.89,6.45
Maize,19.24,26.0,64.33,105.96,17.44,26.24,20.07,27.66,38.79,23.91,37.3,93.08,34.55,34.47,68.42,6.1
Sugarcane,19.09,27.19,107.14,123.73,23.25,23.14,27.61,29.32,31.76,30.07,38.17,130.72,55.8,68.7,78.93,6.16
Maize,22.26,28.59,75.79,94.7,19.48,23.92,24.39,26.83,43.43,23.71,32.86,87.74,40.6,44.4,63.58,5.89
Maize,20.36,27.85,62.53,98.21,21.73,25.47,22.86,29.1,53.46,22.78,23.76,101.5,38.02,39.9,64.61,6.38
Maize,20.15,28.79,84.46,101.22,20.14,22.38,23.25,29.87,47.21,17.56,35.23,99.21,35.18,47.38,57.47,6.37
Sugarcane,21.68,31.98,107.68,142.28,21.04,25.82,23.09,30.71,31.53,31.14,37.33,107.86,51.73,55.67,72.49,6.22
Sugarcane,23.91,31.26,89.13,120.15,19.84,23.84,24.32,32.34,32.57,32.62,34.81,126.82,65.05,58.41,78.19,6.71
Sugarcane,22.35,27.45,94.99,126.57,23.94,26.24,25.59,26.98,34.04,36.85,29.11,124.33,48.49,53.04,69.95,6.85
Sugarcane,21.48,30.23,88.62,146.75,21.17,27.37,22.07,30.45,29.42,36.88,33.7,121.47,52.27,70.01,72.02,7.28
Maize,20.78,27.22,62.57,110.35,19.78,27.19,20.0,27.2,38.7,24.06,37.24,82.28,35.11,35.63,64.89,5.8
Maize,23.19,27.88,67.15,104.96,17.21,23.52,22.14,27.84,42.97,18.86,38.17,95.99,34.27,40.37,72.01,5.96
Maize,19.68,30.44,70.59,113.66,18.14,25.35,21.99,27.21,44.09,28.16,27.75,91.1,49.73,44.15,61.11,6.04
Rice,23.6,33.35,139.61,182.68,20.16,26.64,25.67,30.92,31.91,34.88,33.21,109.73,49.96,49.96,84.27,5.69
Wheat,15.97,23.08,44.68,87.28,16.46,21.74,21.42,23.53,34.26,21.84,43.9,82.31,43.04,44.68,60.94,6.53
Rice,20.78,34.67,129.08,186.11,23.6,28.49,25.79,30.37,26.72,39.49,33.79,108.94,49.0,48.85,83.2,5.83
Sugarcane,22.37,29.35,90.52,123.26,21.35,28.08,22.68,30.81,26.62,34.91,38.47,110.25,64.96,60.46,73.35,6.36
Sugarcane,20.79,31.04,78.31,110.87,19.08,25.24,24.91,28.76,26.99,35.93,37.08,133.13,64.99,53.75,78.6,6.58
Rice,23.72,33.02,119.76,211.41,21.68,24.61,22.78,29.16,32.27,40.75,26.98,102.47,52.66,44.63,81.17,5.09
Maize,21.34,27.44,58.68,102.31,20.5,27.79,21.95,27.26,45.74,20.27,33.99,95.07,39.99,39.12,58.15,6.38
Maize,18.63,25.44,62.3,110.14,18.1,23.12,23.53,28.81,44.82,24.81,30.37,81.2,39.69,37.35,70.14,6.39
Maize,17.23,28.62,70.69,99.19,18.94,24.15,21.72,28.26,49.14,20.54,30.32,102.51,39.76,44.25,62.56,6.01
Rice,23.71,31.23,138.34,174.83,21.78,25.61,25.2,31.86,33.7,48.0,18.3,98.31,44.85,53.85,82.18,4.96
Rice,24.82,34.04,122.76,167.95,22.4,27.82,25.49,33.89,31.01,37.27,31.72,127.6,39.86,49.89,89.08,5.95
Sugarcane,20.02,30.79,89.46,117.97,22.08,23.4,25.12,32.36,37.06,37.71,25.23,127.07,63.12,62.81,72.68,6.69
Wheat,18.37,25.66,50.46,92.72,16.08,19.81,20.9,23.63,39.38,23.45,37.17,82.39,39.37,47.0,56.12,6.35
Wheat,13.75,22.31,54.35,86.3,16.48,22.99,20.51,25.53,36.58,30.23,33.19,79.08,52.56,48.79,58.22,6.81
Wheat,14.76,28,33.36,73.16,18.88,20.93,21.6,27.54,46.24,25.26,28.5,81.4,41.45,47.46,54.55,6.59
Rice,24.09,31.74,160.72,187.55,22.69,24.41,25.71,35.98,26.89,36.89,36.22,109.34,41.9,53.19,80.13,4.98
Maize,20.74,28.53,71.66,101.63,19.72,24.26,22.33,28.26,40.53,28.87,30.6,83.15,36.56,47.02,59.52,6.28
Rice,23.75,32.55,151.0,168.5,22.12,24.85,25.33,31.76,32.16,40.69,27.15,103.48,49.06,44.27,76.44,5.31
Sugarcane,22.37,31.2,104.54,125.71,20.05,25.47,28,31.91,35.31,33.49,31.2,141.91,48.8,65.92,72.58,6.85
Sugarcane,21.6,30.02,99.54,132.2,18,27.81,24.17,28.4,32.24,30.28,37.48,118.36,53.99,40,79.57,7.19
Wheat,11.98,25.63,55.57,92.53,14.55,20.03,20.77,26.66,39.68,22.05,38.27,90.9,46.1,52.07,57.28,6.8
Sugarcane,23.26,33.3,87.91,120.44,20.28,26.61,25.0,29.32,27.6,34.95,37.45,116.9,80,56.48,69.33,6.45
Wheat,11.91,23.23,40.35,101.42,13.78,21.04,22.77,26.05,45.38,25.29,29.33,83.84,40.3,43.91,53.56,7.2
Wheat,12.76,26.04,52.49,79.51,16.06,20.89,22.21,26.07,45.23,26.0,28.77,93.74,48.25,45.2,61.16,6.04
Maize,19.6,31.94,56.11,89.28,18.58,22.85,21.74,28.17,44.86,17.29,37.85,84.57,41.62,39.13,73.07,6.51
Rice,23.43,32.26,140.67,179.19,21.01,27.83,25.34,31.24,35.76,42.11,22.13,112.25,46.92,44.97,83.75,5.34
Rice,26.26,32.52,117.72,180.72,22.33,25.37,24.05,32.26,25.51,46.33,28.16,99.51,54.18,52.23,85.82,5.22
Maize,21.3,30.9,69.16,102.97,20.21,25.09,22.41,27.02,45.97,16.58,37.45,85.45,39.8,27.44,67.08,5.88
Wheat,17.27,26.32,45.77,85.26,15.91,21.38,21.01,22.94,35.16,29.67,35.17,99.9,48.92,51.78,68.5,6.65
Wheat,19.26,25.0,71.68,68.63,15.11,20.23,22.01,24.41,39.99,27.69,32.32,97.23,37.99,44.43,68.78,7.24
Maize,19.79,27.81,52.63,106.91,19.56,23.96,21.15,25.83,47.16,21.91,30.93,94.86,37.21,43.46,69.04,6.1
Maize,23.6,30.19,70.55,94.85,19.26,25.36,18.46,26.37,48.36,25.66,25.98,74.03,52.35,44.91,62.37,6.38
Sugarcane,24.22,27.97,96.53,124.1,20.96,24.08,24.6,27.18,40.04,31.58,28.38,127.63,70.53,53.58,68.12,6.85
Sugarcane,21.53,28.69,102.65,117.94,19.94,26.83,23.24,30.47,30.43,31.78,37.79,107.64,69.72,56.28,72.23,6.98
Rice,26.88,35.62,132.12,187.8,22.79,27.54,26.21,33.1,32.57,37.68,29.75,114.15,39.53,54.82,80.81,5.6
Sugarcane,20.58,31.99,103.94,144.78,23.88,26.33,22.24,31.71,23.75,44.74,31.51,136.49,59.41,63.28,73.63,6.48
Rice,25.38,33.45,146.65,192.6,20.52,25.18,26.29,31.74,28.57,35.1,36.33,100.62,46.12,49.49,79.95,6.19
Sugarcane,21.74,31.64,96.56,127.25,22.41,24.88,23.77,29.93,42.19,44.68,13.13,130.73,65.8,46.65,72.62,6.87
Rice,20.54,36.44,137.27,191.09,21.95,24.95,25.62,35.26,23.29,45.66,31.05,124.64,43.94,53.7,76.64,5.41
Wheat,16.74,23.64,73.35,100.07,13.76,20.94,21.51,25.94,39.87,29.36,30.77,73.82,31.47,33.56,54.57,6.72
Wheat,17.84,24.29,48.36,93.43,14.12,21.13,20.35,25.89,42.34,26.44,31.22,89.09,46.62,48.15,40.92,6.47
Rice,23.92,32.98,125.75,200.62,21.1,26.49,24.58,30.06,30.05,47.45,22.5,107.85,42.46,44.11,79.64,6.19
Rice,25.88,30.7,149.9,190.9,21.34,22.02,24.34,33.55,26.16,36.17,37.67,116.45,48.25,40.32,83.13,5.6
Sugarcane,22.71,32.7,82.88,141.11,23.17,27.64,23.88,33.56,28.46,44.37,27.17,125.92,60.01,63.97,69.46,6.64
Wheat,14.89,22.86,41.82,83.67,15.98,20.33,23.41,25.86,37.16,22.08,40.76,103.46,43.03,50.36,59.59,6.44
Maize,20.91,27.62,62.46,102.53,19.35,25.97,21.31,29.5,40.98,23.31,35.71,86.26,32.25,45.08,68.55,6.46
Sugarcane,24.27,29.19,92.99,144.61,21.23,23.54,25.86,31.3,34.51,31.32,34.17,148.52,60.58,68.77,75.19,6.73
Rice,22.98,30.28,100,178.94,19.88,25.96,26.54,28.38,34.82,40.53,24.65,118.08,39.93,38.23,93.7,5.8
Rice,24.5,34.9,149.42,179.76,21.57,29.08,24.33,32.74,36.99,38.02,24.99,115.93,40.34,50.75,75.78,5.59
Rice,21.74,31.64,107.83,187.81,20.1,26.44,25.96,33.41,34.82,41.39,23.79,112.49,46.22,39.39,93.41,6.38
Wheat,16.12,25.42,46.9,99.98,18.51,22.1,20.05,26.29,47.31,28.59,24.1,93.54,48.86,51.82,57.62,6.48
Wheat,15.03,26.94,59.67,80.29,17.25,21.24,20.38,24.51,41.58,28.05,30.37,104.19,41.65,44.57,61.12,6.84
Wheat,13.16,24.2,57.45,82.03,13.72,20.43,21.82,25.86,47.02,25.23,27.75,69.95,37.66,39.09,54.85,7.41
Rice,23.62,32.27,160.06,177.14,21.93,26.6,24.73,28.3,26.83,42.1,31.07,87.66,46.21,58.51,78.9,5.49
Rice,24.45,30.64,110.69,192.85,25,27.4,23.8,31.81,21.93,38.71,39.36,108.57,41.14,40.48,81.79,5.82
Sugarcane,22.58,29.93,99.05,125.34,22.26,26.6,25.93,28.19,25.09,30.07,44.84,124.17,74.59,60.72,70.91,6.57
Maize,22.92,29.33,86.96,101.73,16.59,23.96,21.28,25.8,50.16,21.81,28.03,78.13,41.68,35.51,71.01,5.74
Sugarcane,23.28,28.7,87.22,140.69,21.31,23.13,24.95,30.33,32.0,30.08,37.92,140.37,49.92,60.15,74.11,6.99
Wheat,15.64,26.08,62.72,89.25,14.63,21.68,20.69,24.71,33.19,26.1,40.71,75.2,47.78,44.82,59.83,6.31
Wheat,15.93,26.89,44.47,109.55,14.95,20.35,20.21,25.78,39.58,27.27,33.15,89.83,51.73,40.06,44.96,6.64
Maize,19.66,27.71,62.89,107.08,19.93,25.26,22.27,25.76,42.98,27.1,29.92,104.96,44.19,42.46,59.59,6.03
Maize,19.06,27.84,79.44,97.83,18.27,25.34,23.53,27.79,48.27,18.34,33.39,94.82,32.29,36.57,59.41,6.17
Rice,23.4,28.38,136.68,190.36,20.98,25.19,26.35,32.5,28.98,37.28,33.74,114.65,50.02,48.22,89.07,4.95
Rice,25.71,34.53,147.95,185.86,21.91,27.22,26.21,30.85,30.27,45.19,24.54,115.4,47.12,48.83,88.27,5.4
Sugarcane,24.53,31.77,118.42,134.01,21.43,24.89,25.05,29.8,21.86,31.29,46.85,113.37,60.99,72.45,81.07,6.32
Sugarcane,22.72,31.47,101.96,140.13,20.72,28.06,23.45,27.42,37.16,44.25,18.59,137.45,57.5,70.7,74.0,6.9
Maize,21.27,30.07,69.57,118.05,18.75,23.74,21.71,29.8,48.45,22.59,28.96,107.81,42.52,39.84,73.41,6.8
Maize,18.82,29.78,61.2,106.17,17.62,23.66,19.79,28.98,41.14,18.59,40.27,71.62,27.94,40.38,66.95,6.48
Wheat,12.45,22.19,53.69,86.45,16.92,21.65,20.78,26.51,41.96,29.3,28.74,94.19,49.48,52.17,62.58,6.85
Rice,26.4,33.61,127.88,185.64,24.76,27.74,24.82,33.14,34.02,43.09,22.89,107.54,45.89,53.16,84.64,5.87
Rice,26.82,31.79,144.34,186.72,19.56,23.64,25.59,31.5,24.64,35.53,39.83,106.61,52.71,39.39,82.2,5.97
Maize,21.39,28.66,67.92,96.62,17.97,24.31,23.87,29.62,45.1,20.03,34.87,84.21,30.07,29.21,66.11,5.94
Maize,21.95,29.64,66.83,94.44,16.73,24.1,23.19,27.87,49.32,22.49,28.19,92.62,48.57,40.2,65.93,6.25
Wheat,13.15,23.2,62.63,110,17.37,20.4,20.49,26.3,37.03,20.56,42.41,97.37,47.35,46.43,62.2,7.42
Rice,25.03,34.18,155.08,169.52,21.78,22.72,23.94,32.85,20.88,36.56,42.56,83.81,51.58,56.65,75.32,5.4
Maize,21.11,30.56,53.27,96.73,20.4,23.36,23.22,29.82,42.02,19.87,38.11,85.43,30.83,47.97,61.51,5.82
Sugarcane,19.83,29.68,101.86,137.47,21.16,26.89,26.59,31.85,21.52,42.78,35.7,106.28,59.29,57.63,73.53,6.89
Maize,21.87,29.5,64.3,96.54,19.8,21.96,23.46,27.68,47.23,23.21,29.56,97.42,40.71,35.32,74.53,6.18
Sugarcane,21.37,29.33,110.46,124.33,21.34,28.78,26.92,33.55,38.13,41.96,19.91,97.65,63.23,52.18,71.16,6.89
Rice,24.64,32.04,132.82,160.99,22.34,25.82,26.86,29.15,29.47,41.89,28.64,112.04,50.46,44.01,84.91,5.61
Maize,20.57,27.44,61.2,105.6,19.41,24.94,19.25,25.25,44.5,19.79,35.71,81.87,36.49,39.05,64.26,6.16
Sugarcane,19.42,31.31,108.97,129.62,23.74,25.8,25.98,27.52,43.44,32.62,23.94,138.29,65.62,53.01,69.59,6.8
Maize,21.38,30.48,85.67,98.36,18.37,23.8,20.19,26.62,54.98,27.39,17.63,84.91,46.26,42.58,63.2,6.09
Rice,22.05,33.21,154.42,200.35,20.75,24.22,24.56,34.15,33.39,41.43,25.18,118.92,36.03,51.79,71.41,6.27
Maize,21.32,24.8,69.21,100.58,18.58,24.17,20.77,27.34,45.28,22.74,31.98,100.9,34.35,42.16,69.04,6.13
Maize,17.42,26.4,72.01,97.57,19.98,22.95,22.05,26.6,47.58,23.96,28.46,86.61,43.6,42.29,58.33,6.56
Rice,25.3,30.35,115.37,211.75,22.77,25.79,25.27,30.87,33.96,36.93,29.11,114.27,53.4,45.42,84.93,4.82
Maize,17.07,28.46,71.44,107.3,17.32,25.46,23.8,29.42,38.42,27.54,34.04,68.2,43.27,43.07,62.63,6.78
Wheat,13.32,24.73,57.15,89.92,14.88,23.09,21.11,25.84,45.79,27.37,26.84,105.29,48.66,46.72,67.92,6.82
Wheat,14.97,23.0,39.0,100.6,16.81,22.71,20.36,26.75,42.92,26.52,30.56,91.74,53.72,44.92,54.73,6.59
Maize,20.35,29.83,81.77,100.69,18.95,24.18,24.93,30.26,50.51,29.25,20.24,60,51.19,39.09,57.07,6.66
Sugarcane,20.5,29.54,93.25,133.54,21.86,24.88,23.95,30.29,30.23,33.08,36.69,102.71,60.26,59.06,75.42,6.68
Rice,24.73,31.98,142.52,175.66,20.68,26.55,25.07,30.92,32.42,42.9,24.68,116.72,43.72,49.81,75.85,6.03
Wheat,12.05,27.29,62.08,75.76,16.22,22.37,20.41,26.72,41.77,24.93,33.3,84.07,50.95,41.22,58.04,7.21
Wheat,17.09,23.93,45.79,90.23,16.78,20.69,21.48,26.22,39.22,23.05,37.73,81.45,47.29,45.02,68.6,6.19
Rice,22.39,34.21,138.78,200.31,22.43,25.66,24.81,32.74,29.6,40.93,29.47,114.53,39.04,52.13,79.7,5.95
Sugarcane,23.6,29.41,98.66,118.22,21.33,25.17,25.7,30.46,33.56,40.79,25.65,134.99,60.18,78.59,71.6,6.57
Rice,21.34,31.46,143.11,192.18,21.41,23.35,24.68,30.72,31.41,40.76,27.83,100.75,49.89,49.01,74.94,5.45
